maze_type,condition,collision_number,success_maze,completion_time
Maze1,invisible,4,1,119.911
Maze2,visual_only,0,1,19.54578
Maze3,contra_audio,0,1,25.87775
Maze1,const_contra_visual,6,0,120.6076
Maze4,audio_only,0,1,32.52637
Maze1,all,0,1,30.72675
Maze2,const_contra_audio,0,1,24.54474
Maze1,const_contra_audio2,0,1,17.59625
Maze3,visual_only,0,1,20.16229
Maze4,contra_visual,4,1,77.7168
Maze2,contra_audio,0,1,16.66302
Maze1,audio_only,2,1,76.18365
Maze2,const_contra_visual,5,0,120.2743
Maze4,const_contra_audio,0,1,33.54285
Maze3,all,0,1,18.57935
Maze4,const_contra_audio2,0,1,17.62952
Maze2,contra_visual,1,1,45.35706
Maze4,visual_only,0,1,16.72974
Maze3,invisible,14,0,120.1411
Maze1,contra_visual,6,0,120.9574
Maze3,const_contra_visual,8,0,120.9575
Maze2,all,0,1,17.27954
Maze3,const_contra_audio,0,1,18.09619
Maze2,const_contra_audio2,0,1,12.61389
Maze4,contra_audio,0,1,17.61292
Maze3,contra_visual,0,1,35.25903
Maze2,audio_only,3,0,120.6576
Maze1,visual_only,0,1,18.29614
Maze4,const_contra_visual,0,0,120.0579
Maze1,const_contra_audio,0,1,23.37817
Maze4,all,0,1,13.98035
Maze3,const_contra_audio2,0,1,20.3623
Maze2,invisible,5,0,120.5077
Maze1,contra_audio,0,1,13.21362
Maze3,audio_only,8,0,120.8743
Maze4,invisible,4,0,120.9575
