maze_type,condition,collision_number,success_maze,completion_time
Maze1,invisible,6,1,23.34851
Maze2,visual_only,0,1,10.83104
Maze3,contra_audio,0,1,17.79625
Maze1,const_contra_visual,1,1,21.67867
Maze4,audio_only,0,1,18.72926
Maze1,all,0,1,10.6477
Maze2,const_contra_audio,0,1,11.43076
Maze1,const_contra_audio2,0,1,10.08127
Maze3,visual_only,0,1,14.48024
Maze4,contra_visual,0,1,13.56384
Maze2,contra_audio,0,1,11.98071
Maze1,audio_only,0,1,24.04482
Maze2,const_contra_visual,0,1,15.71329
Maze4,const_contra_audio,0,1,14.04684
Maze3,all,0,1,18.51276
Maze4,const_contra_audio2,0,1,13.48044
Maze2,contra_visual,0,1,16.19678
Maze4,visual_only,0,1,11.91425
Maze3,invisible,3,1,57.22116
Maze1,contra_visual,0,1,13.24704
Maze3,const_contra_visual,5,1,49.85599
Maze2,all,0,1,10.21426
Maze3,const_contra_audio,0,1,17.8129
Maze2,const_contra_audio2,0,1,10.13098
Maze4,contra_audio,0,1,12.48071
Maze3,contra_visual,0,1,14.94702
Maze2,audio_only,0,1,31.76001
Maze1,visual_only,0,1,17.81274
Maze4,const_contra_visual,0,1,22.14545
Maze1,const_contra_audio,0,1,12.91388
Maze4,all,0,1,15.39667
Maze3,const_contra_audio2,0,1,21.82855
Maze2,invisible,14,1,46.34015
Maze1,contra_audio,0,1,10.88086
Maze3,audio_only,0,1,36.97546
Maze4,invisible,1,1,19.79584
