maze_type,condition,collision_number,success_maze,completion_time
Maze1,invisible,1,1,57.9243
Maze2,visual_only,0,1,15.33002
Maze3,contra_audio,0,1,20.26227
Maze1,const_contra_visual,0,1,67.20236
Maze4,audio_only,0,1,108.1103
Maze1,all,0,1,13.19714
Maze2,const_contra_audio,0,1,12.54736
Maze1,const_contra_audio2,0,1,11.4975
Maze3,visual_only,0,1,17.34625
Maze4,contra_visual,0,1,22.56177
Maze2,contra_audio,0,1,12.31409
Maze1,audio_only,0,1,81.09937
Maze2,const_contra_visual,1,1,96.1795
Maze4,const_contra_audio,0,1,16.69647
Maze3,all,0,1,17.64624
Maze4,const_contra_audio2,0,1,14.3136
Maze2,contra_visual,0,1,51.45563
Maze4,visual_only,0,1,14.64679
Maze3,invisible,0,1,48.6062
Maze1,contra_visual,0,1,45.87354
Maze3,const_contra_visual,0,1,28.92706
Maze2,all,0,1,13.11395
Maze3,const_contra_audio,0,1,17.99609
Maze2,const_contra_audio2,0,1,12.66394
Maze4,contra_audio,0,1,14.81348
Maze3,contra_visual,0,1,34.24268
Maze2,audio_only,0,1,42.59094
Maze1,visual_only,0,1,12.86389
Maze4,const_contra_visual,1,1,26.56091
Maze1,const_contra_audio,0,1,11.48096
Maze4,all,0,1,15.66333
Maze3,const_contra_audio2,0,1,18.71265
Maze2,invisible,0,1,70.35168
Maze1,contra_audio,0,1,13.29724
Maze3,audio_only,0,1,58.3208
Maze4,invisible,0,1,22.76184
