maze_type,condition,collision_number,success_maze,completion_time
Maze1,invisible,0,1,14.21696
Maze2,visual_only,0,1,10.14782
Maze3,contra_audio,0,1,14.31354
Maze3,visual_only,0,1,15.33003
Maze4,contra_visual,3,1,13.6637
Maze2,contra_audio,0,1,10.48112
Maze1,audio_only,0,1,17.89617
Maze2,contra_visual,3,1,14.93025
Maze4,visual_only,2,1,14.13047
Maze3,invisible,3,1,31.27669
Maze1,contra_visual,3,1,15.18016
Maze4,contra_audio,0,1,14.59689
Maze3,contra_visual,0,1,16.26323
Maze1,contra_audio,0,1,11.03101
Maze4,invisible,1,1,19.04605
