maze_type,condition,collision_number,success_maze,completion_time
Maze1,invisible,2,1,16.24993
Maze2,visual_only,0,1,10.79771
Maze3,contra_audio,0,1,17.9962
Maze4,audio_only,1,1,20.79549
Maze3,visual_only,0,1,14.86351
Maze4,contra_visual,3,1,27.12755
Maze2,contra_audio,0,1,11.19763
Maze1,audio_only,0,1,14.94679
Maze2,contra_visual,4,1,15.21338
Maze4,visual_only,0,1,12.7973
Maze3,invisible,3,1,26.04446
Maze1,contra_visual,3,1,18.29565
Maze4,contra_audio,0,1,17.3963
Maze3,contra_visual,0,1,17.62958
Maze2,audio_only,7,1,78.01669
Maze1,visual_only,0,1,10.4978
Maze2,invisible,2,1,37.65854
Maze1,contra_audio,0,1,14.94684
Maze3,audio_only,0,1,33.87607
Maze4,invisible,2,1,19.76248
