maze_type,condition,collision_number,success_maze,completion_time
Maze1,invisible,0,1,16.24986
Maze2,visual_only,2,1,10.91433
Maze3,contra_audio,1,1,21.54533
Maze4,audio_only,2,1,52.77206
Maze3,visual_only,0,1,15.14674
Maze4,contra_visual,3,1,23.76161
Maze2,contra_audio,0,1,12.51402
Maze1,audio_only,0,1,17.91287
Maze2,contra_visual,0,1,13.93036
Maze4,visual_only,0,1,13.93036
Maze3,audio_only,0,1,28.67722
Maze1,contra_visual,0,1,15.39667
Maze4,contra_audio,0,1,21.09552
Maze3,contra_visual,0,1,17.3631
Maze2,audio_only,0,1,22.57852
