maze_type,condition,collision_number,success_maze,completion_time
Maze1,invisible,8,1,109.7633
Maze2,visual_only,1,1,14.76355
Maze3,contra_audio,0,1,31.50995
Maze1,const_contra_visual,7,0,120.7576
Maze4,audio_only,1,1,40.65796
Maze1,all,0,1,15.66333
Maze2,const_contra_audio,0,1,17.64624
Maze1,const_contra_audio2,0,1,10.66437
Maze3,visual_only,0,1,15.56335
Maze4,contra_visual,0,1,20.84558
Maze2,contra_audio,1,1,18.62933
Maze1,audio_only,0,1,82.61572
Maze2,const_contra_visual,11,0,120.2744
Maze4,const_contra_audio,0,1,16.26318
Maze3,all,0,1,17.09631
Maze4,const_contra_audio2,0,1,16.32983
Maze2,contra_visual,0,1,25.14465
Maze4,visual_only,0,1,15.58008
Maze3,invisible,1,1,36.79211
Maze1,contra_visual,0,1,14.36365
Maze3,const_contra_visual,7,0,120.291
Maze2,all,0,1,11.18091
Maze3,const_contra_audio,0,1,21.81201
Maze2,const_contra_audio2,0,1,11.13098
Maze4,contra_audio,0,1,12.81396
Maze3,contra_visual,0,1,27.02734
Maze2,audio_only,4,0,120.8408
Maze1,visual_only,0,1,16.26331
Maze4,const_contra_visual,8,0,120.6407
Maze1,const_contra_audio,0,1,14.23022
Maze4,all,0,1,15.28003
Maze3,const_contra_audio2,0,1,16.46313
Maze2,invisible,14,0,120.8575
Maze1,contra_audio,0,1,14.23022
Maze3,audio_only,1,1,28.67712
Maze4,invisible,1,1,45.25708
