time,x,y,z,rx,ry,rz,maze_type,condition,collision_status
1691597704234,0.62,0.219,-1.23,0,0,0,Maze1,const_contra_visual_rotation,6
1691597704260,0.62,0.219,-1.23,0,0,0,Maze1,const_contra_visual_rotation,0
1691597704306,0.62,0.219,-1.23,0,0,0,Maze1,const_contra_visual_rotation,0
1691597704310,0.62,0.219,-1.23,0,0,0,Maze1,const_contra_visual_rotation,0
1691597704311,0.62,0.219,-1.23,0,0,0,Maze1,const_contra_visual_rotation,0
1691597704312,0.62,0.219,-1.23,0,0,0,Maze1,const_contra_visual_rotation,0
1691597704339,0.62,0.219,-1.23,0,0,0,Maze1,const_contra_visual_rotation,0
1691597704356,0.62,0.219,-1.23,0,0,0,Maze1,const_contra_visual_rotation,0
1691597704372,0.62,0.219,-1.23,0,0,0,Maze1,const_contra_visual_rotation,0
1691597704389,0.62,0.219,-1.23,0,0,0,Maze1,const_contra_visual_rotation,0
1691597704405,0.62,0.219,-1.23,0,0,0,Maze1,const_contra_visual_rotation,0
1691597704439,0.62,0.219,-1.23,0,0,0,Maze1,const_contra_visual_rotation,0
1691597704455,0.62,0.219,-1.23,0,0,0,Maze1,const_contra_visual_rotation,0
1691597704472,0.62,0.219,-1.23,0,0,0,Maze1,const_contra_visual_rotation,0
1691597704489,0.62,0.219,-1.23,0,0,0,Maze1,const_contra_visual_rotation,0
1691597704505,0.62,0.219,-1.23,0,0,0,Maze1,const_contra_visual_rotation,0
1691597704539,0.62,0.219,-1.23,0,0,0,Maze1,const_contra_visual_rotation,0
1691597704556,0.62,0.219,-1.23,0,0,0,Maze1,const_contra_visual_rotation,0
1691597704573,0.62,0.219,-1.23,0,0,0,Maze1,const_contra_visual_rotation,0
1691597704589,0.62,0.219,-1.23,0,0,0,Maze1,const_contra_visual_rotation,0
1691597704623,0.62,0.219,-1.23,0,0,0,Maze1,const_contra_visual_rotation,0
1691597704639,0.62,0.219,-1.23,0,0,0,Maze1,const_contra_visual_rotation,0
1691597704655,0.62,0.219,-1.23,0,0,0,Maze1,const_contra_visual_rotation,0
1691597704673,0.62,0.219,-1.23,0,0,0,Maze1,const_contra_visual_rotation,0
1691597704689,0.62,0.219,-1.23,0,0,0,Maze1,const_contra_visual_rotation,0
1691597704705,0.62,0.219,-1.23,0,0,0,Maze1,const_contra_visual_rotation,0
1691597704739,0.62,0.219,-1.23,0,0,0,Maze1,const_contra_visual_rotation,0
1691597704755,0.62,0.219,-1.23,0,0,0,Maze1,const_contra_visual_rotation,0
1691597704772,0.62,0.219,-1.23,0,0,0,Maze1,const_contra_visual_rotation,0
1691597704789,0.62,0.219,-1.23,0,0,0,Maze1,const_contra_visual_rotation,0
1691597704805,0.62,0.219,-1.23,0,0,0,Maze1,const_contra_visual_rotation,0
1691597704839,0.62,0.219,-1.23,0,0,0,Maze1,const_contra_visual_rotation,0
1691597704855,0.62,0.219,-1.23,0,0,0,Maze1,const_contra_visual_rotation,0
1691597704872,0.62,0.219,-1.23,0,0,0,Maze1,const_contra_visual_rotation,0
1691597704889,0.62,0.219,-1.23,0,0,0,Maze1,const_contra_visual_rotation,0
1691597704905,0.62,0.219,-1.23,0,0,0,Maze1,const_contra_visual_rotation,0
1691597704939,0.62,0.219,-1.23,0,0,0,Maze1,const_contra_visual_rotation,0
1691597704956,0.62,0.219,-1.23,0,0,0,Maze1,const_contra_visual_rotation,0
1691597704972,0.62,0.219,-1.23,0,0,0,Maze1,const_contra_visual_rotation,0
1691597704989,0.62,0.219,-1.23,0,0,0,Maze1,const_contra_visual_rotation,0
1691597705005,0.62,0.219,-1.23,0,0,0,Maze1,const_contra_visual_rotation,0
1691597705039,0.62,0.219,-1.23,0,0,0,Maze1,const_contra_visual_rotation,0
1691597705055,0.62,0.219,-1.23,0,0,0,Maze1,const_contra_visual_rotation,0
1691597705073,0.62,0.219,-1.23,0,0,0,Maze1,const_contra_visual_rotation,0
1691597705089,0.62,0.219,-1.23,0,0,0,Maze1,const_contra_visual_rotation,0
1691597705105,0.62,0.219,-1.23,0,0,0,Maze1,const_contra_visual_rotation,0
1691597705139,0.62,0.219,-1.23,0,0,0,Maze1,const_contra_visual_rotation,0
1691597705156,0.62,0.219,-1.23,0,0,0,Maze1,const_contra_visual_rotation,0
1691597705172,0.62,0.219,-1.23,0,0,0,Maze1,const_contra_visual_rotation,0
1691597705189,0.62,0.219,-1.23,0,0,0,Maze1,const_contra_visual_rotation,0
1691597705205,0.62,0.219,-1.23,0,0,0,Maze1,const_contra_visual_rotation,0
1691597705238,0.62,0.219,-1.23,0,0,0,Maze1,const_contra_visual_rotation,0
1691597705255,0.62,0.219,-1.23,0,0,0,Maze1,const_contra_visual_rotation,0
1691597705272,0.62,0.219,-1.23,0,0,0,Maze1,const_contra_visual_rotation,0
1691597705288,0.62,0.219,-1.23,0,0,0,Maze1,const_contra_visual_rotation,0
1691597705306,0.62,0.219,-1.23,0,0,0,Maze1,const_contra_visual_rotation,0
1691597705339,0.62,0.219,-1.23,0,0,0,Maze1,const_contra_visual_rotation,0
1691597705355,0.62,0.219,-1.23,0,0,0,Maze1,const_contra_visual_rotation,0
1691597705372,0.62,0.219,-1.23,0,0,0,Maze1,const_contra_visual_rotation,0
1691597705388,0.62,0.219,-1.23,0,0,0,Maze1,const_contra_visual_rotation,0
1691597705406,0.62,0.219,-1.23,0,0,0,Maze1,const_contra_visual_rotation,0
1691597705438,0.62,0.219,-1.23,0,0,0,Maze1,const_contra_visual_rotation,0
1691597705455,0.62,0.219,-1.23,0,0,0,Maze1,const_contra_visual_rotation,0
1691597705473,0.62,0.219,-1.23,0,0,0,Maze1,const_contra_visual_rotation,0
1691597705489,0.62,0.219,-1.23,0,0,0,Maze1,const_contra_visual_rotation,0
1691597705506,0.62,0.219,-1.23,0,0,0,Maze1,const_contra_visual_rotation,0
1691597705539,0.62,0.219,-1.23,0,0,0,Maze1,const_contra_visual_rotation,0
1691597705555,0.62,0.219,-1.23,0,0,0,Maze1,const_contra_visual_rotation,0
1691597705573,0.62,0.219,-1.23,0,0,0,Maze1,const_contra_visual_rotation,0
1691597705589,0.62,0.219,-1.23,0,0,0,Maze1,const_contra_visual_rotation,0
1691597705606,0.62,0.219,-1.23,0,0,0,Maze1,const_contra_visual_rotation,0
1691597705639,0.62,0.219,-1.23,0,0,0,Maze1,const_contra_visual_rotation,0
1691597705655,0.62,0.219,-1.23,0,0,0,Maze1,const_contra_visual_rotation,0
1691597705672,0.62,0.219,-1.23,0,0,0,Maze1,const_contra_visual_rotation,0
1691597705688,0.62,0.219,-1.23,0,0,0,Maze1,const_contra_visual_rotation,0
1691597705705,0.62,0.219,-1.23,0,0,0,Maze1,const_contra_visual_rotation,0
1691597705738,0.62,0.219,-1.23,0,0,0,Maze1,const_contra_visual_rotation,0
1691597705756,0.62,0.219,-1.23,0,0,0,Maze1,const_contra_visual_rotation,0
1691597705773,0.62,0.219,-1.23,0,0,0,Maze1,const_contra_visual_rotation,0
1691597705788,0.62,0.219,-1.23,0,0,0,Maze1,const_contra_visual_rotation,0
1691597705805,0.62,0.219,-1.23,0,0,0,Maze1,const_contra_visual_rotation,0
1691597705839,0.62,0.219,-1.23,0,0,0,Maze1,const_contra_visual_rotation,0
1691597705855,0.62,0.219,-1.23,0,0,0,Maze1,const_contra_visual_rotation,0
1691597705872,0.62,0.219,-1.23,0,0,0,Maze1,const_contra_visual_rotation,0
1691597705889,0.62,0.219,-1.23,0,0,0,Maze1,const_contra_visual_rotation,0
1691597705905,0.62,0.219,-1.23,0,0,0,Maze1,const_contra_visual_rotation,0
1691597705938,0.62,0.219,-1.23,0,0,0,Maze1,const_contra_visual_rotation,0
1691597705955,0.62,0.219,-1.23,0,0,0,Maze1,const_contra_visual_rotation,0
1691597705972,0.62,0.219,-1.23,0,0,0,Maze1,const_contra_visual_rotation,0
1691597705989,0.62,0.219,-1.23,0,0,0,Maze1,const_contra_visual_rotation,0
1691597706005,0.62,0.219,-1.23,0,0,0,Maze1,const_contra_visual_rotation,0
1691597706038,0.62,0.219,-1.23,0,0,0,Maze1,const_contra_visual_rotation,0
1691597706055,0.62,0.219,-1.23,0,0,0,Maze1,const_contra_visual_rotation,0
1691597706072,0.62,0.219,-1.23,0,0,0,Maze1,const_contra_visual_rotation,0
1691597706088,0.62,0.219,-1.23,0,0,0,Maze1,const_contra_visual_rotation,0
1691597706105,0.62,0.219,-1.23,0,0,0,Maze1,const_contra_visual_rotation,0
1691597706138,0.62,0.219,-1.23,0,0,0,Maze1,const_contra_visual_rotation,0
1691597706155,0.62,0.219,-1.23,0,0,0,Maze1,const_contra_visual_rotation,0
1691597706172,0.62,0.219,-1.23,0,0,0,Maze1,const_contra_visual_rotation,0
1691597706188,0.62,0.219,-1.23,0,0,0,Maze1,const_contra_visual_rotation,0
1691597706205,0.62,0.219,-1.23,0,0,0,Maze1,const_contra_visual_rotation,0
1691597706238,0.62,0.219,-1.23,0,0,0,Maze1,const_contra_visual_rotation,0
1691597706255,0.62,0.219,-1.23,0,0,0,Maze1,const_contra_visual_rotation,0
1691597706272,0.62,0.219,-1.23,0,0,0,Maze1,const_contra_visual_rotation,0
1691597706289,0.62,0.219,-1.23,0,0,0,Maze1,const_contra_visual_rotation,0
1691597706305,0.62,0.219,-1.23,0,0,0,Maze1,const_contra_visual_rotation,0
1691597706338,0.62,0.219,-1.23,0,0,0,Maze1,const_contra_visual_rotation,0
1691597706355,0.62,0.219,-1.23,0,0,0,Maze1,const_contra_visual_rotation,0
1691597706372,0.62,0.219,-1.23,0,0,0,Maze1,const_contra_visual_rotation,0
1691597706388,0.62,0.219,-1.23,0,0,0,Maze1,const_contra_visual_rotation,0
1691597706405,0.62,0.219,-1.23,0,0,0,Maze1,const_contra_visual_rotation,0
1691597706438,0.62,0.219,-1.23,0,0,0,Maze1,const_contra_visual_rotation,0
1691597706455,0.62,0.219,-1.23,0,0,0,Maze1,const_contra_visual_rotation,0
1691597706472,0.62,0.219,-1.23,0,0,0,Maze1,const_contra_visual_rotation,0
1691597706489,0.62,0.219,-1.23,0,0,0,Maze1,const_contra_visual_rotation,0
1691597706505,0.62,0.219,-1.23,0,0,0,Maze1,const_contra_visual_rotation,0
1691597706539,0.62,0.219,-1.23,0,0,0,Maze1,const_contra_visual_rotation,0
1691597706555,0.62,0.219,-1.23,0,0,0,Maze1,const_contra_visual_rotation,0
1691597706572,0.62,0.219,-1.23,0,0,0,Maze1,const_contra_visual_rotation,0
1691597706588,0.62,0.219,-1.23,0,0,0,Maze1,const_contra_visual_rotation,0
1691597706606,0.62,0.219,-1.23,0,0,0,Maze1,const_contra_visual_rotation,0
1691597706638,0.62,0.219,-1.23,0,0,0,Maze1,const_contra_visual_rotation,0
1691597706655,0.62,0.219,-1.23,0,0,0,Maze1,const_contra_visual_rotation,0
1691597706672,0.62,0.219,-1.23,0,0,0,Maze1,const_contra_visual_rotation,0
1691597706688,0.62,0.219,-1.23,0,0,0,Maze1,const_contra_visual_rotation,0
1691597706705,0.62,0.219,-1.23,0,0,0,Maze1,const_contra_visual_rotation,0
1691597706738,0.62,0.219,-1.23,0,0,0,Maze1,const_contra_visual_rotation,0
1691597706755,0.62,0.219,-1.23,0,0,0,Maze1,const_contra_visual_rotation,0
1691597706773,0.62,0.219,-1.23,0,0,0,Maze1,const_contra_visual_rotation,0
1691597706789,0.62,0.219,-1.23,0,0,0,Maze1,const_contra_visual_rotation,0
1691597706806,0.62,0.219,-1.23,0,0,0,Maze1,const_contra_visual_rotation,0
1691597706838,0.62,0.219,-1.23,0,0,0,Maze1,const_contra_visual_rotation,0
1691597706855,0.62,0.219,-1.23,0,0,0,Maze1,const_contra_visual_rotation,0
1691597706871,0.62,0.219,-1.23,0,0,0,Maze1,const_contra_visual_rotation,0
1691597706888,0.62,0.219,-1.23,0,0,0,Maze1,const_contra_visual_rotation,0
1691597706905,0.62,0.219,-1.23,0,0,0,Maze1,const_contra_visual_rotation,0
1691597706939,0.62,0.219,-1.23,0,0,0,Maze1,const_contra_visual_rotation,0
1691597706955,0.62,0.219,-1.23,0,0,0,Maze1,const_contra_visual_rotation,0
1691597706971,0.62,0.219,-1.23,0,0,0,Maze1,const_contra_visual_rotation,0
1691597706988,0.62,0.219,-1.23,0,0,0,Maze1,const_contra_visual_rotation,0
1691597707005,0.62,0.219,-1.23,0,0,0,Maze1,const_contra_visual_rotation,0
1691597707039,0.62,0.219,-1.23,0,0,0,Maze1,const_contra_visual_rotation,0
1691597707056,0.62,0.219,-1.23,0,0,0,Maze1,const_contra_visual_rotation,0
1691597707073,0.62,0.219,-1.23,0,0,0,Maze1,const_contra_visual_rotation,0
1691597707089,0.62,0.219,-1.23,0,0,0,Maze1,const_contra_visual_rotation,0
1691597707105,0.62,0.219,-1.23,0,0,0,Maze1,const_contra_visual_rotation,0
1691597707139,0.62,0.219,-1.23,0,0,0,Maze1,const_contra_visual_rotation,0
1691597707155,0.62,0.219,-1.23,0,0,0,Maze1,const_contra_visual_rotation,0
1691597707172,0.62,0.219,-1.23,0,0,0,Maze1,const_contra_visual_rotation,0
1691597707189,0.62,0.219,-1.23,0,0,0,Maze1,const_contra_visual_rotation,0
1691597707205,0.62,0.219,-1.23,0,0,0,Maze1,const_contra_visual_rotation,0
1691597707240,0.62,0.219,-1.23,0,0,0,Maze1,const_contra_visual_rotation,0
1691597707255,0.62,0.219,-1.23,0,0,0,Maze1,const_contra_visual_rotation,0
1691597707272,0.62,0.219,-1.23,0,0,0,Maze1,const_contra_visual_rotation,0
1691597707289,0.62,0.219,-1.23,0,0,0,Maze1,const_contra_visual_rotation,0
1691597707305,0.62,0.219,-1.23,0,0,0,Maze1,const_contra_visual_rotation,0
1691597707338,0.62,0.219,-1.23,0,0,0,Maze1,const_contra_visual_rotation,0
1691597707355,0.62,0.219,-1.23,0,0,0,Maze1,const_contra_visual_rotation,0
1691597707372,0.62,0.219,-1.23,0,0,0,Maze1,const_contra_visual_rotation,0
1691597707389,0.62,0.219,-1.23,0,0,0,Maze1,const_contra_visual_rotation,0
1691597707405,0.62,0.219,-1.23,0,0,0,Maze1,const_contra_visual_rotation,0
1691597707439,0.62,0.219,-1.23,0,0,0,Maze1,const_contra_visual_rotation,0
1691597707455,0.62,0.219,-1.23,0,0,0,Maze1,const_contra_visual_rotation,0
1691597707472,0.62,0.219,-1.23,0,0,0,Maze1,const_contra_visual_rotation,0
1691597708438,0.62,0.219,0.83,0,0,0,Maze3,const_contra_visual_no_audio,6
1691597708455,0.62,0.219,0.83,0,0,0,Maze3,const_contra_visual_no_audio,0
1691597708488,0.62,0.219,0.83,0,0,0,Maze3,const_contra_visual_no_audio,0
1691597708505,0.62,0.219,0.83,0,0,0,Maze3,const_contra_visual_no_audio,0
1691597708521,0.62,0.219,0.83,0,0,0,Maze3,const_contra_visual_no_audio,0
1691597708538,0.62,0.219,0.83,0,0,0,Maze3,const_contra_visual_no_audio,0
1691597708555,0.62,0.219,0.83,0,0,0,Maze3,const_contra_visual_no_audio,0
1691597708588,0.62,0.219,0.83,0,0,0,Maze3,const_contra_visual_no_audio,0
1691597708605,0.62,0.219,0.83,0,0,0,Maze3,const_contra_visual_no_audio,0
1691597708621,0.62,0.219,0.83,0,0,0,Maze3,const_contra_visual_no_audio,0
1691597708638,0.62,0.219,0.83,0,0,0,Maze3,const_contra_visual_no_audio,0
1691597708655,0.62,0.219,0.83,0,0,0,Maze3,const_contra_visual_no_audio,0
1691597708689,0.62,0.219,0.83,0,0,0,Maze3,const_contra_visual_no_audio,0
1691597708705,0.62,0.219,0.83,0,0,0,Maze3,const_contra_visual_no_audio,0
1691597708721,0.62,0.219,0.83,0,0,0,Maze3,const_contra_visual_no_audio,0
1691597708738,0.62,0.219,0.83,0,0,0,Maze3,const_contra_visual_no_audio,0
1691597708754,0.62,0.219,0.83,0,0,0,Maze3,const_contra_visual_no_audio,0
1691597708788,0.62,0.219,0.83,0,0,0,Maze3,const_contra_visual_no_audio,0
1691597708804,0.62,0.219,0.83,0,0,0,Maze3,const_contra_visual_no_audio,0
1691597708821,0.62,0.219,0.83,0,0,0,Maze3,const_contra_visual_no_audio,0
1691597708838,0.62,0.219,0.83,0,0,0,Maze3,const_contra_visual_no_audio,0
1691597708855,0.62,0.219,0.83,0,0,0,Maze3,const_contra_visual_no_audio,0
1691597708888,0.62,0.219,0.83,0,0,0,Maze3,const_contra_visual_no_audio,0
1691597708904,0.62,0.219,0.83,0,0,0,Maze3,const_contra_visual_no_audio,0
1691597708921,0.62,0.219,0.83,0,0,0,Maze3,const_contra_visual_no_audio,0
1691597708938,0.62,0.219,0.83,0,0,0,Maze3,const_contra_visual_no_audio,0
1691597708955,0.62,0.219,0.83,0,0,0,Maze3,const_contra_visual_no_audio,0
1691597708988,0.62,0.219,0.83,0,0,0,Maze3,const_contra_visual_no_audio,0
1691597709005,0.62,0.219,0.83,0,0,0,Maze3,const_contra_visual_no_audio,0
1691597709021,0.62,0.219,0.83,0,0,0,Maze3,const_contra_visual_no_audio,0
1691597709037,0.62,0.219,0.83,0,0,0,Maze3,const_contra_visual_no_audio,0
1691597709055,0.62,0.219,0.83,0,0,0,Maze3,const_contra_visual_no_audio,0
1691597709088,0.62,0.219,0.83,0,0,0,Maze3,const_contra_visual_no_audio,0
1691597709104,0.62,0.219,0.83,0,0,0,Maze3,const_contra_visual_no_audio,0
1691597709121,0.62,0.219,0.83,0,0,0,Maze3,const_contra_visual_no_audio,0
1691597709138,0.62,0.219,0.83,0,0,0,Maze3,const_contra_visual_no_audio,0
1691597709155,0.62,0.219,0.83,0,0,0,Maze3,const_contra_visual_no_audio,0
1691597709188,0.62,0.219,0.83,0,0,0,Maze3,const_contra_visual_no_audio,0
1691597709204,0.62,0.219,0.83,0,0,0,Maze3,const_contra_visual_no_audio,0
1691597709221,0.62,0.219,0.83,0,0,0,Maze3,const_contra_visual_no_audio,0
1691597709238,0.62,0.219,0.83,0,0,0,Maze3,const_contra_visual_no_audio,0
1691597709772,0.62,0.219,0.83,0,0,0,Maze2,const_contra_visual_rotation,6
1691597709804,0.62,0.219,0.83,0,0,0,Maze2,const_contra_visual_rotation,0
1691597709822,0.62,0.219,0.83,0,0,0,Maze2,const_contra_visual_rotation,0
1691597709838,0.62,0.219,0.83,0,0,0,Maze2,const_contra_visual_rotation,0
1691597709854,0.62,0.219,0.83,0,0,0,Maze2,const_contra_visual_rotation,0
1691597709872,0.62,0.219,0.83,0,0,0,Maze2,const_contra_visual_rotation,0
1691597709905,0.62,0.219,0.83,0,0,0,Maze2,const_contra_visual_rotation,0
1691597709921,0.62,0.219,0.83,0,0,0,Maze2,const_contra_visual_rotation,0
1691597709938,0.62,0.219,0.83,0,0,0,Maze2,const_contra_visual_rotation,0
1691597709954,0.62,0.219,0.83,0,0,0,Maze2,const_contra_visual_rotation,0
1691597709970,0.62,0.219,0.83,0,0,0,Maze2,const_contra_visual_rotation,0
1691597710005,0.62,0.219,0.83,0,0,0,Maze2,const_contra_visual_rotation,0
1691597710022,0.62,0.219,0.83,0,0,0,Maze2,const_contra_visual_rotation,0
1691597710038,0.62,0.219,0.83,0,0,0,Maze2,const_contra_visual_rotation,0
1691597710054,0.62,0.219,0.83,0,0,0,Maze2,const_contra_visual_rotation,0
1691597710072,0.62,0.219,0.83,0,0,0,Maze2,const_contra_visual_rotation,0
1691597710104,0.62,0.219,0.83,0,0,0,Maze2,const_contra_visual_rotation,0
1691597710122,0.62,0.219,0.83,0,0,0,Maze2,const_contra_visual_rotation,0
1691597710137,0.62,0.219,0.83,0,0,0,Maze2,const_contra_visual_rotation,0
1691597710153,0.62,0.219,0.83,0,0,0,Maze2,const_contra_visual_rotation,0
1691597710171,0.62,0.219,0.83,0,0,0,Maze2,const_contra_visual_rotation,0
1691597710205,0.62,0.219,0.83,0,0,0,Maze2,const_contra_visual_rotation,0
1691597710221,0.62,0.219,0.83,0,0,0,Maze2,const_contra_visual_rotation,0
1691597710238,0.62,0.219,0.83,0,0,0,Maze2,const_contra_visual_rotation,0
1691597710254,0.62,0.219,0.83,0,0,0,Maze2,const_contra_visual_rotation,0
1691597710271,0.62,0.219,0.83,0,0,0,Maze2,const_contra_visual_rotation,0
1691597710305,0.62,0.219,0.83,0,0,0,Maze2,const_contra_visual_rotation,0
1691597710321,0.62,0.219,0.83,0,0,0,Maze2,const_contra_visual_rotation,0
1691597710338,0.62,0.219,0.83,0,0,0,Maze2,const_contra_visual_rotation,0
1691597710354,0.62,0.219,0.83,0,0,0,Maze2,const_contra_visual_rotation,0
1691597710371,0.62,0.219,0.83,0,0,0,Maze2,const_contra_visual_rotation,0
1691597710405,0.62,0.219,0.83,0,0,0,Maze2,const_contra_visual_rotation,0
1691597710422,0.62,0.219,0.83,0,0,0,Maze2,const_contra_visual_rotation,0
1691597710438,0.62,0.219,0.83,0,0,0,Maze2,const_contra_visual_rotation,0
1691597710454,0.62,0.219,0.83,0,0,0,Maze2,const_contra_visual_rotation,0
1691597710471,0.62,0.219,0.83,0,0,0,Maze2,const_contra_visual_rotation,0
1691597710505,0.62,0.219,0.83,0,0,0,Maze2,const_contra_visual_rotation,0
1691597710521,0.62,0.219,0.83,0,0,0,Maze2,const_contra_visual_rotation,0
1691597710538,0.62,0.219,0.83,0,0,0,Maze2,const_contra_visual_rotation,0
1691597710554,0.62,0.219,0.83,0,0,0,Maze2,const_contra_visual_rotation,0
1691597710572,0.62,0.219,0.83,0,0,0,Maze2,const_contra_visual_rotation,0
1691597710604,0.62,0.219,0.83,0,0,0,Maze2,const_contra_visual_rotation,0
1691597710621,0.62,0.219,0.83,0,0,0,Maze2,const_contra_visual_rotation,0
1691597710638,0.62,0.219,0.83,0,0,0,Maze2,const_contra_visual_rotation,0
1691597710654,0.62,0.219,0.83,0,0,0,Maze2,const_contra_visual_rotation,0
1691597710671,0.62,0.219,0.83,0,0,0,Maze2,const_contra_visual_rotation,0
1691597710705,0.62,0.219,0.83,0,0,0,Maze2,const_contra_visual_rotation,0
1691597710721,0.62,0.219,0.83,0,0,0,Maze2,const_contra_visual_rotation,0
1691597710737,0.62,0.219,0.83,0,0,0,Maze2,const_contra_visual_rotation,0
1691597710754,0.62,0.219,0.83,0,0,0,Maze2,const_contra_visual_rotation,0
1691597710771,0.62,0.219,0.83,0,0,0,Maze2,const_contra_visual_rotation,0
1691597710805,0.62,0.219,0.83,0,0,0,Maze2,const_contra_visual_rotation,0
1691597710821,0.62,0.219,0.83,0,0,0,Maze2,const_contra_visual_rotation,0
1691597710837,0.62,0.219,0.83,0,0,0,Maze2,const_contra_visual_rotation,0
1691597710854,0.62,0.219,0.83,0,0,0,Maze2,const_contra_visual_rotation,0
1691597710871,0.62,0.219,0.83,0,0,0,Maze2,const_contra_visual_rotation,0
1691597710905,0.62,0.219,0.83,0,0,0,Maze2,const_contra_visual_rotation,0
1691597710921,0.62,0.219,0.83,0,0,0,Maze2,const_contra_visual_rotation,0
1691597710937,0.62,0.219,0.83,0,0,0,Maze2,const_contra_visual_rotation,0
1691597710954,0.62,0.219,0.83,0,0,0,Maze2,const_contra_visual_rotation,0
1691597710971,0.62,0.219,0.83,0,0,0,Maze2,const_contra_visual_rotation,0
1691597711005,0.62,0.219,0.83,0,0,0,Maze2,const_contra_visual_rotation,0
1691597711021,0.62,0.219,0.83,0,0,0,Maze2,const_contra_visual_rotation,0
1691597711037,0.62,0.219,0.83,0,0,0,Maze2,const_contra_visual_rotation,0
1691597711054,0.62,0.219,0.83,0,0,0,Maze2,const_contra_visual_rotation,0
1691597711071,0.62,0.219,0.83,0,0,0,Maze2,const_contra_visual_rotation,0
1691597711105,0.62,0.219,0.83,0,0,0,Maze2,const_contra_visual_rotation,0
1691597711121,0.62,0.219,0.83,0,0,0,Maze2,const_contra_visual_rotation,0
1691597711137,0.62,0.219,0.83,0,0,0,Maze2,const_contra_visual_rotation,0
1691597711154,0.62,0.219,0.83,0,0,0,Maze2,const_contra_visual_rotation,0
1691597711171,0.62,0.219,0.83,0,0,0,Maze2,const_contra_visual_rotation,0
1691597711205,0.62,0.219,0.83,0,0,0,Maze2,const_contra_visual_rotation,0
1691597711221,0.62,0.219,0.83,0,0,0,Maze2,const_contra_visual_rotation,0
1691597711237,0.62,0.219,0.83,0,0,0,Maze2,const_contra_visual_rotation,0
1691597711253,0.62,0.219,0.83,0,0,0,Maze2,const_contra_visual_rotation,0
1691597711271,0.62,0.219,0.83,0,0,0,Maze2,const_contra_visual_rotation,0
1691597711307,0.62,0.219,0.83,0,0,0,Maze2,const_contra_visual_rotation,0
1691597711321,0.62,0.219,0.83,0,0,0,Maze2,const_contra_visual_rotation,0
1691597711338,0.62,0.219,0.83,0,0,0,Maze2,const_contra_visual_rotation,0
1691597711354,0.62,0.219,0.83,0,0,0,Maze2,const_contra_visual_rotation,0
1691597711371,0.62,0.219,0.83,0,0,0,Maze2,const_contra_visual_rotation,0
1691597711405,0.62,0.219,0.83,0,0,0,Maze2,const_contra_visual_rotation,0
1691597711421,0.62,0.219,0.83,0,0,0,Maze2,const_contra_visual_rotation,0
1691597711438,0.62,0.219,0.83,0,0,0,Maze2,const_contra_visual_rotation,0
1691597711454,0.62,0.219,0.83,0,0,0,Maze2,const_contra_visual_rotation,0
1691597711470,0.62,0.219,0.83,0,0,0,Maze2,const_contra_visual_rotation,0
1691597711504,0.62,0.219,0.83,0,0,0,Maze2,const_contra_visual_rotation,0
1691597711521,0.62,0.219,0.83,0,0,0,Maze2,const_contra_visual_rotation,0
1691597711538,0.62,0.219,0.83,0,0,0,Maze2,const_contra_visual_rotation,0
1691597711554,0.62,0.219,0.83,0,0,0,Maze2,const_contra_visual_rotation,0
1691597711571,0.62,0.219,0.83,0,0,0,Maze2,const_contra_visual_rotation,0
1691597711605,0.62,0.219,0.83,0,0,0,Maze2,const_contra_visual_rotation,0
1691597711621,0.62,0.219,0.83,0,0,0,Maze2,const_contra_visual_rotation,0
1691597711637,0.62,0.219,0.83,0,0,0,Maze2,const_contra_visual_rotation,0
1691597711654,0.62,0.219,0.83,0,0,0,Maze2,const_contra_visual_rotation,0
1691597711670,0.62,0.219,0.83,0,0,0,Maze2,const_contra_visual_rotation,0
1691597711704,0.62,0.219,0.83,0,0,0,Maze2,const_contra_visual_rotation,0
1691597711721,0.62,0.219,0.83,0,0,0,Maze2,const_contra_visual_rotation,0
1691597711737,0.62,0.219,0.83,0,0,0,Maze2,const_contra_visual_rotation,0
1691597711754,0.62,0.219,0.83,0,0,0,Maze2,const_contra_visual_rotation,0
1691597711771,0.62,0.219,0.83,0,0,0,Maze2,const_contra_visual_rotation,0
1691597711804,0.6195843,0.219,0.83,0,0,0,Maze2,const_contra_visual_rotation,0
1691597711821,0.618753,0.219,0.83,0,0,0,Maze2,const_contra_visual_rotation,0
1691597711837,0.617501,0.219,0.83,0,0,0,Maze2,const_contra_visual_rotation,0
1691597711854,0.6158347,0.219,0.83,0,0,0,Maze2,const_contra_visual_rotation,0
1691597711871,0.6137546,0.219,0.83,0,0,0,Maze2,const_contra_visual_rotation,0
1691597711903,0.6083369,0.219,0.83,0,0,0,Maze2,const_contra_visual_rotation,0
1691597711921,0.6050085,0.219,0.83,0,0,0,Maze2,const_contra_visual_rotation,0
1691597711938,0.6012548,0.219,0.83,0,0,0,Maze2,const_contra_visual_rotation,0
1691597711954,0.5970941,0.219,0.83,0,0,0,Maze2,const_contra_visual_rotation,0
1691597711970,0.5925178,0.219,0.83,0,0,0,Maze2,const_contra_visual_rotation,0
1691597712003,0.582092,0.219,0.83,0,0,0,Maze2,const_contra_visual_rotation,0
1691597712020,0.5762595,0.219,0.83,0,0,0,Maze2,const_contra_visual_rotation,0
1691597712037,0.5699932,0.219,0.83,0,0,0,Maze2,const_contra_visual_rotation,0
1691597712054,0.5633346,0.219,0.83,0,0,0,Maze2,const_contra_visual_rotation,0
1691597712070,0.5562484,0.219,0.83,0,0,0,Maze2,const_contra_visual_rotation,0
1691597712104,0.5408518,0.219,0.83,0,0,0,Maze2,const_contra_visual_rotation,0
1691597712121,0.53253,0.219,0.83,0,0,0,Maze2,const_contra_visual_rotation,0
1691597712138,0.5242068,0.219,0.83,0,0,0,Maze2,const_contra_visual_rotation,0
1691597712154,0.5158572,0.219,0.83,0,0,0,Maze2,const_contra_visual_rotation,0
1691597712171,0.5075222,0.219,0.83,0,0,0,Maze2,const_contra_visual_rotation,0
1691597712204,0.4908648,0.219,0.83,0,0,0,Maze2,const_contra_visual_rotation,0
1691597712221,0.4825415,0.219,0.83,0,0,0,Maze2,const_contra_visual_rotation,0
1691597712237,0.4742183,0.219,0.83,0,0,0,Maze2,const_contra_visual_rotation,0
1691597712254,0.4658855,0.219,0.83,0,0,0,Maze2,const_contra_visual_rotation,0
1691597712271,0.4575507,0.219,0.83,0,0,0,Maze2,const_contra_visual_rotation,0
1691597712304,0.4408489,0.219,0.83,0,0,0,Maze2,const_contra_visual_rotation,0
1691597712321,0.4325257,0.219,0.83,0,0,0,Maze2,const_contra_visual_rotation,0
1691597712337,0.4242024,0.219,0.83,0,0,0,Maze2,const_contra_visual_rotation,0
1691597712354,0.4158792,0.219,0.83,0,0,0,Maze2,const_contra_visual_rotation,0
1691597712372,0.407545,0.219,0.83,0,0,0,Maze2,const_contra_visual_rotation,0
1691597712405,0.3908985,0.219,0.83,0,0,0,Maze2,const_contra_visual_rotation,0
1691597712420,0.3825753,0.219,0.83,0,0,0,Maze2,const_contra_visual_rotation,0
1691597712437,0.3742332,0.219,0.83,0,0,0,Maze2,const_contra_visual_rotation,0
1691597712454,0.36591,0.219,0.8299999,0,0,0,Maze2,const_contra_visual_rotation,0
1691597712471,0.3575513,0.219,0.8299999,0,0,0,Maze2,const_contra_visual_rotation,0
1691597712504,0.3409049,0.219,0.8299999,0,0,0,Maze2,const_contra_visual_rotation,0
1691597712521,0.3325662,0.219,0.8299999,0,0,0,Maze2,const_contra_visual_rotation,0
1691597712537,0.3242309,0.219,0.8299999,0,0,0,Maze2,const_contra_visual_rotation,0
1691597712554,0.3159077,0.219,0.8299999,0,0,0,Maze2,const_contra_visual_rotation,0
1691597712571,0.3075844,0.219,0.8299999,0,0,0,Maze2,const_contra_visual_rotation,0
1691597712605,0.2909026,0.219,0.8299999,0,0,0,Maze2,const_contra_visual_rotation,0
1691597712620,0.2825794,0.219,0.8299999,0,0,0,Maze2,const_contra_visual_rotation,0
1691597712637,0.2742562,0.219,0.8299999,0,0,0,Maze2,const_contra_visual_rotation,0
1691597712654,0.2659147,0.219,0.8299999,0,0,0,Maze2,const_contra_visual_rotation,0
1691597712671,0.2575915,0.219,0.8299999,0,0,0,Maze2,const_contra_visual_rotation,0
1691597712704,0.240945,0.219,0.8299999,0,0,0,Maze2,const_contra_visual_rotation,0
1691597712721,0.232595,0.219,0.8299999,0,0,0,Maze2,const_contra_visual_rotation,0
1691597712737,0.2242615,0.219,0.8299999,0,0,0,Maze2,const_contra_visual_rotation,0
1691597712754,0.2159382,0.219,0.8299999,0,0,0,Maze2,const_contra_visual_rotation,0
1691597712771,0.2075848,0.219,0.8299999,0,0,0,Maze2,const_contra_visual_rotation,0
1691597712804,0.1909384,0.219,0.8299999,0,0,0,Maze2,const_contra_visual_rotation,0
1691597712821,0.1826151,0.219,0.8299999,0,0,0,Maze2,const_contra_visual_rotation,0
1691597712838,0.1742577,0.219,0.8299999,0,0,0,Maze2,const_contra_visual_rotation,0
1691597712854,0.1659344,0.219,0.8299999,0,0,0,Maze2,const_contra_visual_rotation,0
1691597712870,0.1576112,0.219,0.8299999,0,0,0,Maze2,const_contra_visual_rotation,0
1691597712903,0.1409498,0.219,0.8299999,0,0,0,Maze2,const_contra_visual_rotation,0
1691597712920,0.1326266,0.219,0.8299999,0,0,0,Maze2,const_contra_visual_rotation,0
1691597712937,0.124273,0.219,0.8299999,0,0,0,Maze2,const_contra_visual_rotation,0
1691597712954,0.1159497,0.219,0.8299999,0,0,0,Maze2,const_contra_visual_rotation,0
1691597712970,0.1075599,0.219,0.8299999,0,0,0,Maze2,const_contra_visual_rotation,0
1691597713004,0.0909134,0.219,0.8299999,0,0,0,Maze2,const_contra_visual_rotation,0
1691597713020,0.08259017,0.219,0.8299999,0,0,0,Maze2,const_contra_visual_rotation,0
1691597713037,0.07426694,0.219,0.8299999,0,0,0,Maze2,const_contra_visual_rotation,0
1691597713054,0.0658878,0.219,0.8299999,0,0,0,Maze2,const_contra_visual_rotation,0
1691597713070,0.05756457,0.219,0.8299999,0,0,0,Maze2,const_contra_visual_rotation,0
1691597713104,0.04091812,0.219,0.8299999,0,0,0,Maze2,const_contra_visual_rotation,0
1691597713120,0.03259489,0.219,0.8299999,0,0,0,Maze2,const_contra_visual_rotation,0
1691597713137,0.02427166,0.219,0.8299999,0,0,0,Maze2,const_contra_visual_rotation,0
1691597713154,0.01594843,0.219,0.8299999,0,0,0,Maze2,const_contra_visual_rotation,0
1691597713170,0.007625202,0.219,0.8299999,0,0,0,Maze2,const_contra_visual_rotation,0
1691597713204,-0.009021254,0.219,0.8299999,0,0,0,Maze2,const_contra_visual_rotation,0
1691597713220,-0.01735461,0.219,0.8299999,0,0,0,Maze2,const_contra_visual_rotation,0
1691597713237,-0.02570001,0.219,0.8299999,0,0,0,Maze2,const_contra_visual_rotation,0
1691597713254,-0.03402324,0.219,0.8299999,0,0,0,Maze2,const_contra_visual_rotation,0
1691597713270,-0.04236536,0.219,0.8299999,0,0,0,Maze2,const_contra_visual_rotation,0
1691597713304,-0.05901182,0.219,0.8299999,0,0,0,Maze2,const_contra_visual_rotation,0
1691597713321,-0.06734632,0.219,0.8299999,0,0,0,Maze2,const_contra_visual_rotation,0
1691597713338,-0.07566954,0.219,0.8299999,0,0,0,Maze2,const_contra_visual_rotation,0
1691597713353,-0.08399277,0.219,0.8299999,0,0,0,Maze2,const_contra_visual_rotation,0
1691597713370,-0.09233657,0.219,0.8299999,0,0,0,Maze2,const_contra_visual_rotation,0
1691597713404,-0.1090001,0.219,0.8299999,0,0,0,Maze2,const_contra_visual_rotation,0
1691597713420,-0.1173233,0.219,0.8299999,0,0,0,Maze2,const_contra_visual_rotation,0
1691597713438,-0.1256754,0.219,0.8299999,0,0,0,Maze2,const_contra_visual_rotation,0
1691597713454,-0.1339986,0.219,0.8299999,0,0,0,Maze2,const_contra_visual_rotation,0
1691597713471,-0.1423219,0.219,0.8299999,0,0,0,Maze2,const_contra_visual_rotation,0
1691597713504,-0.1590009,0.219,0.8299999,0,0,0,Maze2,const_contra_visual_rotation,0
1691597713520,-0.1673241,0.219,0.8299999,0,0,0,Maze2,const_contra_visual_rotation,0
1691597713537,-0.1756473,0.219,0.8299999,0,0,0,Maze2,const_contra_visual_rotation,0
1691597713554,-0.1839706,0.219,0.8299999,0,0,0,Maze2,const_contra_visual_rotation,0
1691597713570,-0.1922938,0.219,0.8299999,0,0,0,Maze2,const_contra_visual_rotation,0
1691597713605,-0.2089838,0.219,0.8299999,0,0,0,Maze2,const_contra_visual_rotation,0
1691597713620,-0.217307,0.219,0.8299999,0,0,0,Maze2,const_contra_visual_rotation,0
1691597713637,-0.2256575,0.219,0.8299999,0,0,0,Maze2,const_contra_visual_rotation,0
1691597713654,-0.2339808,0.219,0.8299999,0,0,0,Maze2,const_contra_visual_rotation,0
1691597713670,-0.242304,0.219,0.8299999,0,0,0,Maze2,const_contra_visual_rotation,0
1691597713705,-0.2589639,0.219,0.8299999,0,0,0,Maze2,const_contra_visual_rotation,0
1691597713720,-0.2673104,0.219,0.8299999,0,0,0,Maze2,const_contra_visual_rotation,0
1691597713737,-0.2756337,0.219,0.8299999,0,0,0,Maze2,const_contra_visual_rotation,0
1691597713754,-0.2839569,0.219,0.8299999,0,0,0,Maze2,const_contra_visual_rotation,0
1691597713770,-0.29229,0.219,0.8299999,0,0,0,Maze2,const_contra_visual_rotation,0
1691597713804,-0.3089473,0.219,0.8299999,0,0,0,Maze2,const_contra_visual_rotation,0
1691597713820,-0.3172927,0.219,0.8299999,0,0,0,Maze2,const_contra_visual_rotation,0
1691597713837,-0.3256252,0.219,0.8299999,0,0,0,Maze2,const_contra_visual_rotation,0
1691597713854,-0.3339484,0.219,0.8299999,0,0,0,Maze2,const_contra_visual_rotation,0
1691597713870,-0.3422903,0.219,0.8299999,0,0,0,Maze2,const_contra_visual_rotation,0
1691597713903,-0.3589743,0.219,0.8299999,0,0,0,Maze2,const_contra_visual_rotation,0
1691597713920,-0.3672975,0.219,0.8299999,0,0,0,Maze2,const_contra_visual_rotation,0
1691597713937,-0.3756208,0.219,0.8299999,0,0,0,Maze2,const_contra_visual_rotation,0
1691597713954,-0.383944,0.219,0.8299999,0,0,0,Maze2,const_contra_visual_rotation,0
1691597713970,-0.3922672,0.219,0.8299999,0,0,0,Maze2,const_contra_visual_rotation,0
1691597714003,-0.4089341,0.219,0.8299999,0,0,0,Maze2,const_contra_visual_rotation,0
1691597714021,-0.4172573,0.219,0.8299999,0,0,0,Maze2,const_contra_visual_rotation,0
1691597714037,-0.4256063,0.219,0.8299999,0,0,0,Maze2,const_contra_visual_rotation,0
1691597714054,-0.4339295,0.219,0.8299999,0,0,0,Maze2,const_contra_visual_rotation,0
1691597714071,-0.4422527,0.219,0.8299999,0,0,0,Maze2,const_contra_visual_rotation,0
1691597714104,-0.4589496,0.219,0.8299999,0,0,0,Maze2,const_contra_visual_rotation,0
1691597714121,-0.4672728,0.219,0.8299999,0,0,0,Maze2,const_contra_visual_rotation,0
1691597714137,-0.475596,0.219,0.8299999,0,0,0,Maze2,const_contra_visual_rotation,0
1691597714153,-0.4839193,0.219,0.8299999,0,0,0,Maze2,const_contra_visual_rotation,0
1691597714170,-0.4922425,0.219,0.8299999,0,0,0,Maze2,const_contra_visual_rotation,0
1691597714206,-0.5089208,0.219,0.8299999,0,0,0,Maze2,const_contra_visual_rotation,0
1691597714220,-0.517244,0.219,0.8299999,0,0,0,Maze2,const_contra_visual_rotation,0
1691597714237,-0.5255967,0.219,0.8299999,0,0,0,Maze2,const_contra_visual_rotation,0
1691597714253,-0.5339199,0.219,0.8299999,0,0,0,Maze2,const_contra_visual_rotation,0
1691597714271,-0.5422432,0.219,0.8299999,0,0,0,Maze2,const_contra_visual_rotation,0
1691597714303,-0.5589046,0.219,0.8299999,0,0,0,Maze2,const_contra_visual_rotation,0
1691597714320,-0.5672387,0.219,0.8299999,0,0,0,Maze2,const_contra_visual_rotation,0
1691597714339,-0.5755775,0.219,0.8299999,0,0,0,Maze2,const_contra_visual_rotation,0
1691597714354,-0.5839007,0.219,0.8299999,0,0,0,Maze2,const_contra_visual_rotation,0
1691597714371,-0.592224,0.219,0.8299999,0,0,0,Maze2,const_contra_visual_rotation,0
1691597714405,-0.6088902,0.219,0.8299999,0,0,0,Maze2,const_contra_visual_rotation,0
1691597714420,-0.6172135,0.219,0.8299999,0,0,0,Maze2,const_contra_visual_rotation,0
1691597714437,-0.6255636,0.219,0.8299999,0,0,0,Maze2,const_contra_visual_rotation,0
1691597714453,-0.6339182,0.219,0.8299998,0,0,0,Maze2,const_contra_visual_rotation,0
1691597714471,-0.6422414,0.219,0.8299998,0,0,0,Maze2,const_contra_visual_rotation,0
1691597714504,-0.6588879,0.219,0.8299998,0,0,0,Maze2,const_contra_visual_rotation,0
1691597714521,-0.6672111,0.219,0.8299998,0,0,0,Maze2,const_contra_visual_rotation,0
1691597714537,-0.6755479,0.219,0.8299998,0,0,0,Maze2,const_contra_visual_rotation,0
1691597714553,-0.6838711,0.219,0.8299998,0,0,0,Maze2,const_contra_visual_rotation,0
1691597714570,-0.6921943,0.219,0.8299998,0,0,0,Maze2,const_contra_visual_rotation,0
1691597714603,-0.7088408,0.219,0.8299998,0,0,0,Maze2,const_contra_visual_rotation,0
1691597714620,-0.7172077,0.219,0.8299998,0,0,0,Maze2,const_contra_visual_rotation,0
1691597714637,-0.7255464,0.219,0.8299998,0,0,0,Maze2,const_contra_visual_rotation,0
1691597714654,-0.7338696,0.219,0.8299998,0,0,0,Maze2,const_contra_visual_rotation,0
1691597714670,-0.7422196,0.219,0.8299998,0,0,0,Maze2,const_contra_visual_rotation,0
1691597714704,-0.758866,0.219,0.8299998,0,0,0,Maze2,const_contra_visual_rotation,0
1691597714721,-0.7672023,0.219,0.8299998,0,0,0,Maze2,const_contra_visual_rotation,0
1691597714738,-0.7755255,0.219,0.8299998,0,0,0,Maze2,const_contra_visual_rotation,0
1691597714754,-0.7838488,0.219,0.8299998,0,0,0,Maze2,const_contra_visual_rotation,0
1691597714771,-0.792172,0.219,0.8299998,0,0,0,Maze2,const_contra_visual_rotation,0
1691597714803,-0.8088632,0.219,0.8299998,0,0,0,Maze2,const_contra_visual_rotation,0
1691597714820,-0.8171864,0.219,0.8299998,0,0,0,Maze2,const_contra_visual_rotation,0
1691597714837,-0.8255096,0.219,0.8299998,0,0,0,Maze2,const_contra_visual_rotation,0
1691597714854,-0.8338329,0.219,0.8299998,0,0,0,Maze2,const_contra_visual_rotation,0
1691597714871,-0.8421831,0.219,0.8299998,0,0,0,Maze2,const_contra_visual_rotation,0
1691597714904,-0.8588295,0.219,0.8299998,0,0,0,Maze2,const_contra_visual_rotation,0
1691597714921,-0.8671528,0.219,0.8299998,0,0,0,Maze2,const_contra_visual_rotation,0
1691597714937,-0.875492,0.219,0.8299998,0,0,0,Maze2,const_contra_visual_rotation,0
1691597714954,-0.8838152,0.219,0.8299998,0,0,0,Maze2,const_contra_visual_rotation,0
1691597714970,-0.8921723,0.219,0.8299998,0,0,0,Maze2,const_contra_visual_rotation,0
1691597715003,-0.9088278,0.219,0.8299998,0,0,0,Maze2,const_contra_visual_rotation,0
1691597715021,-0.9171675,0.219,0.8299998,0,0,0,Maze2,const_contra_visual_rotation,0
1691597715037,-0.9254908,0.219,0.8299998,0,0,0,Maze2,const_contra_visual_rotation,0
1691597715054,-0.9338365,0.219,0.8299998,0,0,0,Maze2,const_contra_visual_rotation,0
1691597715071,-0.9421597,0.219,0.8299998,0,0,0,Maze2,const_contra_visual_rotation,0
1691597715104,-0.9588153,0.219,0.8299998,0,0,0,Maze2,const_contra_visual_rotation,0
1691597715121,-0.9671385,0.219,0.8299998,0,0,0,Maze2,const_contra_visual_rotation,0
1691597715137,-0.9754618,0.219,0.8299998,0,0,0,Maze2,const_contra_visual_rotation,0
1691597715154,-0.983785,0.219,0.8299998,0,0,0,Maze2,const_contra_visual_rotation,0
1691597715170,-0.9921169,0.219,0.8299998,0,0,0,Maze2,const_contra_visual_rotation,0
1691597715203,-1.008795,0.219,0.8299998,0,0,0,Maze2,const_contra_visual_rotation,0
1691597715221,-1.017131,0.219,0.8299998,0,0,0,Maze2,const_contra_visual_rotation,0
1691597715238,-1.025454,0.219,0.8299998,0,0,0,Maze2,const_contra_visual_rotation,0
1691597715254,-1.033777,0.219,0.8299998,0,0,0,Maze2,const_contra_visual_rotation,0
1691597715271,-1.042101,0.219,0.8299998,0,0,0,Maze2,const_contra_visual_rotation,0
1691597715304,-1.058802,0.219,0.8299998,0,0,0,Maze2,const_contra_visual_rotation,0
1691597715320,-1.067126,0.219,0.8299998,0,0,0,Maze2,const_contra_visual_rotation,0
1691597715337,-1.075458,0.219,0.8299998,0,0,0,Maze2,const_contra_visual_rotation,0
1691597715355,-1.083781,0.219,0.8299998,0,0,0,Maze2,const_contra_visual_rotation,0
1691597715370,-1.092132,0.219,0.8299998,0,0,0,Maze2,const_contra_visual_rotation,0
1691597715404,-1.108778,0.219,0.8299998,0,0,0,Maze2,const_contra_visual_rotation,0
1691597715420,-1.116686,0.219,0.8299998,0,0,0,Maze2,const_contra_visual_rotation,0
1691597715437,-1.124199,0.219,0.8299998,0,0,0,Maze2,const_contra_visual_rotation,0
1691597715453,-1.131274,0.219,0.8299997,0,0,0,Maze2,const_contra_visual_rotation,0
1691597715470,-1.137944,0.219,0.8299997,0,0,0,Maze2,const_contra_visual_rotation,0
1691597715503,-1.150015,0.219,0.8299997,0,0,0,Maze2,const_contra_visual_rotation,0
1691597715521,-1.155448,0.219,0.8299997,0,0,0,Maze2,const_contra_visual_rotation,0
1691597715537,-1.160448,0.219,0.8299997,0,0,0,Maze2,const_contra_visual_rotation,0
1691597715553,-1.165034,0.219,0.8299997,0,0,0,Maze2,const_contra_visual_rotation,0
1691597715571,-1.169195,0.219,0.8299997,0,0,0,Maze2,const_contra_visual_rotation,0
1691597715604,-1.176272,0.219,0.8299997,0,0,0,Maze2,const_contra_visual_rotation,0
1691597715620,-1.17919,0.219,0.8299997,0,0,0,Maze2,const_contra_visual_rotation,0
1691597715638,-1.181688,0.219,0.8299997,0,0,0,Maze2,const_contra_visual_rotation,0
1691597715654,-1.183771,0.219,0.8299997,0,0,0,Maze2,const_contra_visual_rotation,0
1691597715671,-1.185438,0.219,0.8299997,0,0,0,Maze2,const_contra_visual_rotation,0
1691597715703,-1.187527,0.219,0.8299997,0,0,0,Maze2,const_contra_visual_rotation,0
1691597715720,-1.187945,0.219,0.8299997,0,0,0,Maze2,const_contra_visual_rotation,0
1691597715737,-1.187945,0.219,0.8299997,0,0,0,Maze2,const_contra_visual_rotation,0
1691597715753,-1.187945,0.219,0.8299997,0,0,0,Maze2,const_contra_visual_rotation,0
1691597715770,-1.187945,0.219,0.8299997,0,0,0,Maze2,const_contra_visual_rotation,0
1691597715804,-1.187945,0.219,0.8299997,0,0,0,Maze2,const_contra_visual_rotation,0
1691597715821,-1.187945,0.219,0.8299997,0,0,0,Maze2,const_contra_visual_rotation,0
1691597715837,-1.187945,0.219,0.8299997,0,0,0,Maze2,const_contra_visual_rotation,0
1691597715854,-1.187945,0.219,0.8299997,0,0,0,Maze2,const_contra_visual_rotation,0
1691597715870,-1.187945,0.219,0.8299997,0,0,0,Maze2,const_contra_visual_rotation,0
1691597715903,-1.187945,0.219,0.8299997,0,0,0,Maze2,const_contra_visual_rotation,0
1691597715921,-1.187945,0.219,0.8299997,0,0,0,Maze2,const_contra_visual_rotation,0
1691597715937,-1.187945,0.219,0.8299997,0,0,0,Maze2,const_contra_visual_rotation,0
1691597715954,-1.187945,0.219,0.8299997,0,0,0,Maze2,const_contra_visual_rotation,0
1691597715971,-1.187945,0.219,0.8299997,0,0,0,Maze2,const_contra_visual_rotation,0
1691597716004,-1.187945,0.219,0.8299997,0,0,0,Maze2,const_contra_visual_rotation,0
1691597716022,-1.187945,0.219,0.8299997,0,0,0,Maze2,const_contra_visual_rotation,0
1691597716036,-1.187945,0.219,0.8299997,0,0,0,Maze2,const_contra_visual_rotation,0
1691597716054,-1.187945,0.219,0.8299997,0,0,0,Maze2,const_contra_visual_rotation,0
1691597716653,-0.59,0.219,0.86,0,0,0,Maze4,const_contra_visual_no_audio,6
1691597716686,-0.59,0.219,0.86,0,0,0,Maze4,const_contra_visual_no_audio,0
1691597716703,-0.59,0.219,0.86,0,0,0,Maze4,const_contra_visual_no_audio,0
1691597716719,-0.59,0.219,0.86,0,0,0,Maze4,const_contra_visual_no_audio,0
1691597716736,-0.59,0.219,0.86,0,0,0,Maze4,const_contra_visual_no_audio,0
1691597716753,-0.59,0.219,0.86,0,0,0,Maze4,const_contra_visual_no_audio,0
1691597716786,-0.59,0.219,0.86,0,0,0,Maze4,const_contra_visual_no_audio,0
1691597716803,-0.59,0.219,0.86,0,0,0,Maze4,const_contra_visual_no_audio,0
1691597716819,-0.59,0.219,0.86,0,0,0,Maze4,const_contra_visual_no_audio,0
1691597716836,-0.59,0.219,0.86,0,0,0,Maze4,const_contra_visual_no_audio,0
1691597716853,-0.59,0.219,0.86,0,0,0,Maze4,const_contra_visual_no_audio,0
1691597716886,-0.59,0.219,0.86,0,0,0,Maze4,const_contra_visual_no_audio,0
1691597716903,-0.59,0.219,0.86,0,0,0,Maze4,const_contra_visual_no_audio,0
1691597716920,-0.59,0.219,0.86,0,0,0,Maze4,const_contra_visual_no_audio,0
1691597716936,-0.59,0.219,0.86,0,0,0,Maze4,const_contra_visual_no_audio,0
1691597716954,-0.59,0.219,0.86,0,0,0,Maze4,const_contra_visual_no_audio,0
1691597716986,-0.59,0.219,0.86,0,0,0,Maze4,const_contra_visual_no_audio,0
1691597717003,-0.59,0.219,0.86,0,0,0,Maze4,const_contra_visual_no_audio,0
1691597717019,-0.59,0.219,0.86,0,0,0,Maze4,const_contra_visual_no_audio,0
1691597717036,-0.59,0.219,0.86,0,0,0,Maze4,const_contra_visual_no_audio,0
1691597717053,-0.59,0.219,0.86,0,0,0,Maze4,const_contra_visual_no_audio,0
1691597717086,-0.59,0.219,0.86,0,0,0,Maze4,const_contra_visual_no_audio,0
1691597717102,-0.59,0.219,0.86,0,0,0,Maze4,const_contra_visual_no_audio,0
1691597717119,-0.59,0.219,0.86,0,0,0,Maze4,const_contra_visual_no_audio,0
1691597717136,-0.59,0.219,0.86,0,0,0,Maze4,const_contra_visual_no_audio,0
1691597717153,-0.59,0.219,0.86,0,0,0,Maze4,const_contra_visual_no_audio,0
1691597717186,-0.59,0.219,0.86,0,0,0,Maze4,const_contra_visual_no_audio,0
1691597717203,-0.59,0.219,0.86,0,0,0,Maze4,const_contra_visual_no_audio,0
1691597717219,-0.59,0.219,0.86,0,0,0,Maze4,const_contra_visual_no_audio,0
1691597717236,-0.59,0.219,0.86,0,0,0,Maze4,const_contra_visual_no_audio,0
1691597717253,-0.59,0.219,0.86,0,0,0,Maze4,const_contra_visual_no_audio,0
1691597717286,-0.59,0.219,0.86,0,0,0,Maze4,const_contra_visual_no_audio,0
1691597717303,-0.59,0.219,0.86,0,0,0,Maze4,const_contra_visual_no_audio,0
1691597717319,-0.59,0.219,0.86,0,0,0,Maze4,const_contra_visual_no_audio,0
1691597717336,-0.59,0.219,0.86,0,0,0,Maze4,const_contra_visual_no_audio,0
1691597717353,-0.59,0.219,0.86,0,0,0,Maze4,const_contra_visual_no_audio,0
1691597717386,-0.59,0.219,0.86,0,0,0,Maze4,const_contra_visual_no_audio,0
1691597717403,-0.59,0.219,0.86,0,0,0,Maze4,const_contra_visual_no_audio,0
1691597717420,-0.59,0.219,0.86,0,0,0,Maze4,const_contra_visual_no_audio,0
1691597717436,-0.59,0.219,0.86,0,0,0,Maze4,const_contra_visual_no_audio,0
1691597717453,-0.59,0.219,0.86,0,0,0,Maze4,const_contra_visual_no_audio,0
1691597717486,-0.59,0.219,0.86,0,0,0,Maze4,const_contra_visual_no_audio,0
1691597717503,-0.59,0.219,0.86,0,0,0,Maze4,const_contra_visual_no_audio,0
1691597717519,-0.59,0.219,0.86,0,0,0,Maze4,const_contra_visual_no_audio,0
1691597717536,-0.59,0.219,0.86,0,0,0,Maze4,const_contra_visual_no_audio,0
1691597717553,-0.59,0.219,0.86,0,0,0,Maze4,const_contra_visual_no_audio,0
1691597717586,-0.59,0.219,0.86,0,0,0,Maze4,const_contra_visual_no_audio,0
1691597717603,-0.59,0.219,0.86,0,0,0,Maze4,const_contra_visual_no_audio,0
1691597717619,-0.59,0.219,0.86,0,0,0,Maze4,const_contra_visual_no_audio,0
1691597717636,-0.59,0.219,0.86,0,0,0,Maze4,const_contra_visual_no_audio,0
1691597717653,-0.59,0.219,0.86,0,0,0,Maze4,const_contra_visual_no_audio,0
1691597717686,-0.59,0.219,0.86,0,0,0,Maze4,const_contra_visual_no_audio,0
1691597717703,-0.59,0.219,0.86,0,0,0,Maze4,const_contra_visual_no_audio,0
1691597717719,-0.59,0.219,0.86,0,0,0,Maze4,const_contra_visual_no_audio,0
1691597717736,-0.59,0.219,0.86,0,0,0,Maze4,const_contra_visual_no_audio,0
1691597717753,-0.59,0.219,0.86,0,0,0,Maze4,const_contra_visual_no_audio,0
1691597717786,-0.59,0.219,0.86,0,0,0,Maze4,const_contra_visual_no_audio,0
1691597717802,-0.59,0.219,0.86,0,0,0,Maze4,const_contra_visual_no_audio,0
1691597717819,-0.59,0.219,0.86,0,0,0,Maze4,const_contra_visual_no_audio,0
1691597717836,-0.59,0.219,0.86,0,0,0,Maze4,const_contra_visual_no_audio,0
1691597717852,-0.59,0.219,0.86,0,0,0,Maze4,const_contra_visual_no_audio,0
1691597717886,-0.59,0.219,0.86,0,0,0,Maze4,const_contra_visual_no_audio,0
1691597717902,-0.59,0.219,0.86,0,0,0,Maze4,const_contra_visual_no_audio,0
1691597717919,-0.59,0.219,0.86,0,0,0,Maze4,const_contra_visual_no_audio,0
1691597717936,-0.59,0.219,0.86,0,0,0,Maze4,const_contra_visual_no_audio,0
1691597717953,-0.59,0.219,0.86,0,0,0,Maze4,const_contra_visual_no_audio,0
1691597717987,-0.59,0.219,0.86,0,0,0,Maze4,const_contra_visual_no_audio,0
1691597718002,-0.59,0.219,0.86,0,0,0,Maze4,const_contra_visual_no_audio,0
1691597718019,-0.59,0.219,0.86,0,0,0,Maze4,const_contra_visual_no_audio,0
1691597718036,-0.59,0.219,0.86,0,0,0,Maze4,const_contra_visual_no_audio,0
1691597718052,-0.59,0.219,0.86,0,0,0,Maze4,const_contra_visual_no_audio,0
1691597718086,-0.59,0.219,0.86,0,0,0,Maze4,const_contra_visual_no_audio,0
1691597718102,-0.59,0.219,0.86,0,0,0,Maze4,const_contra_visual_no_audio,0
1691597718119,-0.59,0.219,0.86,0,0,0,Maze4,const_contra_visual_no_audio,0
1691597718136,-0.59,0.219,0.86,0,0,0,Maze4,const_contra_visual_no_audio,0
1691597718152,-0.59,0.219,0.86,0,0,0,Maze4,const_contra_visual_no_audio,0
1691597718186,-0.59,0.219,0.86,0,0,0,Maze4,const_contra_visual_no_audio,0
1691597718202,-0.59,0.219,0.86,0,0,0,Maze4,const_contra_visual_no_audio,0
1691597718219,-0.59,0.219,0.86,0,0,0,Maze4,const_contra_visual_no_audio,0
1691597718236,-0.59,0.219,0.86,0,0,0,Maze4,const_contra_visual_no_audio,0
1691597718252,-0.59,0.219,0.86,0,0,0,Maze4,const_contra_visual_no_audio,0
1691597718286,-0.59,0.219,0.86,0,0,0,Maze4,const_contra_visual_no_audio,0
1691597718302,-0.59,0.219,0.86,0,0,0,Maze4,const_contra_visual_no_audio,0
1691597718319,-0.59,0.219,0.86,0,0,0,Maze4,const_contra_visual_no_audio,0
1691597718337,-0.59,0.219,0.86,0,0,0,Maze4,const_contra_visual_no_audio,0
1691597718352,-0.59,0.219,0.86,0,0,0,Maze4,const_contra_visual_no_audio,0
1691597718386,-0.59,0.219,0.86,0,0,0,Maze4,const_contra_visual_no_audio,0
1691597718403,-0.59,0.219,0.86,0,0,0,Maze4,const_contra_visual_no_audio,0
1691597718419,-0.59,0.219,0.86,0,0,0,Maze4,const_contra_visual_no_audio,0
1691597718436,-0.59,0.219,0.86,0,0,0,Maze4,const_contra_visual_no_audio,0
1691597718452,-0.59,0.219,0.86,0,0,0,Maze4,const_contra_visual_no_audio,0
1691597718486,-0.59,0.219,0.86,0,0,0,Maze4,const_contra_visual_no_audio,0
1691597718502,-0.59,0.219,0.86,0,0,0,Maze4,const_contra_visual_no_audio,0
1691597718519,-0.59,0.219,0.86,0,0,0,Maze4,const_contra_visual_no_audio,0
1691597718536,-0.59,0.219,0.86,0,0,0,Maze4,const_contra_visual_no_audio,0
1691597718552,-0.59,0.219,0.86,0,0,0,Maze4,const_contra_visual_no_audio,0
1691597718586,-0.59,0.219,0.86,0,0,0,Maze4,const_contra_visual_no_audio,0
1691597718604,-0.59,0.219,0.86,0,0,0,Maze4,const_contra_visual_no_audio,0
1691597718619,-0.59,0.219,0.86,0,0,0,Maze4,const_contra_visual_no_audio,0
1691597718636,-0.59,0.219,0.86,0,0,0,Maze4,const_contra_visual_no_audio,0
1691597718652,-0.59,0.219,0.86,0,0,0,Maze4,const_contra_visual_no_audio,0
1691597718686,-0.59,0.219,0.86,0,0,0,Maze4,const_contra_visual_no_audio,0
1691597718703,-0.59,0.219,0.86,0,0,0,Maze4,const_contra_visual_no_audio,0
1691597718719,-0.59,0.219,0.86,0,0,0,Maze4,const_contra_visual_no_audio,0
1691597718736,-0.59,0.219,0.86,0,0,0,Maze4,const_contra_visual_no_audio,0
1691597718752,-0.59,0.219,0.86,0,0,0,Maze4,const_contra_visual_no_audio,0
1691597718786,-0.59,0.219,0.86,0,0,0,Maze4,const_contra_visual_no_audio,0
1691597718802,-0.59,0.219,0.86,0,0,0,Maze4,const_contra_visual_no_audio,0
1691597718820,-0.59,0.219,0.86,0,0,0,Maze4,const_contra_visual_no_audio,0
1691597718836,-0.59,0.219,0.86,0,0,0,Maze4,const_contra_visual_no_audio,0
1691597718852,-0.59,0.219,0.86,0,0,0,Maze4,const_contra_visual_no_audio,0
1691597718885,-0.59,0.219,0.86,0,0,0,Maze4,const_contra_visual_no_audio,0
1691597718902,-0.59,0.219,0.86,0,0,0,Maze4,const_contra_visual_no_audio,0
1691597718919,-0.59,0.219,0.86,0,0,0,Maze4,const_contra_visual_no_audio,0
1691597718935,-0.59,0.219,0.86,0,0,0,Maze4,const_contra_visual_no_audio,0
1691597718953,-0.59,0.219,0.86,0,0,0,Maze4,const_contra_visual_no_audio,0
1691597718986,-0.59,0.219,0.86,0,0,0,Maze4,const_contra_visual_no_audio,0
1691597719003,-0.59,0.219,0.86,0,0,0,Maze4,const_contra_visual_no_audio,0
1691597719019,-0.59,0.219,0.86,0,0,0,Maze4,const_contra_visual_no_audio,0
1691597719036,-0.59,0.219,0.86,0,0,0,Maze4,const_contra_visual_no_audio,0
1691597719052,-0.59,0.219,0.86,0,0,0,Maze4,const_contra_visual_no_audio,0
1691597719086,-0.59,0.219,0.86,0,0,0,Maze4,const_contra_visual_no_audio,0
1691597719102,-0.59,0.219,0.86,0,0,0,Maze4,const_contra_visual_no_audio,0
1691597719119,-0.59,0.219,0.86,0,0,0,Maze4,const_contra_visual_no_audio,0
1691597719136,-0.59,0.219,0.86,0,0,0,Maze4,const_contra_visual_no_audio,0
1691597719152,-0.59,0.219,0.86,0,0,0,Maze4,const_contra_visual_no_audio,0
1691597719186,-0.59,0.219,0.86,0,0,0,Maze4,const_contra_visual_no_audio,0
1691597719202,-0.59,0.219,0.86,0,0,0,Maze4,const_contra_visual_no_audio,0
1691597719219,-0.59,0.219,0.86,0,0,0,Maze4,const_contra_visual_no_audio,0
1691597719236,-0.59,0.219,0.86,0,0,0,Maze4,const_contra_visual_no_audio,0
1691597719253,-0.59,0.219,0.86,0,0,0,Maze4,const_contra_visual_no_audio,0
1691597719286,-0.59,0.219,0.86,0,0,0,Maze4,const_contra_visual_no_audio,0
1691597719302,-0.59,0.219,0.86,0,0,0,Maze4,const_contra_visual_no_audio,0
1691597719319,-0.59,0.219,0.86,0,0,0,Maze4,const_contra_visual_no_audio,0
1691597719336,-0.59,0.219,0.86,0,0,0,Maze4,const_contra_visual_no_audio,0
1691597719353,-0.59,0.219,0.86,0,0,0,Maze4,const_contra_visual_no_audio,0
1691597719386,-0.59,0.219,0.86,0,0,0,Maze4,const_contra_visual_no_audio,0
1691597719402,-0.59,0.219,0.86,0,0,0,Maze4,const_contra_visual_no_audio,0
