time,x,y,z,rx,ry,rz,maze_type,condition,collision_status
1691597728749,0.62,0.219,-1.23,0,0,0,Maze1,const_contra_visual_rotation,6
1691597728775,0.62,0.219,-1.23,0,0,0,Maze1,const_contra_visual_rotation,0
1691597728833,0.62,0.219,-1.23,0,0,0,Maze1,const_contra_visual_rotation,0
1691597728835,0.62,0.219,-1.23,0,0,0,Maze1,const_contra_visual_rotation,0
1691597728835,0.62,0.219,-1.23,0,0,0,Maze1,const_contra_visual_rotation,0
1691597728836,0.62,0.219,-1.23,0,0,0,Maze1,const_contra_visual_rotation,0
1691597728850,0.62,0.219,-1.23,0,0,0,Maze1,const_contra_visual_rotation,0
1691597728884,0.62,0.219,-1.23,0,0,0,Maze1,const_contra_visual_rotation,0
1691597728884,0.62,0.219,-1.23,0,0,0,Maze1,const_contra_visual_rotation,0
1691597728917,0.62,0.219,-1.23,0,0,0,Maze1,const_contra_visual_rotation,0
1691597728918,0.62,0.219,-1.23,0,0,0,Maze1,const_contra_visual_rotation,0
1691597728950,0.62,0.219,-1.23,0,0,0,Maze1,const_contra_visual_rotation,0
1691597728967,0.62,0.219,-1.23,0,0,0,Maze1,const_contra_visual_rotation,0
1691597728984,0.62,0.219,-1.23,0,0,0,Maze1,const_contra_visual_rotation,0
1691597729000,0.62,0.219,-1.23,0,0,0,Maze1,const_contra_visual_rotation,0
1691597729017,0.62,0.219,-1.23,0,0,0,Maze1,const_contra_visual_rotation,0
1691597729051,0.62,0.219,-1.23,0,0,0,Maze1,const_contra_visual_rotation,0
1691597729068,0.62,0.219,-1.23,0,0,0,Maze1,const_contra_visual_rotation,0
1691597729085,0.62,0.219,-1.23,0,0,0,Maze1,const_contra_visual_rotation,0
1691597729100,0.619583,0.219,-1.23,0,0,0,Maze1,const_contra_visual_rotation,0
1691597729117,0.619583,0.219,-1.23,0,0,0,Maze1,const_contra_visual_rotation,0
1691597729150,0.619583,0.219,-1.23,0,0,0,Maze1,const_contra_visual_rotation,0
1691597729167,0.619583,0.219,-1.23,0,0,0,Maze1,const_contra_visual_rotation,0
1691597729184,0.619583,0.219,-1.23,0,0,0,Maze1,const_contra_visual_rotation,0
1691597729200,0.619583,0.219,-1.23,0,0,0,Maze1,const_contra_visual_rotation,0
1691597729217,0.619583,0.219,-1.23,0,0,0,Maze1,const_contra_visual_rotation,0
1691597729251,0.6183307,0.219,-1.23,0,0,0,Maze1,const_contra_visual_rotation,0
1691597729267,0.6170819,0.219,-1.23,0,0,0,Maze1,const_contra_visual_rotation,0
1691597729283,0.6154116,0.219,-1.23,0,0,0,Maze1,const_contra_visual_rotation,0
1691597729300,0.6133303,0.219,-1.23,0,0,0,Maze1,const_contra_visual_rotation,0
1691597729317,0.6108334,0.219,-1.23,0,0,0,Maze1,const_contra_visual_rotation,0
1691597729335,0.6079208,0.219,-1.23,0,0,0,Maze1,const_contra_visual_rotation,0
1691597729368,0.6007872,0.219,-1.23,0,0,0,Maze1,const_contra_visual_rotation,0
1691597729383,0.5966215,0.219,-1.23,0,0,0,Maze1,const_contra_visual_rotation,0
1691597729401,0.5920402,0.219,-1.23,0,0,0,Maze1,const_contra_visual_rotation,0
1691597729417,0.5870432,0.219,-1.23,0,0,0,Maze1,const_contra_visual_rotation,0
1691597729451,0.5758022,0.219,-1.23,0,0,0,Maze1,const_contra_visual_rotation,0
1691597729467,0.5695583,0.219,-1.23,0,0,0,Maze1,const_contra_visual_rotation,0
1691597729484,0.5628986,0.219,-1.23,0,0,0,Maze1,const_contra_visual_rotation,0
1691597729500,0.5558233,0.219,-1.23,0,0,0,Maze1,const_contra_visual_rotation,0
1691597729517,0.5483324,0.219,-1.23,0,0,0,Maze1,const_contra_visual_rotation,0
1691597729551,0.5320926,0.219,-1.23,0,0,0,Maze1,const_contra_visual_rotation,0
1691597729567,0.5237694,0.219,-1.23,0,0,0,Maze1,const_contra_visual_rotation,0
1691597729583,0.5154331,0.219,-1.23,0,0,0,Maze1,const_contra_visual_rotation,0
1691597729600,0.5071099,0.219,-1.23,0,0,0,Maze1,const_contra_visual_rotation,0
1691597729617,0.4987565,0.219,-1.23,0,0,0,Maze1,const_contra_visual_rotation,0
1691597729650,0.48211,0.219,-1.23,0,0,0,Maze1,const_contra_visual_rotation,0
1691597729667,0.4737868,0.219,-1.23,0,0,0,Maze1,const_contra_visual_rotation,0
1691597729684,0.4654636,0.219,-1.23,0,0,0,Maze1,const_contra_visual_rotation,0
1691597729700,0.4571229,0.219,-1.23,0,0,0,Maze1,const_contra_visual_rotation,0
1691597729717,0.4487996,0.219,-1.23,0,0,0,Maze1,const_contra_visual_rotation,0
1691597729750,0.4320972,0.219,-1.23,0,0,0,Maze1,const_contra_visual_rotation,0
1691597729767,0.423774,0.219,-1.23,0,0,0,Maze1,const_contra_visual_rotation,0
1691597729784,0.4154508,0.219,-1.23,0,0,0,Maze1,const_contra_visual_rotation,0
1691597729800,0.4071275,0.219,-1.23,0,0,0,Maze1,const_contra_visual_rotation,0
1691597729817,0.3988043,0.219,-1.23,0,0,0,Maze1,const_contra_visual_rotation,0
1691597729851,0.3821247,0.219,-1.23,0,0,0,Maze1,const_contra_visual_rotation,0
1691597729867,0.3738014,0.219,-1.23,0,0,0,Maze1,const_contra_visual_rotation,0
1691597729884,0.3654258,0.219,-1.23,0,0,0,Maze1,const_contra_visual_rotation,0
1691597729900,0.3571026,0.219,-1.23,0,0,0,Maze1,const_contra_visual_rotation,0
1691597729917,0.3487794,0.219,-1.23,0,0,0,Maze1,const_contra_visual_rotation,0
1691597729950,0.3321329,0.219,-1.23,0,0,0,Maze1,const_contra_visual_rotation,0
1691597729967,0.3238097,0.219,-1.23,0,0,0,Maze1,const_contra_visual_rotation,0
1691597729983,0.3154864,0.219,-1.23,0,0,0,Maze1,const_contra_visual_rotation,0
1691597730000,0.3071414,0.219,-1.23,0,0,0,Maze1,const_contra_visual_rotation,0
1691597730016,0.2988053,0.219,-1.23,0,0,0,Maze1,const_contra_visual_rotation,0
1691597730050,0.2821589,0.219,-1.23,0,0,0,Maze1,const_contra_visual_rotation,0
1691597730067,0.2738356,0.219,-1.23,0,0,0,Maze1,const_contra_visual_rotation,0
1691597730083,0.2655124,0.219,-1.23,0,0,0,Maze1,const_contra_visual_rotation,0
1691597730100,0.2571892,0.219,-1.23,0,0,0,Maze1,const_contra_visual_rotation,0
1691597730117,0.2488299,0.219,-1.23,0,0,0,Maze1,const_contra_visual_rotation,0
1691597730151,0.2321456,0.219,-1.23,0,0,0,Maze1,const_contra_visual_rotation,0
1691597730166,0.2238224,0.219,-1.23,0,0,0,Maze1,const_contra_visual_rotation,0
1691597730184,0.2154992,0.219,-1.23,0,0,0,Maze1,const_contra_visual_rotation,0
1691597730200,0.2071759,0.219,-1.23,0,0,0,Maze1,const_contra_visual_rotation,0
1691597730217,0.1988406,0.219,-1.23,0,0,0,Maze1,const_contra_visual_rotation,0
1691597730253,0.1821798,0.219,-1.23,0,0,0,Maze1,const_contra_visual_rotation,0
1691597730266,0.1738086,0.219,-1.23,0,0,0,Maze1,const_contra_visual_rotation,0
1691597730283,0.1654854,0.219,-1.23,0,0,0,Maze1,const_contra_visual_rotation,0
1691597730300,0.1571622,0.219,-1.23,0,0,0,Maze1,const_contra_visual_rotation,0
1691597730316,0.148839,0.219,-1.23,0,0,0,Maze1,const_contra_visual_rotation,0
1691597730351,0.1321748,0.219,-1.23,0,0,0,Maze1,const_contra_visual_rotation,0
1691597730367,0.1238516,0.219,-1.23,0,0,0,Maze1,const_contra_visual_rotation,0
1691597730383,0.1155284,0.219,-1.23,0,0,0,Maze1,const_contra_visual_rotation,0
1691597730400,0.1071937,0.219,-1.23,0,0,0,Maze1,const_contra_visual_rotation,0
1691597730417,0.09884768,0.219,-1.23,0,0,0,Maze1,const_contra_visual_rotation,0
1691597730450,0.08220122,0.219,-1.23,0,0,0,Maze1,const_contra_visual_rotation,0
1691597730468,0.07386672,0.219,-1.23,0,0,0,Maze1,const_contra_visual_rotation,0
1691597730484,0.0655435,0.219,-1.23,0,0,0,Maze1,const_contra_visual_rotation,0
1691597730500,0.05718077,0.219,-1.23,0,0,0,Maze1,const_contra_visual_rotation,0
1691597730516,0.04885755,0.219,-1.23,0,0,0,Maze1,const_contra_visual_rotation,0
1691597730550,0.03221109,0.219,-1.23,0,0,0,Maze1,const_contra_visual_rotation,0
1691597730567,0.02386792,0.219,-1.23,0,0,0,Maze1,const_contra_visual_rotation,0
1691597730583,0.01554469,0.219,-1.23,0,0,0,Maze1,const_contra_visual_rotation,0
1691597730600,0.007221464,0.219,-1.23,0,0,0,Maze1,const_contra_visual_rotation,0
1691597730616,-0.001101764,0.219,-1.23,0,0,0,Maze1,const_contra_visual_rotation,0
1691597730651,-0.01777948,0.219,-1.23,0,0,0,Maze1,const_contra_visual_rotation,0
1691597730666,-0.02610271,0.219,-1.23,0,0,0,Maze1,const_contra_visual_rotation,0
1691597730683,-0.03442594,0.219,-1.23,0,0,0,Maze1,const_contra_visual_rotation,0
1691597730700,-0.04279724,0.219,-1.23,0,0,0,Maze1,const_contra_visual_rotation,0
1691597730717,-0.05112047,0.219,-1.23,0,0,0,Maze1,const_contra_visual_rotation,0
1691597730750,-0.06776692,0.219,-1.23,0,0,0,Maze1,const_contra_visual_rotation,0
1691597730767,-0.07609015,0.219,-1.23,0,0,0,Maze1,const_contra_visual_rotation,0
1691597730784,-0.08441338,0.219,-1.23,0,0,0,Maze1,const_contra_visual_rotation,0
1691597730801,-0.0928062,0.219,-1.23,0,0,0,Maze1,const_contra_visual_rotation,0
1691597730816,-0.1011294,0.219,-1.23,0,0,0,Maze1,const_contra_visual_rotation,0
1691597730851,-0.1177759,0.219,-1.23,0,0,0,Maze1,const_contra_visual_rotation,0
1691597730866,-0.1260991,0.219,-1.23,0,0,0,Maze1,const_contra_visual_rotation,0
1691597730883,-0.1344223,0.219,-1.23,0,0,0,Maze1,const_contra_visual_rotation,0
1691597730900,-0.1427626,0.219,-1.23,0,0,0,Maze1,const_contra_visual_rotation,0
1691597730916,-0.1510858,0.219,-1.23,0,0,0,Maze1,const_contra_visual_rotation,0
1691597730950,-0.1677582,0.219,-1.23,0,0,0,Maze1,const_contra_visual_rotation,0
1691597730966,-0.1760814,0.219,-1.23,0,0,0,Maze1,const_contra_visual_rotation,0
1691597730983,-0.1844046,0.219,-1.23,0,0,0,Maze1,const_contra_visual_rotation,0
1691597731000,-0.1927278,0.219,-1.23,0,0,0,Maze1,const_contra_visual_rotation,0
1691597731016,-0.2010511,0.219,-1.23,0,0,0,Maze1,const_contra_visual_rotation,0
1691597731051,-0.2177422,0.219,-1.23,0,0,0,Maze1,const_contra_visual_rotation,0
1691597731067,-0.2260654,0.219,-1.23,0,0,0,Maze1,const_contra_visual_rotation,0
1691597731084,-0.2343886,0.219,-1.23,0,0,0,Maze1,const_contra_visual_rotation,0
1691597731100,-0.2427118,0.219,-1.23,0,0,0,Maze1,const_contra_visual_rotation,0
1691597731116,-0.2510351,0.219,-1.23,0,0,0,Maze1,const_contra_visual_rotation,0
1691597731151,-0.2677361,0.219,-1.23,0,0,0,Maze1,const_contra_visual_rotation,0
1691597731167,-0.2760593,0.219,-1.23,0,0,0,Maze1,const_contra_visual_rotation,0
1691597731183,-0.2843826,0.219,-1.23,0,0,0,Maze1,const_contra_visual_rotation,0
1691597731200,-0.2927058,0.219,-1.23,0,0,0,Maze1,const_contra_visual_rotation,0
1691597731216,-0.3010554,0.219,-1.23,0,0,0,Maze1,const_contra_visual_rotation,0
1691597731250,-0.31772,0.219,-1.23,0,0,0,Maze1,const_contra_visual_rotation,0
1691597731268,-0.3260432,0.219,-1.23,0,0,0,Maze1,const_contra_visual_rotation,0
1691597731283,-0.3343664,0.219,-1.23,0,0,0,Maze1,const_contra_visual_rotation,0
1691597731300,-0.3427149,0.219,-1.23,0,0,0,Maze1,const_contra_visual_rotation,0
1691597731316,-0.3510526,0.219,-1.23,0,0,0,Maze1,const_contra_visual_rotation,0
1691597731350,-0.367699,0.219,-1.23,0,0,0,Maze1,const_contra_visual_rotation,0
1691597731366,-0.3760368,0.219,-1.23,0,0,0,Maze1,const_contra_visual_rotation,0
1691597731383,-0.38436,0.219,-1.23,0,0,0,Maze1,const_contra_visual_rotation,0
1691597731400,-0.392714,0.219,-1.23,0,0,0,Maze1,const_contra_visual_rotation,0
1691597731416,-0.4010372,0.219,-1.23,0,0,0,Maze1,const_contra_visual_rotation,0
1691597731450,-0.4177257,0.219,-1.23,0,0,0,Maze1,const_contra_visual_rotation,0
1691597731467,-0.426049,0.219,-1.23,0,0,0,Maze1,const_contra_visual_rotation,0
1691597731484,-0.4343722,0.219,-1.23,0,0,0,Maze1,const_contra_visual_rotation,0
1691597731500,-0.4426954,0.219,-1.23,0,0,0,Maze1,const_contra_visual_rotation,0
1691597731516,-0.4510186,0.219,-1.23,0,0,0,Maze1,const_contra_visual_rotation,0
1691597731550,-0.4676835,0.219,-1.23,0,0,0,Maze1,const_contra_visual_rotation,0
1691597731567,-0.4760348,0.219,-1.23,0,0,0,Maze1,const_contra_visual_rotation,0
1691597731584,-0.484358,0.219,-1.23,0,0,0,Maze1,const_contra_visual_rotation,0
1691597731600,-0.4926812,0.219,-1.23,0,0,0,Maze1,const_contra_visual_rotation,0
1691597731616,-0.5010045,0.219,-1.23,0,0,0,Maze1,const_contra_visual_rotation,0
1691597731651,-0.5176509,0.219,-1.23,0,0,0,Maze1,const_contra_visual_rotation,0
1691597731666,-0.5259742,0.219,-1.23,0,0,0,Maze1,const_contra_visual_rotation,0
1691597731683,-0.5343233,0.219,-1.23,0,0,0,Maze1,const_contra_visual_rotation,0
1691597731700,-0.5426784,0.219,-1.23,0,0,0,Maze1,const_contra_visual_rotation,0
1691597731716,-0.5510016,0.219,-1.23,0,0,0,Maze1,const_contra_visual_rotation,0
1691597731750,-0.5676481,0.219,-1.23,0,0,0,Maze1,const_contra_visual_rotation,0
1691597731768,-0.5760061,0.219,-1.23,0,0,0,Maze1,const_contra_visual_rotation,0
1691597731783,-0.5843293,0.219,-1.23,0,0,0,Maze1,const_contra_visual_rotation,0
1691597731800,-0.5926525,0.219,-1.23,0,0,0,Maze1,const_contra_visual_rotation,0
1691597731816,-0.6009983,0.219,-1.23,0,0,0,Maze1,const_contra_visual_rotation,0
1691597731850,-0.6176578,0.219,-1.23,0,0,0,Maze1,const_contra_visual_rotation,0
1691597731866,-0.6259811,0.219,-1.23,0,0,0,Maze1,const_contra_visual_rotation,0
1691597731883,-0.634395,0.219,-1.23,0,0,0,Maze1,const_contra_visual_rotation,0
1691597731900,-0.6427183,0.219,-1.23,0,0,0,Maze1,const_contra_visual_rotation,0
1691597731916,-0.6510414,0.219,-1.23,0,0,0,Maze1,const_contra_visual_rotation,0
1691597731950,-0.6676879,0.219,-1.23,0,0,0,Maze1,const_contra_visual_rotation,0
1691597731966,-0.6760111,0.219,-1.23,0,0,0,Maze1,const_contra_visual_rotation,0
1691597731983,-0.6843344,0.219,-1.23,0,0,0,Maze1,const_contra_visual_rotation,0
1691597732000,-0.6926576,0.219,-1.23,0,0,0,Maze1,const_contra_visual_rotation,0
1691597732016,-0.7009808,0.219,-1.23,0,0,0,Maze1,const_contra_visual_rotation,0
1691597732050,-0.7176368,0.219,-1.23,0,0,0,Maze1,const_contra_visual_rotation,0
1691597732066,-0.72596,0.219,-1.23,0,0,0,Maze1,const_contra_visual_rotation,0
1691597732083,-0.7342832,0.219,-1.23,0,0,0,Maze1,const_contra_visual_rotation,0
1691597732099,-0.7426292,0.219,-1.23,0,0,0,Maze1,const_contra_visual_rotation,0
1691597732117,-0.7509524,0.219,-1.23,0,0,0,Maze1,const_contra_visual_rotation,0
1691597732150,-0.7676315,0.219,-1.23,0,0,0,Maze1,const_contra_visual_rotation,0
1691597732166,-0.7759547,0.219,-1.23,0,0,0,Maze1,const_contra_visual_rotation,0
1691597732184,-0.7842779,0.219,-1.23,0,0,0,Maze1,const_contra_visual_rotation,0
1691597732199,-0.792616,0.219,-1.23,0,0,0,Maze1,const_contra_visual_rotation,0
1691597732216,-0.8009657,0.219,-1.23,0,0,0,Maze1,const_contra_visual_rotation,0
1691597732249,-0.817624,0.219,-1.23,0,0,0,Maze1,const_contra_visual_rotation,0
1691597732266,-0.8259473,0.219,-1.23,0,0,0,Maze1,const_contra_visual_rotation,0
1691597732283,-0.8342705,0.219,-1.23,0,0,0,Maze1,const_contra_visual_rotation,0
1691597732299,-0.8426098,0.219,-1.23,0,0,0,Maze1,const_contra_visual_rotation,0
1691597732316,-0.8509331,0.219,-1.23,0,0,0,Maze1,const_contra_visual_rotation,0
1691597732349,-0.8675994,0.219,-1.23,0,0,0,Maze1,const_contra_visual_rotation,0
1691597732366,-0.8759316,0.219,-1.23,0,0,0,Maze1,const_contra_visual_rotation,0
1691597732383,-0.8842548,0.219,-1.23,0,0,0,Maze1,const_contra_visual_rotation,0
1691597732400,-0.8926127,0.219,-1.23,0,0,0,Maze1,const_contra_visual_rotation,0
1691597732416,-0.9009359,0.219,-1.23,0,0,0,Maze1,const_contra_visual_rotation,0
1691597732449,-0.91772,0.219,-1.23,0,0,0,Maze1,const_contra_visual_rotation,0
1691597732466,-0.9260433,0.219,-1.23,0,0,0,Maze1,const_contra_visual_rotation,0
1691597732483,-0.9343665,0.219,-1.23,0,0,0,Maze1,const_contra_visual_rotation,0
1691597732499,-0.9426897,0.219,-1.23,0,0,0,Maze1,const_contra_visual_rotation,0
1691597732516,-0.951013,0.219,-1.23,0,0,0,Maze1,const_contra_visual_rotation,0
1691597732550,-0.9676594,0.219,-1.23,0,0,0,Maze1,const_contra_visual_rotation,0
1691597732566,-0.9759827,0.219,-1.23,0,0,0,Maze1,const_contra_visual_rotation,0
1691597732583,-0.9843059,0.219,-1.23,0,0,0,Maze1,const_contra_visual_rotation,0
1691597732600,-0.9926291,0.219,-1.23,0,0,0,Maze1,const_contra_visual_rotation,0
1691597732616,-1.000952,0.219,-1.23,0,0,0,Maze1,const_contra_visual_rotation,0
1691597732650,-1.017599,0.219,-1.23,0,0,0,Maze1,const_contra_visual_rotation,0
1691597732666,-1.025922,0.219,-1.23,0,0,0,Maze1,const_contra_visual_rotation,0
1691597732683,-1.034245,0.219,-1.23,0,0,0,Maze1,const_contra_visual_rotation,0
1691597732700,-1.042568,0.219,-1.23,0,0,0,Maze1,const_contra_visual_rotation,0
1691597732716,-1.050892,0.219,-1.23,0,0,0,Maze1,const_contra_visual_rotation,0
1691597732751,-1.067538,0.219,-1.23,0,0,0,Maze1,const_contra_visual_rotation,0
1691597732766,-1.075883,0.219,-1.23,0,0,0,Maze1,const_contra_visual_rotation,0
1691597732784,-1.08424,0.219,-1.23,0,0,0,Maze1,const_contra_visual_rotation,0
1691597732800,-1.092563,0.219,-1.23,0,0,0,Maze1,const_contra_visual_rotation,0
1691597732816,-1.100887,0.219,-1.23,0,0,0,Maze1,const_contra_visual_rotation,0
1691597732850,-1.117533,0.219,-1.23,0,0,0,Maze1,const_contra_visual_rotation,0
1691597732867,-1.125856,0.219,-1.23,0,0,0,Maze1,const_contra_visual_rotation,0
1691597732883,-1.13421,0.219,-1.23,0,0,0,Maze1,const_contra_visual_rotation,0
1691597732899,-1.142534,0.219,-1.23,0,0,0,Maze1,const_contra_visual_rotation,0
1691597732916,-1.150878,0.219,-1.23,0,0,0,Maze1,const_contra_visual_rotation,0
1691597732949,-1.167548,0.219,-1.23,0,0,0,Maze1,const_contra_visual_rotation,0
1691597732967,-1.175872,0.219,-1.23,0,0,0,Maze1,const_contra_visual_rotation,0
1691597732983,-1.184248,0.219,-1.23,0,0,0,Maze1,const_contra_visual_rotation,0
1691597733000,-1.192571,0.219,-1.23,0,0,0,Maze1,const_contra_visual_rotation,0
1691597733016,-1.200894,0.219,-1.23,0,0,0,Maze1,const_contra_visual_rotation,0
1691597733049,-1.217541,0.219,-1.23,0,0,0,Maze1,const_contra_visual_rotation,0
1691597733067,-1.225864,0.219,-1.23,0,0,0,Maze1,const_contra_visual_rotation,0
1691597733083,-1.234196,0.219,-1.23,0,0,0,Maze1,const_contra_visual_rotation,0
1691597733099,-1.242534,0.219,-1.23,0,0,0,Maze1,const_contra_visual_rotation,0
1691597733116,-1.250857,0.219,-1.23,0,0,0,Maze1,const_contra_visual_rotation,0
1691597733149,-1.267539,0.219,-1.23,0,0,0,Maze1,const_contra_visual_rotation,0
1691597733166,-1.275862,0.219,-1.23,0,0,0,Maze1,const_contra_visual_rotation,0
1691597733183,-1.284205,0.219,-1.23,0,0,0,Maze1,const_contra_visual_rotation,0
1691597733199,-1.292528,0.219,-1.23,0,0,0,Maze1,const_contra_visual_rotation,0
1691597733216,-1.300851,0.219,-1.23,0,0,0,Maze1,const_contra_visual_rotation,0
1691597733250,-1.317497,0.219,-1.23,0,0,0,Maze1,const_contra_visual_rotation,0
1691597733266,-1.325843,0.219,-1.23,0,0,0,Maze1,const_contra_visual_rotation,0
1691597733283,-1.334166,0.219,-1.23,0,0,0,Maze1,const_contra_visual_rotation,0
1691597733300,-1.342489,0.219,-1.23,0,0,0,Maze1,const_contra_visual_rotation,0
1691597733316,-1.350831,0.219,-1.23,0,0,0,Maze1,const_contra_visual_rotation,0
1691597733349,-1.367497,0.219,-1.23,0,0,0,Maze1,const_contra_visual_rotation,0
1691597733366,-1.37583,0.219,-1.23,0,0,0,Maze1,const_contra_visual_rotation,0
1691597733383,-1.384185,0.219,-1.23,0,0,0,Maze1,const_contra_visual_rotation,0
1691597733400,-1.392509,0.219,-1.23,0,0,0,Maze1,const_contra_visual_rotation,0
1691597733416,-1.400832,0.219,-1.23,0,0,0,Maze1,const_contra_visual_rotation,0
1691597733450,-1.417503,0.219,-1.23,0,0,0,Maze1,const_contra_visual_rotation,0
1691597733466,-1.425827,0.219,-1.23,0,0,0,Maze1,const_contra_visual_rotation,0
1691597733483,-1.43417,0.219,-1.23,0,0,0,Maze1,const_contra_visual_rotation,0
1691597733500,-1.442493,0.219,-1.23,0,0,0,Maze1,const_contra_visual_rotation,0
1691597733516,-1.450816,0.219,-1.23,0,0,0,Maze1,const_contra_visual_rotation,0
1691597733567,-1.467484,0.219,-1.23,0,0,0,Maze1,const_contra_visual_rotation,0
1691597733569,-1.467484,0.219,-1.23,0,0,0,Maze1,const_contra_visual_rotation,0
1691597733583,-1.481033,0.219,-1.23,0,0,0,Maze1,const_contra_visual_rotation,0
1691597733599,-1.481033,0.219,-1.23,0,0,0,Maze1,const_contra_visual_rotation,0
1691597733617,-1.481033,0.219,-1.23,0,0,0,Maze1,const_contra_visual_rotation,0
1691597733649,-1.481033,0.219,-1.23,0,0,0,Maze1,const_contra_visual_rotation,0
1691597733666,-1.481033,0.219,-1.23,0,0,0,Maze1,const_contra_visual_rotation,0
1691597733683,-1.481033,0.219,-1.23,0,0,0,Maze1,const_contra_visual_rotation,0
1691597733699,-1.481033,0.219,-1.23,0,0,0,Maze1,const_contra_visual_rotation,0
1691597733716,-1.481033,0.219,-1.23,0,0,0,Maze1,const_contra_visual_rotation,0
1691597733749,-1.481033,0.219,-1.23,0,0,0,Maze1,const_contra_visual_rotation,0
1691597733766,-1.481033,0.219,-1.23,0,0,0,Maze1,const_contra_visual_rotation,0
1691597733783,-1.481033,0.219,-1.23,0,0,0,Maze1,const_contra_visual_rotation,0
1691597733800,-1.481033,0.219,-1.23,0,0,0,Maze1,const_contra_visual_rotation,0
1691597733816,-1.481033,0.219,-1.23,0,0,0,Maze1,const_contra_visual_rotation,0
1691597733850,-1.481033,0.219,-1.23,0,0,0,Maze1,const_contra_visual_rotation,0
1691597733866,-1.481033,0.219,-1.23,0,0,0,Maze1,const_contra_visual_rotation,0
1691597733882,-1.481033,0.219,-1.23,0,0,0,Maze1,const_contra_visual_rotation,0
1691597733899,-1.481033,0.219,-1.23,0,0,0,Maze1,const_contra_visual_rotation,0
1691597733916,-1.481033,0.219,-1.23,0,0,0,Maze1,const_contra_visual_rotation,0
1691597733949,-1.481033,0.219,-1.23,0,0,0,Maze1,const_contra_visual_rotation,0
1691597733966,-1.481033,0.219,-1.23,0,0,0,Maze1,const_contra_visual_rotation,0
1691597733983,-1.481033,0.219,-1.23,0,0,0,Maze1,const_contra_visual_rotation,0
1691597734000,-1.481033,0.219,-1.23,0,0,0,Maze1,const_contra_visual_rotation,0
1691597734016,-1.481033,0.219,-1.23,0,0,0,Maze1,const_contra_visual_rotation,0
1691597734049,-1.481033,0.219,-1.23,0,0,0,Maze1,const_contra_visual_rotation,0
1691597734066,-1.481033,0.219,-1.23,0,0,0,Maze1,const_contra_visual_rotation,0
1691597734082,-1.481033,0.219,-1.23,0,0,0,Maze1,const_contra_visual_rotation,0
1691597734099,-1.481033,0.219,-1.23,0,0,0,Maze1,const_contra_visual_rotation,0
1691597734116,-1.481033,0.219,-1.23,0,0,0,Maze1,const_contra_visual_rotation,0
1691597734149,-1.481033,0.219,-1.23,0,0,0,Maze1,const_contra_visual_rotation,0
1691597734166,-1.481033,0.219,-1.23,0,0,0,Maze1,const_contra_visual_rotation,0
1691597734183,-1.481033,0.219,-1.23,0,0,0,Maze1,const_contra_visual_rotation,0
1691597734199,-1.481033,0.219,-1.23,0,0,0,Maze1,const_contra_visual_rotation,0
1691597734216,-1.481033,0.219,-1.23,0,0,0,Maze1,const_contra_visual_rotation,0
1691597734249,-1.481033,0.219,-1.23,0,0,0,Maze1,const_contra_visual_rotation,0
1691597734266,-1.481033,0.219,-1.23,0,0,0,Maze1,const_contra_visual_rotation,0
1691597734282,-1.481033,0.219,-1.23,0,0,0,Maze1,const_contra_visual_rotation,0
1691597734300,-1.481033,0.219,-1.23,0,0,0,Maze1,const_contra_visual_rotation,0
1691597734316,-1.481033,0.219,-1.23,0,0,0,Maze1,const_contra_visual_rotation,0
1691597734349,-1.481033,0.219,-1.23,0,0,0,Maze1,const_contra_visual_rotation,0
1691597734366,-1.481033,0.219,-1.23,0,0,0,Maze1,const_contra_visual_rotation,0
1691597734382,-1.481033,0.219,-1.23,0,0,0,Maze1,const_contra_visual_rotation,0
1691597734399,-1.481033,0.219,-1.23,0,0,0,Maze1,const_contra_visual_rotation,0
1691597734416,-1.481033,0.219,-1.23,0,0,0,Maze1,const_contra_visual_rotation,0
1691597734450,-1.481033,0.219,-1.23,0,0,0,Maze1,const_contra_visual_rotation,0
1691597734466,-1.481033,0.219,-1.23,0,0,0,Maze1,const_contra_visual_rotation,0
1691597734482,-1.481033,0.219,-1.23,0,0,0,Maze1,const_contra_visual_rotation,0
1691597734499,-1.481033,0.219,-1.23,0,0,0,Maze1,const_contra_visual_rotation,0
1691597734516,-1.481033,0.219,-1.23,0,0,0,Maze1,const_contra_visual_rotation,0
1691597734549,-1.481033,0.219,-1.23,0,0,0,Maze1,const_contra_visual_rotation,0
1691597734566,-1.481033,0.219,-1.23,0,0,0,Maze1,const_contra_visual_rotation,0
1691597734582,-1.481033,0.219,-1.23,0,0,0,Maze1,const_contra_visual_rotation,0
1691597734599,-1.481033,0.219,-1.23,0,0,0,Maze1,const_contra_visual_rotation,0
1691597734616,-1.481033,0.219,-1.23,0,0,0,Maze1,const_contra_visual_rotation,0
1691597734649,-1.481033,0.219,-1.23,0,0,0,Maze1,const_contra_visual_rotation,0
1691597734666,-1.481033,0.219,-1.23,0,0,0,Maze1,const_contra_visual_rotation,0
1691597734682,-1.481033,0.219,-1.23,0,0,0,Maze1,const_contra_visual_rotation,0
1691597734699,-1.481033,0.219,-1.23,0,0,0,Maze1,const_contra_visual_rotation,0
1691597734716,-1.481033,0.219,-1.23,0,0,0,Maze1,const_contra_visual_rotation,0
1691597734749,-1.481033,0.219,-1.23,0,0,0,Maze1,const_contra_visual_rotation,0
1691597734766,-1.481033,0.219,-1.23,0,0,0,Maze1,const_contra_visual_rotation,0
1691597734782,-1.481033,0.219,-1.23,0,0,0,Maze1,const_contra_visual_rotation,0
1691597734800,-1.481033,0.219,-1.23,0,0,0,Maze1,const_contra_visual_rotation,0
1691597734818,-1.481033,0.219,-1.23,0,0,0,Maze1,const_contra_visual_rotation,0
1691597734849,-1.481033,0.219,-1.23,0,0,0,Maze1,const_contra_visual_rotation,0
1691597734867,-1.481033,0.219,-1.23,0,0,0,Maze1,const_contra_visual_rotation,0
1691597734883,-1.481033,0.219,-1.23,0,0,0,Maze1,const_contra_visual_rotation,0
1691597734900,-1.481033,0.219,-1.23,0,0,0,Maze1,const_contra_visual_rotation,0
1691597734916,-1.481033,0.219,-1.23,0,0,0,Maze1,const_contra_visual_rotation,0
1691597734949,-1.481033,0.219,-1.23,0,0,0,Maze1,const_contra_visual_rotation,0
1691597734966,-1.481033,0.219,-1.23,0,0,0,Maze1,const_contra_visual_rotation,0
1691597734983,-1.481033,0.219,-1.23,0,0,0,Maze1,const_contra_visual_rotation,0
1691597734999,-1.481033,0.219,-1.23,0,0,0,Maze1,const_contra_visual_rotation,0
1691597735016,-1.481033,0.219,-1.23,0,0,0,Maze1,const_contra_visual_rotation,0
1691597735050,-1.481033,0.219,-1.23,0,0,0,Maze1,const_contra_visual_rotation,0
1691597735066,-1.481033,0.219,-1.23,0,0,0,Maze1,const_contra_visual_rotation,0
1691597735082,-1.481033,0.219,-1.23,0,0,0,Maze1,const_contra_visual_rotation,0
1691597735099,-1.481033,0.219,-1.23,0,0,0,Maze1,const_contra_visual_rotation,0
1691597735115,-1.481033,0.219,-1.23,0,0,0,Maze1,const_contra_visual_rotation,0
1691597735150,-1.481033,0.219,-1.23,0,0,0,Maze1,const_contra_visual_rotation,0
1691597735166,-1.481033,0.219,-1.230418,0,0,0,Maze1,const_contra_visual_rotation,0
1691597735183,-1.481033,0.219,-1.23125,0,0,0,Maze1,const_contra_visual_rotation,0
1691597735199,-1.481033,0.219,-1.2325,0,0,0,Maze1,const_contra_visual_rotation,0
1691597735216,-1.481033,0.219,-1.234171,0,0,0,Maze1,const_contra_visual_rotation,0
1691597735250,-1.481033,0.219,-1.238749,0,0,0,Maze1,const_contra_visual_rotation,0
1691597735265,-1.481033,0.219,-1.241662,0,0,0,Maze1,const_contra_visual_rotation,0
1691597735282,-1.481033,0.219,-1.24499,0,0,0,Maze1,const_contra_visual_rotation,0
1691597735299,-1.481033,0.219,-1.248758,0,0,0,Maze1,const_contra_visual_rotation,0
1691597735316,-1.481033,0.219,-1.252927,0,0,0,Maze1,const_contra_visual_rotation,0
1691597735350,-1.481033,0.219,-1.262499,0,0,0,Maze1,const_contra_visual_rotation,0
1691597735365,-1.481033,0.219,-1.267909,0,0,0,Maze1,const_contra_visual_rotation,0
1691597735382,-1.481033,0.219,-1.273734,0,0,0,Maze1,const_contra_visual_rotation,0
1691597735399,-1.481033,0.219,-1.279975,0,0,0,Maze1,const_contra_visual_rotation,0
1691597735416,-1.481033,0.219,-1.286639,0,0,0,Maze1,const_contra_visual_rotation,0
1691597735450,-1.481033,0.219,-1.301218,0,0,0,Maze1,const_contra_visual_rotation,0
1691597735466,-1.481033,0.219,-1.309123,0,0,0,Maze1,const_contra_visual_rotation,0
1691597735482,-1.481033,0.219,-1.317477,0,0,0,Maze1,const_contra_visual_rotation,0
1691597735499,-1.481033,0.219,-1.325811,0,0,0,Maze1,const_contra_visual_rotation,0
1691597735516,-1.481033,0.219,-1.334149,0,0,0,Maze1,const_contra_visual_rotation,0
1691597735549,-1.481033,0.219,-1.350796,0,0,0,Maze1,const_contra_visual_rotation,0
1691597735566,-1.481033,0.219,-1.359119,0,0,0,Maze1,const_contra_visual_rotation,0
1691597735583,-1.481033,0.219,-1.367455,0,0,0,Maze1,const_contra_visual_rotation,0
1691597735599,-1.481033,0.219,-1.375807,0,0,0,Maze1,const_contra_visual_rotation,0
1691597735616,-1.481033,0.219,-1.384193,0,0,0,Maze1,const_contra_visual_rotation,0
1691597735649,-1.481033,0.219,-1.40084,0,0,0,Maze1,const_contra_visual_rotation,0
1691597735665,-1.481033,0.219,-1.409163,0,0,0,Maze1,const_contra_visual_rotation,0
1691597735683,-1.481033,0.219,-1.417486,0,0,0,Maze1,const_contra_visual_rotation,0
1691597735699,-1.481033,0.219,-1.425809,0,0,0,Maze1,const_contra_visual_rotation,0
1691597735716,-1.481033,0.219,-1.434133,0,0,0,Maze1,const_contra_visual_rotation,0
1691597735750,-1.481033,0.219,-1.450779,0,0,0,Maze1,const_contra_visual_rotation,0
1691597735766,-1.481033,0.219,-1.459102,0,0,0,Maze1,const_contra_visual_rotation,0
1691597735782,-1.481033,0.219,-1.467426,0,0,0,Maze1,const_contra_visual_rotation,0
1691597735799,-1.481033,0.219,-1.475749,0,0,0,Maze1,const_contra_visual_rotation,0
1691597735816,-1.481033,0.219,-1.484072,0,0,0,Maze1,const_contra_visual_rotation,0
1691597735849,-1.481033,0.219,-1.500764,0,0,0,Maze1,const_contra_visual_rotation,0
1691597735866,-1.481033,0.219,-1.509088,0,0,0,Maze1,const_contra_visual_rotation,0
1691597735883,-1.481033,0.219,-1.517443,0,0,0,Maze1,const_contra_visual_rotation,0
1691597735899,-1.481033,0.219,-1.525775,0,0,0,Maze1,const_contra_visual_rotation,0
1691597735916,-1.481033,0.219,-1.534099,0,0,0,Maze1,const_contra_visual_rotation,0
1691597735950,-1.481033,0.219,-1.550754,0,0,0,Maze1,const_contra_visual_rotation,0
1691597735966,-1.481033,0.219,-1.559077,0,0,0,Maze1,const_contra_visual_rotation,0
1691597735982,-1.481033,0.219,-1.567424,0,0,0,Maze1,const_contra_visual_rotation,0
1691597735999,-1.481033,0.219,-1.575747,0,0,0,Maze1,const_contra_visual_rotation,0
1691597736016,-1.481033,0.219,-1.58407,0,0,0,Maze1,const_contra_visual_rotation,0
1691597736049,-1.481033,0.219,-1.600755,0,0,0,Maze1,const_contra_visual_rotation,0
1691597736067,-1.481033,0.219,-1.609078,0,0,0,Maze1,const_contra_visual_rotation,0
1691597736083,-1.481033,0.219,-1.617401,0,0,0,Maze1,const_contra_visual_rotation,0
1691597736099,-1.481033,0.219,-1.625805,0,0,0,Maze1,const_contra_visual_rotation,0
1691597736115,-1.481033,0.219,-1.634128,0,0,0,Maze1,const_contra_visual_rotation,0
1691597736149,-1.481033,0.219,-1.650774,0,0,0,Maze1,const_contra_visual_rotation,0
1691597736166,-1.481033,0.219,-1.659098,0,0,0,Maze1,const_contra_visual_rotation,0
1691597736182,-1.481033,0.219,-1.667421,0,0,0,Maze1,const_contra_visual_rotation,0
1691597736199,-1.481033,0.219,-1.675744,0,0,0,Maze1,const_contra_visual_rotation,0
1691597736216,-1.481033,0.219,-1.684067,0,0,0,Maze1,const_contra_visual_rotation,0
1691597736251,-1.481033,0.219,-1.700731,0,0,0,Maze1,const_contra_visual_rotation,0
1691597736265,-1.481033,0.219,-1.709055,0,0,0,Maze1,const_contra_visual_rotation,0
1691597736282,-1.481033,0.219,-1.717397,0,0,0,Maze1,const_contra_visual_rotation,0
1691597736299,-1.481033,0.219,-1.725721,0,0,0,Maze1,const_contra_visual_rotation,0
1691597736315,-1.481033,0.219,-1.734044,0,0,0,Maze1,const_contra_visual_rotation,0
1691597736349,-1.481033,0.219,-1.75069,0,0,0,Maze1,const_contra_visual_rotation,0
1691597736366,-1.481033,0.219,-1.759041,0,0,0,Maze1,const_contra_visual_rotation,0
1691597736382,-1.481033,0.219,-1.767364,0,0,0,Maze1,const_contra_visual_rotation,0
1691597736398,-1.481033,0.219,-1.775687,0,0,0,Maze1,const_contra_visual_rotation,0
1691597736416,-1.481033,0.219,-1.784011,0,0,0,Maze1,const_contra_visual_rotation,0
1691597736449,-1.481033,0.219,-1.800771,0,0,0,Maze1,const_contra_visual_rotation,0
1691597736465,-1.481033,0.219,-1.809094,0,0,0,Maze1,const_contra_visual_rotation,0
1691597736482,-1.481033,0.219,-1.817418,0,0,0,Maze1,const_contra_visual_rotation,0
1691597736499,-1.481033,0.219,-1.825741,0,0,0,Maze1,const_contra_visual_rotation,0
1691597736516,-1.481033,0.219,-1.834064,0,0,0,Maze1,const_contra_visual_rotation,0
1691597736550,-1.481033,0.219,-1.850711,0,0,0,Maze1,const_contra_visual_rotation,0
1691597736565,-1.481033,0.219,-1.859034,0,0,0,Maze1,const_contra_visual_rotation,0
1691597736583,-1.481033,0.219,-1.867357,0,0,0,Maze1,const_contra_visual_rotation,0
1691597736599,-1.481033,0.219,-1.87568,0,0,0,Maze1,const_contra_visual_rotation,0
1691597736616,-1.481033,0.219,-1.884028,0,0,0,Maze1,const_contra_visual_rotation,0
1691597736649,-1.481033,0.219,-1.900703,0,0,0,Maze1,const_contra_visual_rotation,0
1691597736665,-1.481033,0.219,-1.909026,0,0,0,Maze1,const_contra_visual_rotation,0
1691597736683,-1.481033,0.219,-1.91735,0,0,0,Maze1,const_contra_visual_rotation,0
1691597736698,-1.481033,0.219,-1.925673,0,0,0,Maze1,const_contra_visual_rotation,0
1691597736716,-1.481033,0.219,-1.933996,0,0,0,Maze1,const_contra_visual_rotation,0
1691597736750,-1.481033,0.219,-1.95068,0,0,0,Maze1,const_contra_visual_rotation,0
1691597736766,-1.481033,0.219,-1.959003,0,0,0,Maze1,const_contra_visual_rotation,0
1691597736782,-1.481033,0.219,-1.967338,0,0,0,Maze1,const_contra_visual_rotation,0
1691597736799,-1.481033,0.219,-1.975661,0,0,0,Maze1,const_contra_visual_rotation,0
1691597736816,-1.481033,0.219,-1.984008,0,0,0,Maze1,const_contra_visual_rotation,0
1691597736851,-1.481033,0.219,-2.000654,0,0,0,Maze1,const_contra_visual_rotation,0
1691597736866,-1.481033,0.219,-2.008977,0,0,0,Maze1,const_contra_visual_rotation,0
1691597736882,-1.481033,0.219,-2.017301,0,0,0,Maze1,const_contra_visual_rotation,0
1691597736899,-1.481033,0.219,-2.025624,0,0,0,Maze1,const_contra_visual_rotation,0
1691597736916,-1.481033,0.219,-2.033995,0,0,0,Maze1,const_contra_visual_rotation,0
1691597736950,-1.481033,0.219,-2.050641,0,0,0,Maze1,const_contra_visual_rotation,0
1691597736965,-1.481033,0.219,-2.058988,0,0,0,Maze1,const_contra_visual_rotation,0
1691597736982,-1.481033,0.219,-2.06732,0,0,0,Maze1,const_contra_visual_rotation,0
1691597736998,-1.481033,0.219,-2.075643,0,0,0,Maze1,const_contra_visual_rotation,0
1691597737015,-1.481033,0.219,-2.083978,0,0,0,Maze1,const_contra_visual_rotation,0
1691597737049,-1.481033,0.219,-2.100634,0,0,0,Maze1,const_contra_visual_rotation,0
1691597737066,-1.481033,0.219,-2.108958,0,0,0,Maze1,const_contra_visual_rotation,0
1691597737082,-1.481033,0.219,-2.117293,0,0,0,Maze1,const_contra_visual_rotation,0
1691597737099,-1.481033,0.219,-2.125617,0,0,0,Maze1,const_contra_visual_rotation,0
1691597737116,-1.481033,0.219,-2.133981,0,0,0,Maze1,const_contra_visual_rotation,0
1691597737149,-1.481033,0.219,-2.150638,0,0,0,Maze1,const_contra_visual_rotation,0
1691597737166,-1.481033,0.219,-2.158961,0,0,0,Maze1,const_contra_visual_rotation,0
1691597737182,-1.481033,0.219,-2.167284,0,0,0,Maze1,const_contra_visual_rotation,0
1691597737198,-1.481033,0.219,-2.175608,0,0,0,Maze1,const_contra_visual_rotation,0
1691597737216,-1.481033,0.219,-2.183962,0,0,0,Maze1,const_contra_visual_rotation,0
1691597737249,-1.481033,0.219,-2.200609,0,0,0,Maze1,const_contra_visual_rotation,0
1691597737265,-1.481033,0.219,-2.208932,0,0,0,Maze1,const_contra_visual_rotation,0
1691597737283,-1.481033,0.219,-2.217288,0,0,0,Maze1,const_contra_visual_rotation,0
1691597737300,-1.481033,0.219,-2.225611,0,0,0,Maze1,const_contra_visual_rotation,0
1691597737315,-1.481033,0.219,-2.233934,0,0,0,Maze1,const_contra_visual_rotation,0
1691597737349,-1.481033,0.219,-2.236333,0,0,0,Maze1,const_contra_visual_rotation,0
1691597737365,-1.481033,0.219,-2.236333,0,0,0,Maze1,const_contra_visual_rotation,0
1691597737382,-1.481033,0.219,-2.236333,0,0,0,Maze1,const_contra_visual_rotation,0
1691597737398,-1.481033,0.219,-2.236333,0,0,0,Maze1,const_contra_visual_rotation,0
1691597737416,-1.481033,0.219,-2.236333,0,0,0,Maze1,const_contra_visual_rotation,0
1691597737449,-1.481033,0.219,-2.236333,0,0,0,Maze1,const_contra_visual_rotation,0
1691597737465,-1.481033,0.219,-2.236333,0,0,0,Maze1,const_contra_visual_rotation,0
1691597737482,-1.481033,0.219,-2.236333,0,0,0,Maze1,const_contra_visual_rotation,0
1691597737499,-1.481033,0.219,-2.236333,0,0,0,Maze1,const_contra_visual_rotation,0
1691597737516,-1.481033,0.219,-2.236333,0,0,0,Maze1,const_contra_visual_rotation,0
1691597737549,-1.481033,0.219,-2.236333,0,0,0,Maze1,const_contra_visual_rotation,0
1691597737565,-1.481033,0.219,-2.236333,0,0,0,Maze1,const_contra_visual_rotation,0
1691597737582,-1.481033,0.219,-2.236333,0,0,0,Maze1,const_contra_visual_rotation,0
1691597737598,-1.481033,0.219,-2.236333,0,0,0,Maze1,const_contra_visual_rotation,0
1691597737615,-1.481033,0.219,-2.236333,0,0,0,Maze1,const_contra_visual_rotation,0
1691597737649,-1.481033,0.219,-2.236333,0,0,0,Maze1,const_contra_visual_rotation,0
1691597737665,-1.481033,0.219,-2.236333,0,0,0,Maze1,const_contra_visual_rotation,0
1691597737682,-1.481033,0.219,-2.236333,0,0,0,Maze1,const_contra_visual_rotation,0
1691597737698,-1.481033,0.219,-2.236333,0,0,0,Maze1,const_contra_visual_rotation,0
1691597737716,-1.481033,0.219,-2.236333,0,0,0,Maze1,const_contra_visual_rotation,0
1691597737749,-1.481033,0.219,-2.236333,0,0,0,Maze1,const_contra_visual_rotation,0
1691597737765,-1.481033,0.219,-2.236333,0,0,0,Maze1,const_contra_visual_rotation,0
1691597737783,-1.481033,0.219,-2.236333,0,0,0,Maze1,const_contra_visual_rotation,0
1691597737799,-1.481033,0.219,-2.236333,0,0,0,Maze1,const_contra_visual_rotation,0
1691597737816,-1.481033,0.219,-2.236333,0,0,0,Maze1,const_contra_visual_rotation,0
1691597737852,-1.481033,0.219,-2.236333,0,0,0,Maze1,const_contra_visual_rotation,0
1691597737865,-1.481033,0.219,-2.236333,0,0,0,Maze1,const_contra_visual_rotation,0
1691597737882,-1.481033,0.219,-2.236333,0,0,0,Maze1,const_contra_visual_rotation,0
1691597737898,-1.481033,0.219,-2.236333,0,0,0,Maze1,const_contra_visual_rotation,0
1691597737915,-1.481033,0.219,-2.236333,0,0,0,Maze1,const_contra_visual_rotation,0
1691597737949,-1.481033,0.219,-2.236333,0,0,0,Maze1,const_contra_visual_rotation,0
1691597737965,-1.481033,0.219,-2.236333,0,0,0,Maze1,const_contra_visual_rotation,0
1691597737982,-1.481033,0.219,-2.236333,0,0,0,Maze1,const_contra_visual_rotation,0
1691597737998,-1.481033,0.219,-2.236333,0,0,0,Maze1,const_contra_visual_rotation,0
1691597738015,-1.481033,0.219,-2.236333,0,0,0,Maze1,const_contra_visual_rotation,0
1691597738049,-1.481033,0.219,-2.236333,0,0,0,Maze1,const_contra_visual_rotation,0
1691597738065,-1.481033,0.219,-2.236333,0,0,0,Maze1,const_contra_visual_rotation,0
1691597738082,-1.481033,0.219,-2.236333,0,0,0,Maze1,const_contra_visual_rotation,0
1691597738099,-1.478968,0.219,-2.238399,0,0,0,Maze1,const_contra_visual_rotation,0
1691597738115,-1.477201,0.219,-2.238676,0,0,0,Maze1,const_contra_visual_rotation,0
1691597738149,-1.474548,0.219,-2.238677,0,0,0,Maze1,const_contra_visual_rotation,0
1691597738165,-1.473664,0.219,-2.238677,0,0,0,Maze1,const_contra_visual_rotation,0
1691597738182,-1.473075,0.219,-2.238677,0,0,0,Maze1,const_contra_visual_rotation,0
1691597738198,-1.472779,0.219,-2.238677,0,0,0,Maze1,const_contra_visual_rotation,0
1691597738216,-1.472779,0.219,-2.238677,0,0,0,Maze1,const_contra_visual_rotation,0
1691597738250,-1.472779,0.219,-2.238677,0,0,0,Maze1,const_contra_visual_rotation,0
1691597738267,-1.472779,0.219,-2.238677,0,0,0,Maze1,const_contra_visual_rotation,0
1691597738282,-1.472779,0.219,-2.238677,0,0,0,Maze1,const_contra_visual_rotation,0
1691597738299,-1.472779,0.219,-2.238677,0,0,0,Maze1,const_contra_visual_rotation,0
1691597738315,-1.472779,0.219,-2.238677,0,0,0,Maze1,const_contra_visual_rotation,0
1691597738348,-1.472779,0.219,-2.238677,0,0,0,Maze1,const_contra_visual_rotation,0
1691597738365,-1.472779,0.219,-2.238677,0,0,0,Maze1,const_contra_visual_rotation,0
1691597738381,-1.472779,0.219,-2.238677,0,0,0,Maze1,const_contra_visual_rotation,0
1691597738400,-1.472779,0.219,-2.238677,0,0,0,Maze1,const_contra_visual_rotation,0
1691597738415,-1.472779,0.219,-2.238677,0,0,0,Maze1,const_contra_visual_rotation,0
1691597738449,-1.472779,0.219,-2.238677,0,0,0,Maze1,const_contra_visual_rotation,0
1691597738465,-1.472779,0.219,-2.238677,0,0,0,Maze1,const_contra_visual_rotation,0
1691597738482,-1.472779,0.219,-2.238677,0,0,0,Maze1,const_contra_visual_rotation,0
1691597738499,-1.472779,0.219,-2.238677,0,0,0,Maze1,const_contra_visual_rotation,0
1691597738515,-1.472779,0.219,-2.238677,0,0,0,Maze1,const_contra_visual_rotation,0
1691597738548,-1.47236,0.219,-2.238677,0,0,0,Maze1,const_contra_visual_rotation,0
1691597738565,-1.471527,0.219,-2.238677,0,0,0,Maze1,const_contra_visual_rotation,0
1691597738581,-1.470278,0.219,-2.238677,0,0,0,Maze1,const_contra_visual_rotation,0
1691597738599,-1.468614,0.219,-2.238677,0,0,0,Maze1,const_contra_visual_rotation,0
1691597738615,-1.466529,0.219,-2.238677,0,0,0,Maze1,const_contra_visual_rotation,0
1691597738648,-1.461121,0.219,-2.238677,0,0,0,Maze1,const_contra_visual_rotation,0
1691597738665,-1.457793,0.219,-2.238677,0,0,0,Maze1,const_contra_visual_rotation,0
1691597738682,-1.454049,0.219,-2.238677,0,0,0,Maze1,const_contra_visual_rotation,0
1691597738699,-1.44989,0.219,-2.238677,0,0,0,Maze1,const_contra_visual_rotation,0
1691597738716,-1.445286,0.219,-2.238677,0,0,0,Maze1,const_contra_visual_rotation,0
1691597738749,-1.434851,0.219,-2.238677,0,0,0,Maze1,const_contra_visual_rotation,0
1691597738765,-1.429025,0.219,-2.238677,0,0,0,Maze1,const_contra_visual_rotation,0
1691597738782,-1.422783,0.219,-2.238677,0,0,0,Maze1,const_contra_visual_rotation,0
1691597738798,-1.416113,0.219,-2.238677,0,0,0,Maze1,const_contra_visual_rotation,0
1691597738815,-1.409039,0.219,-2.238677,0,0,0,Maze1,const_contra_visual_rotation,0
1691597738848,-1.393644,0.219,-2.238677,0,0,0,Maze1,const_contra_visual_rotation,0
1691597738865,-1.385322,0.219,-2.238677,0,0,0,Maze1,const_contra_visual_rotation,0
1691597738881,-1.376999,0.219,-2.238677,0,0,0,Maze1,const_contra_visual_rotation,0
1691597738898,-1.368676,0.219,-2.238677,0,0,0,Maze1,const_contra_visual_rotation,0
1691597738915,-1.360313,0.219,-2.238677,0,0,0,Maze1,const_contra_visual_rotation,0
1691597738949,-1.343659,0.219,-2.238677,0,0,0,Maze1,const_contra_visual_rotation,0
1691597738965,-1.335335,0.219,-2.238677,0,0,0,Maze1,const_contra_visual_rotation,0
1691597738982,-1.326983,0.219,-2.238677,0,0,0,Maze1,const_contra_visual_rotation,0
1691597738998,-1.31866,0.219,-2.238677,0,0,0,Maze1,const_contra_visual_rotation,0
1691597739015,-1.310336,0.219,-2.238677,0,0,0,Maze1,const_contra_visual_rotation,0
1691597739050,-1.293678,0.219,-2.238677,0,0,0,Maze1,const_contra_visual_rotation,0
1691597739065,-1.285355,0.219,-2.238677,0,0,0,Maze1,const_contra_visual_rotation,0
1691597739082,-1.277006,0.219,-2.238677,0,0,0,Maze1,const_contra_visual_rotation,0
1691597739098,-1.268683,0.219,-2.238677,0,0,0,Maze1,const_contra_visual_rotation,0
1691597739115,-1.260359,0.219,-2.238677,0,0,0,Maze1,const_contra_visual_rotation,0
1691597739149,-1.243683,0.219,-2.238677,0,0,0,Maze1,const_contra_visual_rotation,0
1691597739165,-1.235359,0.219,-2.238677,0,0,0,Maze1,const_contra_visual_rotation,0
1691597739181,-1.226999,0.219,-2.238677,0,0,0,Maze1,const_contra_visual_rotation,0
1691597739198,-1.218675,0.219,-2.238677,0,0,0,Maze1,const_contra_visual_rotation,0
1691597739215,-1.210352,0.219,-2.238677,0,0,0,Maze1,const_contra_visual_rotation,0
1691597739248,-1.19367,0.219,-2.238677,0,0,0,Maze1,const_contra_visual_rotation,0
1691597739265,-1.185347,0.219,-2.238677,0,0,0,Maze1,const_contra_visual_rotation,0
1691597739282,-1.177024,0.219,-2.238677,0,0,0,Maze1,const_contra_visual_rotation,0
1691597739298,-1.1687,0.219,-2.238677,0,0,0,Maze1,const_contra_visual_rotation,0
1691597739315,-1.16036,0.219,-2.238677,0,0,0,Maze1,const_contra_visual_rotation,0
1691597739348,-1.143692,0.219,-2.238677,0,0,0,Maze1,const_contra_visual_rotation,0
1691597739365,-1.135369,0.219,-2.238677,0,0,0,Maze1,const_contra_visual_rotation,0
1691597739382,-1.127046,0.219,-2.238677,0,0,0,Maze1,const_contra_visual_rotation,0
1691597739398,-1.118723,0.219,-2.238677,0,0,0,Maze1,const_contra_visual_rotation,0
1691597739415,-1.11037,0.219,-2.238677,0,0,0,Maze1,const_contra_visual_rotation,0
1691597739448,-1.09371,0.219,-2.238677,0,0,0,Maze1,const_contra_visual_rotation,0
1691597739465,-1.085374,0.219,-2.238677,0,0,0,Maze1,const_contra_visual_rotation,0
1691597739482,-1.07705,0.219,-2.238677,0,0,0,Maze1,const_contra_visual_rotation,0
1691597739499,-1.068727,0.219,-2.238677,0,0,0,Maze1,const_contra_visual_rotation,0
1691597739515,-1.060369,0.219,-2.238677,0,0,0,Maze1,const_contra_visual_rotation,0
1691597739549,-1.043705,0.219,-2.238677,0,0,0,Maze1,const_contra_visual_rotation,0
1691597739565,-1.035382,0.219,-2.238677,0,0,0,Maze1,const_contra_visual_rotation,0
1691597739582,-1.027059,0.219,-2.238677,0,0,0,Maze1,const_contra_visual_rotation,0
1691597739598,-1.018736,0.219,-2.238677,0,0,0,Maze1,const_contra_visual_rotation,0
1691597739615,-1.010385,0.219,-2.238677,0,0,0,Maze1,const_contra_visual_rotation,0
1691597739648,-0.993711,0.219,-2.238677,0,0,0,Maze1,const_contra_visual_rotation,0
1691597739665,-0.9853877,0.219,-2.238677,0,0,0,Maze1,const_contra_visual_rotation,0
1691597739681,-0.9770645,0.219,-2.238677,0,0,0,Maze1,const_contra_visual_rotation,0
1691597739698,-0.9687413,0.219,-2.238677,0,0,0,Maze1,const_contra_visual_rotation,0
1691597739715,-0.9604054,0.219,-2.238677,0,0,0,Maze1,const_contra_visual_rotation,0
1691597739748,-0.9437454,0.219,-2.238677,0,0,0,Maze1,const_contra_visual_rotation,0
1691597739765,-0.9354222,0.219,-2.238677,0,0,0,Maze1,const_contra_visual_rotation,0
1691597739782,-0.9276666,0.219,-2.238677,0,0,0,Maze1,const_contra_visual_rotation,0
1691597739799,-0.9276666,0.219,-2.238677,0,0,0,Maze1,const_contra_visual_rotation,1
1691597739815,-0.9276666,0.219,-2.238677,0,0,0,Maze1,const_contra_visual_rotation,0
1691597739848,-0.9276666,0.219,-2.238677,0,0,0,Maze1,const_contra_visual_rotation,0
1691597739865,-0.9276666,0.219,-2.238677,0,0,0,Maze1,const_contra_visual_rotation,0
1691597739882,-0.9276666,0.219,-2.238677,0,0,0,Maze1,const_contra_visual_rotation,0
1691597739899,-0.9276666,0.219,-2.238677,0,0,0,Maze1,const_contra_visual_rotation,0
1691597739915,-0.9276666,0.219,-2.238677,0,0,0,Maze1,const_contra_visual_rotation,0
1691597739949,-0.9276665,0.219,-2.238677,0,0,0,Maze1,const_contra_visual_rotation,0
1691597739965,-0.9276665,0.219,-2.238677,0,0,0,Maze1,const_contra_visual_rotation,0
1691597739981,-0.9276665,0.219,-2.238677,0,0,0,Maze1,const_contra_visual_rotation,0
1691597739998,-0.9276665,0.219,-2.238677,0,0,0,Maze1,const_contra_visual_rotation,0
1691597740015,-0.9276665,0.219,-2.238677,0,0,0,Maze1,const_contra_visual_rotation,0
1691597740048,-0.9276665,0.219,-2.238677,0,0,0,Maze1,const_contra_visual_rotation,0
1691597740064,-0.9276665,0.219,-2.238677,0,0,0,Maze1,const_contra_visual_rotation,0
1691597740082,-0.9276665,0.219,-2.238677,0,0,0,Maze1,const_contra_visual_rotation,0
1691597740098,-0.9276665,0.219,-2.238677,0,0,0,Maze1,const_contra_visual_rotation,0
1691597740115,-0.9276665,0.219,-2.238677,0,0,0,Maze1,const_contra_visual_rotation,0
1691597740148,-0.9276665,0.219,-2.238677,0,0,0,Maze1,const_contra_visual_rotation,0
1691597740165,-0.9276665,0.219,-2.238677,0,0,0,Maze1,const_contra_visual_rotation,0
1691597740182,-0.9276665,0.219,-2.238677,0,0,0,Maze1,const_contra_visual_rotation,0
1691597740198,-0.9276665,0.219,-2.238677,0,0,0,Maze1,const_contra_visual_rotation,0
1691597740215,-0.9276665,0.219,-2.238677,0,0,0,Maze1,const_contra_visual_rotation,0
1691597740248,-0.9276665,0.219,-2.238677,0,0,0,Maze1,const_contra_visual_rotation,0
1691597740265,-0.9276665,0.219,-2.238677,0,0,0,Maze1,const_contra_visual_rotation,0
1691597740282,-0.9276665,0.219,-2.238677,0,0,0,Maze1,const_contra_visual_rotation,0
1691597740299,-0.9276665,0.219,-2.238677,0,0,0,Maze1,const_contra_visual_rotation,0
1691597740315,-0.9276665,0.219,-2.238677,0,0,0,Maze1,const_contra_visual_rotation,0
1691597740348,-0.9276665,0.219,-2.238677,0,0,0,Maze1,const_contra_visual_rotation,0
1691597740365,-0.9276665,0.219,-2.238677,0,0,0,Maze1,const_contra_visual_rotation,0
1691597740382,-0.9276665,0.219,-2.238677,0,0,0,Maze1,const_contra_visual_rotation,0
1691597740398,-0.9276665,0.219,-2.238677,0,0,0,Maze1,const_contra_visual_rotation,0
1691597740415,-0.9276665,0.219,-2.238677,0,0,0,Maze1,const_contra_visual_rotation,0
1691597740448,-0.9276665,0.219,-2.238677,0,0,0,Maze1,const_contra_visual_rotation,0
1691597740465,-0.9276665,0.219,-2.238677,0,0,0,Maze1,const_contra_visual_rotation,0
1691597740481,-0.9276665,0.219,-2.238677,0,0,0,Maze1,const_contra_visual_rotation,0
1691597740499,-0.9276665,0.219,-2.238677,0,0,0,Maze1,const_contra_visual_rotation,0
1691597740515,-0.9276665,0.219,-2.238677,0,0,0,Maze1,const_contra_visual_rotation,0
1691597740548,-0.9276665,0.219,-2.238677,0,0,0,Maze1,const_contra_visual_rotation,0
1691597740564,-0.9276665,0.219,-2.238677,0,0,0,Maze1,const_contra_visual_rotation,0
1691597740581,-0.9276665,0.219,-2.238677,0,0,0,Maze1,const_contra_visual_rotation,0
1691597740598,-0.9276665,0.219,-2.238677,0,0,0,Maze1,const_contra_visual_rotation,0
1691597740615,-0.9276665,0.219,-2.238677,0,0,0,Maze1,const_contra_visual_rotation,0
1691597740648,-0.9276665,0.219,-2.238677,0,0,0,Maze1,const_contra_visual_rotation,0
1691597740665,-0.9276665,0.219,-2.238677,0,0,0,Maze1,const_contra_visual_rotation,0
1691597740682,-0.9276665,0.219,-2.238677,0,0,0,Maze1,const_contra_visual_rotation,0
1691597740698,-0.9276665,0.219,-2.238677,0,0,0,Maze1,const_contra_visual_rotation,0
1691597740715,-0.9276665,0.219,-2.238677,0,0,0,Maze1,const_contra_visual_rotation,0
1691597740748,-0.9276665,0.219,-2.238677,0,0,0,Maze1,const_contra_visual_rotation,0
1691597740764,-0.9276665,0.219,-2.238677,0,0,0,Maze1,const_contra_visual_rotation,0
1691597740782,-0.9276665,0.219,-2.238677,0,0,0,Maze1,const_contra_visual_rotation,0
1691597740798,-0.9276665,0.219,-2.238677,0,0,0,Maze1,const_contra_visual_rotation,0
1691597740815,-0.9276665,0.219,-2.238677,0,0,0,Maze1,const_contra_visual_rotation,0
1691597740848,-0.9276665,0.219,-2.238677,0,0,0,Maze1,const_contra_visual_rotation,0
1691597740864,-0.9276665,0.219,-2.238677,0,0,0,Maze1,const_contra_visual_rotation,0
1691597740881,-0.9276665,0.219,-2.238677,0,0,0,Maze1,const_contra_visual_rotation,0
1691597740898,-0.9276665,0.219,-2.238677,0,0,0,Maze1,const_contra_visual_rotation,0
1691597740915,-0.9276665,0.219,-2.238677,0,0,0,Maze1,const_contra_visual_rotation,0
1691597740949,-0.9276665,0.219,-2.238677,0,0,0,Maze1,const_contra_visual_rotation,0
1691597740965,-0.9276665,0.219,-2.238677,0,0,0,Maze1,const_contra_visual_rotation,0
1691597740981,-0.9276665,0.219,-2.238677,0,0,0,Maze1,const_contra_visual_rotation,0
1691597740997,-0.9276665,0.219,-2.238677,0,0,0,Maze1,const_contra_visual_rotation,0
1691597741015,-0.9276665,0.219,-2.238677,0,0,0,Maze1,const_contra_visual_rotation,0
1691597741048,-0.9276665,0.219,-2.238677,0,0,0,Maze1,const_contra_visual_rotation,0
1691597741065,-0.9276665,0.219,-2.238677,0,0,0,Maze1,const_contra_visual_rotation,0
1691597741081,-0.9276665,0.219,-2.238677,0,0,0,Maze1,const_contra_visual_rotation,0
1691597741098,-0.9276665,0.219,-2.238677,0,0,0,Maze1,const_contra_visual_rotation,0
1691597741114,-0.9276665,0.219,-2.238677,0,0,0,Maze1,const_contra_visual_rotation,0
1691597741148,-0.9276665,0.219,-2.238677,0,0,0,Maze1,const_contra_visual_rotation,0
1691597741164,-0.9276665,0.219,-2.238677,0,0,0,Maze1,const_contra_visual_rotation,0
1691597741181,-0.9276665,0.219,-2.238677,0,0,0,Maze1,const_contra_visual_rotation,0
1691597741198,-0.9276665,0.219,-2.238677,0,0,0,Maze1,const_contra_visual_rotation,0
1691597741215,-0.9276665,0.219,-2.238677,0,0,0,Maze1,const_contra_visual_rotation,0
1691597741249,-0.9276665,0.219,-2.238677,0,0,0,Maze1,const_contra_visual_rotation,0
1691597741264,-0.9276665,0.219,-2.238677,0,0,0,Maze1,const_contra_visual_rotation,0
1691597741281,-0.9276665,0.219,-2.238677,0,0,0,Maze1,const_contra_visual_rotation,0
1691597741297,-0.9276665,0.219,-2.238677,0,0,0,Maze1,const_contra_visual_rotation,0
1691597741314,-0.9276665,0.219,-2.238677,0,0,0,Maze1,const_contra_visual_rotation,0
1691597741348,-0.9276665,0.219,-2.238677,0,0,0,Maze1,const_contra_visual_rotation,0
1691597741365,-0.9276665,0.219,-2.238677,0,0,0,Maze1,const_contra_visual_rotation,0
1691597741381,-0.9276665,0.219,-2.238677,0,0,0,Maze1,const_contra_visual_rotation,0
1691597741397,-0.9276665,0.219,-2.238677,0,0,0,Maze1,const_contra_visual_rotation,0
1691597741414,-0.9276665,0.219,-2.238677,0,0,0,Maze1,const_contra_visual_rotation,0
1691597741448,-0.9276665,0.219,-2.238677,0,0,0,Maze1,const_contra_visual_rotation,0
1691597741465,-0.9276665,0.219,-2.238677,0,0,0,Maze1,const_contra_visual_rotation,0
1691597741481,-0.9276665,0.219,-2.238677,0,0,0,Maze1,const_contra_visual_rotation,0
1691597741498,-0.9276665,0.219,-2.238677,0,0,0,Maze1,const_contra_visual_rotation,0
1691597741514,-0.9276665,0.219,-2.238677,0,0,0,Maze1,const_contra_visual_rotation,0
1691597741548,-0.9276665,0.219,-2.238677,0,0,0,Maze1,const_contra_visual_rotation,0
1691597741565,-0.9276665,0.219,-2.238677,0,0,0,Maze1,const_contra_visual_rotation,0
1691597741582,-0.9276665,0.219,-2.238677,0,0,0,Maze1,const_contra_visual_rotation,0
1691597741598,-0.9276665,0.219,-2.238677,0,0,0,Maze1,const_contra_visual_rotation,0
1691597741614,-0.9276665,0.219,-2.238677,0,0,0,Maze1,const_contra_visual_rotation,0
1691597741648,-0.9276665,0.219,-2.238677,0,0,0,Maze1,const_contra_visual_rotation,0
1691597741665,-0.9276665,0.219,-2.238677,0,0,0,Maze1,const_contra_visual_rotation,0
1691597741681,-0.9276665,0.219,-2.238677,0,0,0,Maze1,const_contra_visual_rotation,0
1691597741698,-0.9276665,0.219,-2.238677,0,0,0,Maze1,const_contra_visual_rotation,0
1691597741715,-0.9276665,0.219,-2.238677,0,0,0,Maze1,const_contra_visual_rotation,0
1691597741747,-0.9276665,0.219,-2.238677,0,0,0,Maze1,const_contra_visual_rotation,0
1691597741764,-0.9276665,0.219,-2.238677,0,0,0,Maze1,const_contra_visual_rotation,0
1691597741781,-0.9276665,0.219,-2.238677,0,0,0,Maze1,const_contra_visual_rotation,0
1691597741798,-0.9276665,0.219,-2.238677,0,0,0,Maze1,const_contra_visual_rotation,0
1691597741815,-0.9276665,0.219,-2.238677,0,0,0,Maze1,const_contra_visual_rotation,0
1691597741848,-0.9276665,0.219,-2.238677,0,0,0,Maze1,const_contra_visual_rotation,0
1691597741865,-0.9276665,0.219,-2.238677,0,0,0,Maze1,const_contra_visual_rotation,0
1691597741881,-0.9276665,0.219,-2.238677,0,0,0,Maze1,const_contra_visual_rotation,0
1691597741898,-0.9276665,0.219,-2.238677,0,0,0,Maze1,const_contra_visual_rotation,0
1691597741915,-0.9276665,0.219,-2.238677,0,0,0,Maze1,const_contra_visual_rotation,0
1691597741948,-0.9276665,0.219,-2.238677,0,0,0,Maze1,const_contra_visual_rotation,0
1691597741964,-0.9276665,0.219,-2.238677,0,0,0,Maze1,const_contra_visual_rotation,0
1691597741982,-0.9276665,0.219,-2.238677,0,0,0,Maze1,const_contra_visual_rotation,0
1691597741998,-0.9276665,0.219,-2.238677,0,0,0,Maze1,const_contra_visual_rotation,0
1691597742015,-0.9276665,0.219,-2.238677,0,0,0,Maze1,const_contra_visual_rotation,0
1691597742049,-0.9276665,0.219,-2.238677,0,0,0,Maze1,const_contra_visual_rotation,0
1691597742064,-0.9276665,0.219,-2.238677,0,0,0,Maze1,const_contra_visual_rotation,0
1691597742081,-0.9276665,0.219,-2.238677,0,0,0,Maze1,const_contra_visual_rotation,0
1691597742098,-0.9276665,0.219,-2.238677,0,0,0,Maze1,const_contra_visual_rotation,0
1691597742114,-0.9276665,0.219,-2.238677,0,0,0,Maze1,const_contra_visual_rotation,0
1691597742147,-0.9276665,0.219,-2.238677,0,0,0,Maze1,const_contra_visual_rotation,0
1691597742164,-0.9276665,0.219,-2.238677,0,0,0,Maze1,const_contra_visual_rotation,0
1691597742181,-0.9276665,0.219,-2.238677,0,0,0,Maze1,const_contra_visual_rotation,0
1691597742197,-0.9276665,0.219,-2.238677,0,0,0,Maze1,const_contra_visual_rotation,0
1691597742214,-0.9276665,0.219,-2.238677,0,0,0,Maze1,const_contra_visual_rotation,0
1691597742249,-0.9276665,0.219,-2.238677,0,0,0,Maze1,const_contra_visual_rotation,0
1691597742264,-0.9276665,0.219,-2.238677,0,0,0,Maze1,const_contra_visual_rotation,0
1691597742281,-0.9276665,0.219,-2.238677,0,0,0,Maze1,const_contra_visual_rotation,0
1691597742297,-0.9276665,0.219,-2.238677,0,0,0,Maze1,const_contra_visual_rotation,0
1691597742315,-0.9276665,0.219,-2.238677,0,0,0,Maze1,const_contra_visual_rotation,0
1691597742348,-0.9276665,0.219,-2.238677,0,0,0,Maze1,const_contra_visual_rotation,0
1691597742364,-0.9276665,0.219,-2.238677,0,0,0,Maze1,const_contra_visual_rotation,0
1691597742381,-0.9276665,0.219,-2.238677,0,0,0,Maze1,const_contra_visual_rotation,0
1691597742397,-0.9276665,0.219,-2.238677,0,0,0,Maze1,const_contra_visual_rotation,0
1691597742414,-0.9276665,0.219,-2.238677,0,0,0,Maze1,const_contra_visual_rotation,0
1691597742448,-0.9276665,0.219,-2.238677,0,0,0,Maze1,const_contra_visual_rotation,0
1691597742466,-0.9276665,0.219,-2.238677,0,0,0,Maze1,const_contra_visual_rotation,0
1691597742481,-0.9276665,0.219,-2.238677,0,0,0,Maze1,const_contra_visual_rotation,0
1691597742498,-0.9276665,0.219,-2.238677,0,0,0,Maze1,const_contra_visual_rotation,0
1691597742514,-0.9276665,0.219,-2.238677,0,0,0,Maze1,const_contra_visual_rotation,0
1691597742549,-0.9276665,0.219,-2.238677,0,0,0,Maze1,const_contra_visual_rotation,0
1691597742564,-0.9276665,0.219,-2.238677,0,0,0,Maze1,const_contra_visual_rotation,0
1691597742581,-0.9276665,0.219,-2.238677,0,0,0,Maze1,const_contra_visual_rotation,0
1691597742598,-0.9276665,0.219,-2.238677,0,0,0,Maze1,const_contra_visual_rotation,0
1691597742614,-0.9276665,0.219,-2.238677,0,0,0,Maze1,const_contra_visual_rotation,0
1691597742648,-0.9276665,0.219,-2.238677,0,0,0,Maze1,const_contra_visual_rotation,0
1691597742664,-0.9276665,0.219,-2.238677,0,0,0,Maze1,const_contra_visual_rotation,0
1691597742681,-0.9276665,0.219,-2.238677,0,0,0,Maze1,const_contra_visual_rotation,0
1691597742698,-0.9276665,0.219,-2.238677,0,0,0,Maze1,const_contra_visual_rotation,0
1691597742714,-0.9276665,0.219,-2.238677,0,0,0,Maze1,const_contra_visual_rotation,0
1691597742748,-0.9276665,0.219,-2.238677,0,0,0,Maze1,const_contra_visual_rotation,0
1691597742765,-0.9276665,0.219,-2.238677,0,0,0,Maze1,const_contra_visual_rotation,0
1691597742781,-0.9276665,0.219,-2.238677,0,0,0,Maze1,const_contra_visual_rotation,0
1691597742798,-0.9276665,0.219,-2.238677,0,0,0,Maze1,const_contra_visual_rotation,0
1691597742815,-0.9276665,0.219,-2.238677,0,0,0,Maze1,const_contra_visual_rotation,0
1691597742848,-0.9276665,0.219,-2.238677,0,0,0,Maze1,const_contra_visual_rotation,0
1691597742865,-0.9276665,0.219,-2.238677,0,0,0,Maze1,const_contra_visual_rotation,0
1691597742881,-0.9276665,0.219,-2.238677,0,0,0,Maze1,const_contra_visual_rotation,0
1691597742897,-0.9276665,0.219,-2.238677,0,0,0,Maze1,const_contra_visual_rotation,0
1691597742914,-0.9276665,0.219,-2.238677,0,0,0,Maze1,const_contra_visual_rotation,0
1691597742950,-0.9276665,0.219,-2.238677,0,0,0,Maze1,const_contra_visual_rotation,0
1691597742964,-0.9276665,0.219,-2.238677,0,0,0,Maze1,const_contra_visual_rotation,0
1691597742981,-0.9276665,0.219,-2.238677,0,0,0,Maze1,const_contra_visual_rotation,0
1691597742997,-0.9276665,0.219,-2.238677,0,0,0,Maze1,const_contra_visual_rotation,0
1691597743014,-0.9276665,0.219,-2.238677,0,0,0,Maze1,const_contra_visual_rotation,0
1691597743048,-0.9276665,0.219,-2.238677,0,0,0,Maze1,const_contra_visual_rotation,0
1691597743064,-0.9276665,0.219,-2.238677,0,0,0,Maze1,const_contra_visual_rotation,0
1691597743081,-0.9276665,0.219,-2.238677,0,0,0,Maze1,const_contra_visual_rotation,0
1691597743097,-0.9276665,0.219,-2.238677,0,0,0,Maze1,const_contra_visual_rotation,0
1691597743113,-0.9276665,0.219,-2.238677,0,0,0,Maze1,const_contra_visual_rotation,0
1691597743148,-0.9276665,0.219,-2.238677,0,0,0,Maze1,const_contra_visual_rotation,0
1691597743164,-0.9276665,0.219,-2.238677,0,0,0,Maze1,const_contra_visual_rotation,0
1691597743181,-0.9276665,0.219,-2.238677,0,0,0,Maze1,const_contra_visual_rotation,0
1691597743197,-0.9276665,0.219,-2.238677,0,0,0,Maze1,const_contra_visual_rotation,0
1691597743214,-0.9276665,0.219,-2.238677,0,0,0,Maze1,const_contra_visual_rotation,0
1691597743248,-0.9276665,0.219,-2.238677,0,0,0,Maze1,const_contra_visual_rotation,0
1691597743263,-0.9276665,0.219,-2.238677,0,0,0,Maze1,const_contra_visual_rotation,0
1691597743281,-0.9276665,0.219,-2.238677,0,0,0,Maze1,const_contra_visual_rotation,0
1691597743297,-0.9276665,0.219,-2.238677,0,0,0,Maze1,const_contra_visual_rotation,0
1691597743314,-0.9276665,0.219,-2.238677,0,0,0,Maze1,const_contra_visual_rotation,0
1691597743347,-0.9276665,0.219,-2.238677,0,0,0,Maze1,const_contra_visual_rotation,0
1691597743364,-0.9276665,0.219,-2.238677,0,0,0,Maze1,const_contra_visual_rotation,0
1691597743381,-0.9276665,0.219,-2.238677,0,0,0,Maze1,const_contra_visual_rotation,0
1691597743398,-0.9276665,0.219,-2.238677,0,0,0,Maze1,const_contra_visual_rotation,0
1691597743414,-0.9276665,0.219,-2.238677,0,0,0,Maze1,const_contra_visual_rotation,0
1691597743448,-0.9276665,0.219,-2.238677,0,0,0,Maze1,const_contra_visual_rotation,0
1691597743464,-0.9276665,0.219,-2.238677,0,0,0,Maze1,const_contra_visual_rotation,0
1691597743481,-0.9276665,0.219,-2.238677,0,0,0,Maze1,const_contra_visual_rotation,0
1691597743498,-0.9276665,0.219,-2.238677,0,0,0,Maze1,const_contra_visual_rotation,0
1691597743514,-0.9276665,0.219,-2.238677,0,0,0,Maze1,const_contra_visual_rotation,0
1691597743547,-0.9276665,0.219,-2.238677,0,0,0,Maze1,const_contra_visual_rotation,0
1691597743564,-0.9276665,0.219,-2.238677,0,0,0,Maze1,const_contra_visual_rotation,0
1691597743581,-0.9276665,0.219,-2.238677,0,0,0,Maze1,const_contra_visual_rotation,0
1691597743598,-0.9276665,0.219,-2.238677,0,0,0,Maze1,const_contra_visual_rotation,0
1691597743614,-0.9276665,0.219,-2.238677,0,0,0,Maze1,const_contra_visual_rotation,0
1691597743648,-0.9276665,0.219,-2.238677,0,0,0,Maze1,const_contra_visual_rotation,0
1691597743664,-0.9276665,0.219,-2.238677,0,0,0,Maze1,const_contra_visual_rotation,0
1691597743681,-0.9276665,0.219,-2.238677,0,0,0,Maze1,const_contra_visual_rotation,0
1691597743697,-0.9276665,0.219,-2.238677,0,0,0,Maze1,const_contra_visual_rotation,0
1691597743714,-0.9276665,0.219,-2.238677,0,0,0,Maze1,const_contra_visual_rotation,0
1691597743747,-0.9276665,0.219,-2.238677,0,0,0,Maze1,const_contra_visual_rotation,0
1691597743763,-0.9276665,0.219,-2.238677,0,0,0,Maze1,const_contra_visual_rotation,0
1691597743781,-0.9276665,0.219,-2.238677,0,0,0,Maze1,const_contra_visual_rotation,0
1691597743798,-0.9276665,0.219,-2.238677,0,0,0,Maze1,const_contra_visual_rotation,0
1691597743814,-0.9276665,0.219,-2.238677,0,0,0,Maze1,const_contra_visual_rotation,0
1691597743847,-0.9276665,0.219,-2.238677,0,0,0,Maze1,const_contra_visual_rotation,0
1691597743864,-0.9276665,0.219,-2.238677,0,0,0,Maze1,const_contra_visual_rotation,0
1691597743881,-0.9276665,0.219,-2.238677,0,0,0,Maze1,const_contra_visual_rotation,0
1691597743898,-0.9276665,0.219,-2.238677,0,0,0,Maze1,const_contra_visual_rotation,0
1691597743914,-0.9276665,0.219,-2.238677,0,0,0,Maze1,const_contra_visual_rotation,0
1691597743948,-0.9276665,0.219,-2.238677,0,0,0,Maze1,const_contra_visual_rotation,0
1691597743964,-0.9276665,0.219,-2.238677,0,0,0,Maze1,const_contra_visual_rotation,0
1691597743981,-0.9276665,0.219,-2.238677,0,0,0,Maze1,const_contra_visual_rotation,0
1691597743997,-0.9276665,0.219,-2.238677,0,0,0,Maze1,const_contra_visual_rotation,0
1691597744014,-0.9276665,0.219,-2.238677,0,0,0,Maze1,const_contra_visual_rotation,0
1691597744047,-0.9276665,0.219,-2.238677,0,0,0,Maze1,const_contra_visual_rotation,0
1691597744064,-0.9276665,0.219,-2.238677,0,0,0,Maze1,const_contra_visual_rotation,0
1691597744080,-0.9276665,0.219,-2.238677,0,0,0,Maze1,const_contra_visual_rotation,0
1691597744098,-0.9276665,0.219,-2.238677,0,0,0,Maze1,const_contra_visual_rotation,0
1691597744114,-0.9276665,0.219,-2.238677,0,0,0,Maze1,const_contra_visual_rotation,0
1691597744148,-0.9276665,0.219,-2.238677,0,0,0,Maze1,const_contra_visual_rotation,0
1691597744164,-0.9276665,0.219,-2.238677,0,0,0,Maze1,const_contra_visual_rotation,0
1691597744181,-0.9276665,0.219,-2.238677,0,0,0,Maze1,const_contra_visual_rotation,0
1691597744197,-0.9276665,0.219,-2.238677,0,0,0,Maze1,const_contra_visual_rotation,0
1691597744214,-0.9276665,0.219,-2.238677,0,0,0,Maze1,const_contra_visual_rotation,0
1691597744248,-0.9276665,0.219,-2.238677,0,0,0,Maze1,const_contra_visual_rotation,0
1691597744264,-0.9276665,0.219,-2.238677,0,0,0,Maze1,const_contra_visual_rotation,0
1691597744281,-0.9276665,0.219,-2.238677,0,0,0,Maze1,const_contra_visual_rotation,0
1691597744298,-0.9276665,0.219,-2.238677,0,0,0,Maze1,const_contra_visual_rotation,0
1691597744314,-0.9276665,0.219,-2.238677,0,0,0,Maze1,const_contra_visual_rotation,0
1691597744348,-0.9276665,0.219,-2.238677,0,0,0,Maze1,const_contra_visual_rotation,0
1691597744363,-0.9276665,0.219,-2.238677,0,0,0,Maze1,const_contra_visual_rotation,0
1691597744381,-0.9276665,0.219,-2.238677,0,0,0,Maze1,const_contra_visual_rotation,0
1691597744398,-0.9276665,0.219,-2.238677,0,0,0,Maze1,const_contra_visual_rotation,0
1691597744414,-0.9276665,0.219,-2.238677,0,0,0,Maze1,const_contra_visual_rotation,0
1691597744448,-0.9276665,0.219,-2.238677,0,0,0,Maze1,const_contra_visual_rotation,0
1691597744464,-0.9276665,0.219,-2.238677,0,0,0,Maze1,const_contra_visual_rotation,0
1691597744481,-0.9276665,0.219,-2.238677,0,0,0,Maze1,const_contra_visual_rotation,0
1691597744498,-0.9276665,0.219,-2.238677,0,0,0,Maze1,const_contra_visual_rotation,0
1691597744531,-0.9276665,0.219,-2.238677,0,0,0,Maze1,const_contra_visual_rotation,0
1691597744547,-0.9276665,0.219,-2.238677,0,0,0,Maze1,const_contra_visual_rotation,0
1691597744564,-0.9276665,0.219,-2.238677,0,0,0,Maze1,const_contra_visual_rotation,0
1691597744581,-0.9276665,0.219,-2.238677,0,0,0,Maze1,const_contra_visual_rotation,0
1691597744597,-0.9276665,0.219,-2.238677,0,0,0,Maze1,const_contra_visual_rotation,0
1691597744631,-0.9276665,0.219,-2.238677,0,0,0,Maze1,const_contra_visual_rotation,0
1691597744647,-0.9276665,0.219,-2.238677,0,0,0,Maze1,const_contra_visual_rotation,0
1691597744664,-0.9276665,0.219,-2.238677,0,0,0,Maze1,const_contra_visual_rotation,0
1691597744681,-0.9276665,0.219,-2.238677,0,0,0,Maze1,const_contra_visual_rotation,0
1691597744697,-0.9276665,0.219,-2.238677,0,0,0,Maze1,const_contra_visual_rotation,0
1691597744731,-0.9276665,0.219,-2.238677,0,0,0,Maze1,const_contra_visual_rotation,0
1691597744748,-0.9276665,0.219,-2.238677,0,0,0,Maze1,const_contra_visual_rotation,0
1691597744763,-0.9276665,0.219,-2.238677,0,0,0,Maze1,const_contra_visual_rotation,0
1691597744781,-0.9276665,0.219,-2.238677,0,0,0,Maze1,const_contra_visual_rotation,0
1691597744797,-0.9276665,0.219,-2.238677,0,0,0,Maze1,const_contra_visual_rotation,0
1691597744832,-0.9276665,0.219,-2.238677,0,0,0,Maze1,const_contra_visual_rotation,0
1691597744847,-0.9276665,0.219,-2.238677,0,0,0,Maze1,const_contra_visual_rotation,0
1691597744864,-0.9276665,0.219,-2.238677,0,0,0,Maze1,const_contra_visual_rotation,0
1691597744880,-0.9276665,0.219,-2.238677,0,0,0,Maze1,const_contra_visual_rotation,0
1691597744897,-0.9276665,0.219,-2.238677,0,0,0,Maze1,const_contra_visual_rotation,0
1691597744930,-0.9276665,0.219,-2.238677,0,0,0,Maze1,const_contra_visual_rotation,0
1691597744947,-0.9276665,0.219,-2.238677,0,0,0,Maze1,const_contra_visual_rotation,0
1691597744964,-0.9276665,0.219,-2.238677,0,0,0,Maze1,const_contra_visual_rotation,0
1691597744981,-0.9276665,0.219,-2.238677,0,0,0,Maze1,const_contra_visual_rotation,0
1691597744998,-0.9276665,0.219,-2.238677,0,0,0,Maze1,const_contra_visual_rotation,0
1691597745031,-0.9276665,0.219,-2.238677,0,0,0,Maze1,const_contra_visual_rotation,0
1691597745048,-0.9276665,0.219,-2.238677,0,0,0,Maze1,const_contra_visual_rotation,0
1691597745064,-0.9276665,0.219,-2.238677,0,0,0,Maze1,const_contra_visual_rotation,0
1691597745080,-0.9276665,0.219,-2.238677,0,0,0,Maze1,const_contra_visual_rotation,0
1691597745097,-0.9276665,0.219,-2.238677,0,0,0,Maze1,const_contra_visual_rotation,0
1691597745948,0.62,0.219,0.83,0,0,0,Maze2,const_contra_visual_no_audio,6
1691597745963,0.62,0.219,0.83,0,0,0,Maze2,const_contra_visual_no_audio,0
1691597745980,0.62,0.219,0.83,0,0,0,Maze2,const_contra_visual_no_audio,0
1691597745997,0.62,0.219,0.83,0,0,0,Maze2,const_contra_visual_no_audio,0
1691597746014,0.62,0.219,0.83,0,0,0,Maze2,const_contra_visual_no_audio,0
1691597746046,0.62,0.219,0.83,0,0,0,Maze2,const_contra_visual_no_audio,0
1691597746063,0.62,0.219,0.83,0,0,0,Maze2,const_contra_visual_no_audio,0
1691597746080,0.62,0.219,0.83,0,0,0,Maze2,const_contra_visual_no_audio,0
1691597746097,0.62,0.219,0.83,0,0,0,Maze2,const_contra_visual_no_audio,0
1691597746114,0.62,0.219,0.83,0,0,0,Maze2,const_contra_visual_no_audio,0
1691597746147,0.62,0.219,0.83,0,0,0,Maze2,const_contra_visual_no_audio,0
1691597746163,0.62,0.219,0.83,0,0,0,Maze2,const_contra_visual_no_audio,0
1691597746180,0.62,0.219,0.83,0,0,0,Maze2,const_contra_visual_no_audio,0
1691597746196,0.62,0.219,0.83,0,0,0,Maze2,const_contra_visual_no_audio,0
1691597746213,0.62,0.219,0.83,0,0,0,Maze2,const_contra_visual_no_audio,0
1691597746247,0.62,0.219,0.83,0,0,0,Maze2,const_contra_visual_no_audio,0
1691597746264,0.62,0.219,0.83,0,0,0,Maze2,const_contra_visual_no_audio,0
1691597746280,0.62,0.219,0.83,0,0,0,Maze2,const_contra_visual_no_audio,0
1691597746297,0.62,0.219,0.83,0,0,0,Maze2,const_contra_visual_no_audio,0
1691597746313,0.62,0.219,0.83,0,0,0,Maze2,const_contra_visual_no_audio,0
1691597746347,0.62,0.219,0.83,0,0,0,Maze2,const_contra_visual_no_audio,0
1691597746363,0.62,0.219,0.83,0,0,0,Maze2,const_contra_visual_no_audio,0
1691597746380,0.62,0.219,0.83,0,0,0,Maze2,const_contra_visual_no_audio,0
1691597746396,0.62,0.219,0.83,0,0,0,Maze2,const_contra_visual_no_audio,0
1691597746413,0.62,0.219,0.83,0,0,0,Maze2,const_contra_visual_no_audio,0
1691597746447,0.62,0.219,0.83,0,0,0,Maze2,const_contra_visual_no_audio,0
1691597746463,0.62,0.219,0.83,0,0,0,Maze2,const_contra_visual_no_audio,0
1691597746480,0.62,0.219,0.83,0,0,0,Maze2,const_contra_visual_no_audio,0
1691597746496,0.62,0.219,0.83,0,0,0,Maze2,const_contra_visual_no_audio,0
1691597746513,0.62,0.219,0.83,0,0,0,Maze2,const_contra_visual_no_audio,0
1691597746546,0.62,0.219,0.83,0,0,0,Maze2,const_contra_visual_no_audio,0
1691597746564,0.62,0.219,0.83,0,0,0,Maze2,const_contra_visual_no_audio,0
1691597746580,0.62,0.219,0.83,0,0,0,Maze2,const_contra_visual_no_audio,0
1691597746596,0.62,0.219,0.83,0,0,0,Maze2,const_contra_visual_no_audio,0
1691597746613,0.62,0.219,0.83,0,0,0,Maze2,const_contra_visual_no_audio,0
1691597746646,0.62,0.219,0.83,0,0,0,Maze2,const_contra_visual_no_audio,0
1691597746664,0.62,0.219,0.83,0,0,0,Maze2,const_contra_visual_no_audio,0
1691597746680,0.62,0.219,0.83,0,0,0,Maze2,const_contra_visual_no_audio,0
1691597746697,0.62,0.219,0.83,0,0,0,Maze2,const_contra_visual_no_audio,0
1691597746713,0.62,0.219,0.83,0,0,0,Maze2,const_contra_visual_no_audio,0
1691597746746,0.62,0.219,0.83,0,0,0,Maze2,const_contra_visual_no_audio,0
1691597746763,0.62,0.219,0.83,0,0,0,Maze2,const_contra_visual_no_audio,0
1691597746781,0.62,0.219,0.83,0,0,0,Maze2,const_contra_visual_no_audio,0
1691597746796,0.62,0.219,0.83,0,0,0,Maze2,const_contra_visual_no_audio,0
1691597746813,0.62,0.219,0.83,0,0,0,Maze2,const_contra_visual_no_audio,0
1691597746846,0.62,0.219,0.83,0,0,0,Maze2,const_contra_visual_no_audio,0
1691597746863,0.62,0.219,0.83,0,0,0,Maze2,const_contra_visual_no_audio,0
1691597746880,0.62,0.219,0.83,0,0,0,Maze2,const_contra_visual_no_audio,0
1691597746896,0.62,0.219,0.83,0,0,0,Maze2,const_contra_visual_no_audio,0
1691597746913,0.62,0.219,0.83,0,0,0,Maze2,const_contra_visual_no_audio,0
1691597746947,0.62,0.219,0.83,0,0,0,Maze2,const_contra_visual_no_audio,0
1691597746963,0.62,0.219,0.83,0,0,0,Maze2,const_contra_visual_no_audio,0
1691597746980,0.62,0.219,0.83,0,0,0,Maze2,const_contra_visual_no_audio,0
1691597746996,0.62,0.219,0.83,0,0,0,Maze2,const_contra_visual_no_audio,0
1691597747013,0.62,0.219,0.83,0,0,0,Maze2,const_contra_visual_no_audio,0
1691597747046,0.62,0.219,0.83,0,0,0,Maze2,const_contra_visual_no_audio,0
1691597747063,0.62,0.219,0.83,0,0,0,Maze2,const_contra_visual_no_audio,0
1691597747080,0.62,0.219,0.83,0,0,0,Maze2,const_contra_visual_no_audio,0
1691597747096,0.62,0.219,0.83,0,0,0,Maze2,const_contra_visual_no_audio,0
1691597747113,0.62,0.219,0.83,0,0,0,Maze2,const_contra_visual_no_audio,0
1691597747146,0.62,0.219,0.83,0,0,0,Maze2,const_contra_visual_no_audio,0
1691597747163,0.62,0.219,0.83,0,0,0,Maze2,const_contra_visual_no_audio,0
1691597747179,0.62,0.219,0.83,0,0,0,Maze2,const_contra_visual_no_audio,0
1691597747196,0.62,0.219,0.83,0,0,0,Maze2,const_contra_visual_no_audio,0
1691597747213,0.62,0.219,0.83,0,0,0,Maze2,const_contra_visual_no_audio,0
1691597747246,0.62,0.219,0.83,0,0,0,Maze2,const_contra_visual_no_audio,0
1691597747263,0.62,0.219,0.83,0,0,0,Maze2,const_contra_visual_no_audio,0
1691597747280,0.62,0.219,0.83,0,0,0,Maze2,const_contra_visual_no_audio,0
1691597747296,0.62,0.219,0.83,0,0,0,Maze2,const_contra_visual_no_audio,0
1691597747313,0.62,0.219,0.83,0,0,0,Maze2,const_contra_visual_no_audio,0
1691597747347,0.62,0.219,0.83,0,0,0,Maze2,const_contra_visual_no_audio,0
1691597747363,0.62,0.219,0.83,0,0,0,Maze2,const_contra_visual_no_audio,0
1691597747380,0.62,0.219,0.83,0,0,0,Maze2,const_contra_visual_no_audio,0
1691597747396,0.62,0.219,0.83,0,0,0,Maze2,const_contra_visual_no_audio,0
1691597747413,0.62,0.219,0.83,0,0,0,Maze2,const_contra_visual_no_audio,0
1691597747446,0.62,0.219,0.83,0,0,0,Maze2,const_contra_visual_no_audio,0
1691597747463,0.62,0.219,0.83,0,0,0,Maze2,const_contra_visual_no_audio,0
1691597747479,0.62,0.219,0.83,0,0,0,Maze2,const_contra_visual_no_audio,0
1691597747496,0.62,0.219,0.83,0,0,0,Maze2,const_contra_visual_no_audio,0
1691597747513,0.62,0.219,0.83,0,0,0,Maze2,const_contra_visual_no_audio,0
1691597747546,0.62,0.219,0.83,0,0,0,Maze2,const_contra_visual_no_audio,0
1691597747563,0.62,0.219,0.83,0,0,0,Maze2,const_contra_visual_no_audio,0
1691597748214,-0.59,0.219,0.86,0,0,0,Maze4,const_contra_visual_rotation,6
1691597748230,-0.59,0.219,0.86,0,0,0,Maze4,const_contra_visual_rotation,0
1691597748247,-0.59,0.219,0.86,0,0,0,Maze4,const_contra_visual_rotation,0
1691597748280,-0.59,0.219,0.86,0,0,0,Maze4,const_contra_visual_rotation,0
1691597748296,-0.59,0.219,0.86,0,0,0,Maze4,const_contra_visual_rotation,0
1691597748313,-0.59,0.219,0.86,0,0,0,Maze4,const_contra_visual_rotation,0
1691597748330,-0.59,0.219,0.86,0,0,0,Maze4,const_contra_visual_rotation,0
1691597748346,-0.59,0.219,0.86,0,0,0,Maze4,const_contra_visual_rotation,0
1691597748380,-0.59,0.219,0.86,0,0,0,Maze4,const_contra_visual_rotation,0
1691597748396,-0.59,0.219,0.86,0,0,0,Maze4,const_contra_visual_rotation,0
1691597748413,-0.59,0.219,0.86,0,0,0,Maze4,const_contra_visual_rotation,0
1691597748430,-0.59,0.219,0.86,0,0,0,Maze4,const_contra_visual_rotation,0
1691597748446,-0.59,0.219,0.86,0,0,0,Maze4,const_contra_visual_rotation,0
1691597748480,-0.59,0.219,0.86,0,0,0,Maze4,const_contra_visual_rotation,0
1691597748496,-0.59,0.219,0.86,0,0,0,Maze4,const_contra_visual_rotation,0
1691597748513,-0.59,0.219,0.86,0,0,0,Maze4,const_contra_visual_rotation,0
1691597748529,-0.59,0.219,0.86,0,0,0,Maze4,const_contra_visual_rotation,0
1691597748546,-0.59,0.219,0.86,0,0,0,Maze4,const_contra_visual_rotation,0
1691597748579,-0.59,0.219,0.86,0,0,0,Maze4,const_contra_visual_rotation,0
1691597748597,-0.59,0.219,0.86,0,0,0,Maze4,const_contra_visual_rotation,0
1691597748614,-0.59,0.219,0.86,0,0,0,Maze4,const_contra_visual_rotation,0
1691597748629,-0.59,0.219,0.86,0,0,0,Maze4,const_contra_visual_rotation,0
1691597748646,-0.59,0.219,0.86,0,0,0,Maze4,const_contra_visual_rotation,0
1691597748680,-0.59,0.219,0.86,0,0,0,Maze4,const_contra_visual_rotation,0
1691597748696,-0.59,0.219,0.86,0,0,0,Maze4,const_contra_visual_rotation,0
1691597748713,-0.59,0.219,0.86,0,0,0,Maze4,const_contra_visual_rotation,0
1691597748730,-0.59,0.219,0.86,0,0,0,Maze4,const_contra_visual_rotation,0
1691597748746,-0.59,0.219,0.86,0,0,0,Maze4,const_contra_visual_rotation,0
1691597748780,-0.59,0.219,0.86,0,0,0,Maze4,const_contra_visual_rotation,0
1691597748796,-0.59,0.219,0.86,0,0,0,Maze4,const_contra_visual_rotation,0
1691597748813,-0.59,0.219,0.86,0,0,0,Maze4,const_contra_visual_rotation,0
1691597748829,-0.59,0.219,0.86,0,0,0,Maze4,const_contra_visual_rotation,0
1691597748846,-0.59,0.219,0.86,0,0,0,Maze4,const_contra_visual_rotation,0
1691597748879,-0.59,0.219,0.86,0,0,0,Maze4,const_contra_visual_rotation,0
1691597748896,-0.59,0.219,0.86,0,0,0,Maze4,const_contra_visual_rotation,0
1691597748913,-0.59,0.219,0.86,0,0,0,Maze4,const_contra_visual_rotation,0
1691597748930,-0.59,0.219,0.86,0,0,0,Maze4,const_contra_visual_rotation,0
1691597748946,-0.59,0.219,0.86,0,0,0,Maze4,const_contra_visual_rotation,0
1691597748980,-0.59,0.219,0.86,0,0,0,Maze4,const_contra_visual_rotation,0
1691597748996,-0.59,0.219,0.86,0,0,0,Maze4,const_contra_visual_rotation,0
1691597749012,-0.59,0.219,0.86,0,0,0,Maze4,const_contra_visual_rotation,0
1691597749030,-0.59,0.219,0.86,0,0,0,Maze4,const_contra_visual_rotation,0
1691597749046,-0.59,0.219,0.86,0,0,0,Maze4,const_contra_visual_rotation,0
1691597749080,-0.59,0.219,0.86,0,0,0,Maze4,const_contra_visual_rotation,0
1691597749096,-0.59,0.219,0.86,0,0,0,Maze4,const_contra_visual_rotation,0
1691597749113,-0.59,0.219,0.86,0,0,0,Maze4,const_contra_visual_rotation,0
1691597749129,-0.59,0.219,0.86,0,0,0,Maze4,const_contra_visual_rotation,0
1691597749147,-0.59,0.219,0.86,0,0,0,Maze4,const_contra_visual_rotation,0
1691597749180,-0.59,0.219,0.86,0,0,0,Maze4,const_contra_visual_rotation,0
1691597749197,-0.59,0.219,0.86,0,0,0,Maze4,const_contra_visual_rotation,0
1691597749213,-0.59,0.219,0.86,0,0,0,Maze4,const_contra_visual_rotation,0
1691597749229,-0.59,0.219,0.86,0,0,0,Maze4,const_contra_visual_rotation,0
1691597749246,-0.59,0.219,0.86,0,0,0,Maze4,const_contra_visual_rotation,0
1691597749280,-0.59,0.219,0.86,0,0,0,Maze4,const_contra_visual_rotation,0
1691597749296,-0.59,0.219,0.86,0,0,0,Maze4,const_contra_visual_rotation,0
1691597749313,-0.59,0.219,0.86,0,0,0,Maze4,const_contra_visual_rotation,0
1691597749330,-0.59,0.219,0.86,0,0,0,Maze4,const_contra_visual_rotation,0
1691597749347,-0.59,0.219,0.86,0,0,0,Maze4,const_contra_visual_rotation,0
1691597749381,-0.59,0.219,0.86,0,0,0,Maze4,const_contra_visual_rotation,0
1691597749397,-0.59,0.219,0.86,0,0,0,Maze4,const_contra_visual_rotation,0
1691597749413,-0.59,0.219,0.86,0,0,0,Maze4,const_contra_visual_rotation,0
1691597749430,-0.59,0.219,0.86,0,0,0,Maze4,const_contra_visual_rotation,0
1691597749446,-0.59,0.219,0.86,0,0,0,Maze4,const_contra_visual_rotation,0
1691597749480,-0.59,0.219,0.86,0,0,0,Maze4,const_contra_visual_rotation,0
1691597749496,-0.59,0.219,0.86,0,0,0,Maze4,const_contra_visual_rotation,0
1691597749513,-0.59,0.219,0.86,0,0,0,Maze4,const_contra_visual_rotation,0
1691597749529,-0.59,0.219,0.86,0,0,0,Maze4,const_contra_visual_rotation,0
1691597749546,-0.59,0.219,0.86,0,0,0,Maze4,const_contra_visual_rotation,0
1691597749580,-0.59,0.219,0.86,0,0,0,Maze4,const_contra_visual_rotation,0
1691597749596,-0.59,0.219,0.86,0,0,0,Maze4,const_contra_visual_rotation,0
1691597749612,-0.59,0.219,0.86,0,0,0,Maze4,const_contra_visual_rotation,0
1691597749629,-0.59,0.219,0.86,0,0,0,Maze4,const_contra_visual_rotation,0
1691597749647,-0.59,0.219,0.86,0,0,0,Maze4,const_contra_visual_rotation,0
1691597749680,-0.59,0.219,0.86,0,0,0,Maze4,const_contra_visual_rotation,0
1691597749696,-0.59,0.219,0.86,0,0,0,Maze4,const_contra_visual_rotation,0
1691597749713,-0.59,0.219,0.86,0,0,0,Maze4,const_contra_visual_rotation,0
1691597749730,-0.59,0.219,0.86,0,0,0,Maze4,const_contra_visual_rotation,0
1691597749746,-0.59,0.219,0.86,0,0,0,Maze4,const_contra_visual_rotation,0
1691597749780,-0.59,0.219,0.86,0,0,0,Maze4,const_contra_visual_rotation,0
1691597749796,-0.59,0.219,0.86,0,0,0,Maze4,const_contra_visual_rotation,0
1691597749813,-0.59,0.219,0.86,0,0,0,Maze4,const_contra_visual_rotation,0
1691597749830,-0.59,0.219,0.86,0,0,0,Maze4,const_contra_visual_rotation,0
1691597749846,-0.59,0.219,0.86,0,0,0,Maze4,const_contra_visual_rotation,0
1691597749880,-0.59,0.219,0.86,0,0,0,Maze4,const_contra_visual_rotation,0
1691597749896,-0.59,0.219,0.86,0,0,0,Maze4,const_contra_visual_rotation,0
1691597749912,-0.59,0.219,0.86,0,0,0,Maze4,const_contra_visual_rotation,0
1691597749929,-0.59,0.219,0.86,0,0,0,Maze4,const_contra_visual_rotation,0
1691597749946,-0.59,0.219,0.86,0,0,0,Maze4,const_contra_visual_rotation,0
1691597749980,-0.59,0.219,0.86,0,0,0,Maze4,const_contra_visual_rotation,0
1691597749996,-0.59,0.219,0.86,0,0,0,Maze4,const_contra_visual_rotation,0
1691597750012,-0.59,0.219,0.86,0,0,0,Maze4,const_contra_visual_rotation,0
1691597750029,-0.59,0.219,0.86,0,0,0,Maze4,const_contra_visual_rotation,0
1691597750047,-0.59,0.219,0.86,0,0,0,Maze4,const_contra_visual_rotation,0
1691597750079,-0.59,0.219,0.86,0,0,0,Maze4,const_contra_visual_rotation,0
1691597750096,-0.59,0.219,0.86,0,0,0,Maze4,const_contra_visual_rotation,0
1691597750112,-0.59,0.219,0.86,0,0,0,Maze4,const_contra_visual_rotation,0
1691597750129,-0.59,0.219,0.86,0,0,0,Maze4,const_contra_visual_rotation,0
1691597750147,-0.59,0.219,0.86,0,0,0,Maze4,const_contra_visual_rotation,0
1691597750180,-0.59,0.219,0.86,0,0,0,Maze4,const_contra_visual_rotation,0
1691597750196,-0.59,0.219,0.86,0,0,0,Maze4,const_contra_visual_rotation,0
1691597750212,-0.59,0.219,0.86,0,0,0,Maze4,const_contra_visual_rotation,0
1691597750229,-0.59,0.219,0.86,0,0,0,Maze4,const_contra_visual_rotation,0
1691597750246,-0.59,0.219,0.86,0,0,0,Maze4,const_contra_visual_rotation,0
1691597750279,-0.59,0.219,0.86,0,0,0,Maze4,const_contra_visual_rotation,0
1691597750296,-0.59,0.219,0.86,0,0,0,Maze4,const_contra_visual_rotation,0
1691597750313,-0.59,0.219,0.86,0,0,0,Maze4,const_contra_visual_rotation,0
1691597750329,-0.59,0.219,0.86,0,0,0,Maze4,const_contra_visual_rotation,0
1691597750346,-0.59,0.219,0.86,0,0,0,Maze4,const_contra_visual_rotation,0
1691597750379,-0.59,0.219,0.86,0,0,0,Maze4,const_contra_visual_rotation,0
1691597750396,-0.59,0.219,0.86,0,0,0,Maze4,const_contra_visual_rotation,0
1691597750413,-0.59,0.219,0.86,0,0,0,Maze4,const_contra_visual_rotation,0
1691597750430,-0.59,0.219,0.86,0,0,0,Maze4,const_contra_visual_rotation,0
1691597750445,-0.59,0.219,0.86,0,0,0,Maze4,const_contra_visual_rotation,0
1691597750479,-0.59,0.219,0.86,0,0,0,Maze4,const_contra_visual_rotation,0
1691597750497,-0.59,0.219,0.86,0,0,0,Maze4,const_contra_visual_rotation,0
1691597750513,-0.59,0.219,0.86,0,0,0,Maze4,const_contra_visual_rotation,0
1691597750530,-0.59,0.219,0.86,0,0,0,Maze4,const_contra_visual_rotation,0
1691597750546,-0.59,0.219,0.86,0,0,0,Maze4,const_contra_visual_rotation,0
1691597750579,-0.59,0.219,0.86,0,0,0,Maze4,const_contra_visual_rotation,0
1691597750596,-0.59,0.219,0.86,0,0,0,Maze4,const_contra_visual_rotation,0
1691597750612,-0.59,0.219,0.86,0,0,0,Maze4,const_contra_visual_rotation,0
1691597750630,-0.59,0.219,0.86,0,0,0,Maze4,const_contra_visual_rotation,0
1691597750646,-0.59,0.219,0.86,0,0,0,Maze4,const_contra_visual_rotation,0
1691597750680,-0.59,0.219,0.86,0,0,0,Maze4,const_contra_visual_rotation,0
1691597750696,-0.59,0.219,0.86,0,0,0,Maze4,const_contra_visual_rotation,0
1691597750713,-0.59,0.219,0.86,0,0,0,Maze4,const_contra_visual_rotation,0
1691597750730,-0.59,0.219,0.86,0,0,0,Maze4,const_contra_visual_rotation,0
1691597750746,-0.59,0.219,0.86,0,0,0,Maze4,const_contra_visual_rotation,0
1691597750779,-0.59,0.219,0.86,0,0,0,Maze4,const_contra_visual_rotation,0
1691597750797,-0.59,0.219,0.86,0,0,0,Maze4,const_contra_visual_rotation,0
1691597750812,-0.59,0.219,0.86,0,0,0,Maze4,const_contra_visual_rotation,0
1691597750829,-0.59,0.219,0.86,0,0,0,Maze4,const_contra_visual_rotation,0
1691597750846,-0.59,0.219,0.86,0,0,0,Maze4,const_contra_visual_rotation,0
1691597750880,-0.59,0.219,0.86,0,0,0,Maze4,const_contra_visual_rotation,0
1691597751396,0.62,0.219,0.83,0,0,0,Maze3,const_contra_visual_no_audio,6
1691597751412,0.62,0.219,0.83,0,0,0,Maze3,const_contra_visual_no_audio,0
1691597751428,0.62,0.219,0.83,0,0,0,Maze3,const_contra_visual_no_audio,0
1691597751445,0.62,0.219,0.83,0,0,0,Maze3,const_contra_visual_no_audio,0
1691597751479,0.62,0.219,0.83,0,0,0,Maze3,const_contra_visual_no_audio,0
1691597751496,0.62,0.219,0.83,0,0,0,Maze3,const_contra_visual_no_audio,0
1691597751512,0.62,0.219,0.83,0,0,0,Maze3,const_contra_visual_no_audio,0
1691597751529,0.62,0.219,0.83,0,0,0,Maze3,const_contra_visual_no_audio,0
1691597751545,0.62,0.219,0.83,0,0,0,Maze3,const_contra_visual_no_audio,0
1691597751579,0.62,0.219,0.83,0,0,0,Maze3,const_contra_visual_no_audio,0
1691597751595,0.62,0.219,0.83,0,0,0,Maze3,const_contra_visual_no_audio,0
1691597751612,0.62,0.219,0.83,0,0,0,Maze3,const_contra_visual_no_audio,0
1691597751629,0.62,0.219,0.83,0,0,0,Maze3,const_contra_visual_no_audio,0
1691597751645,0.62,0.219,0.83,0,0,0,Maze3,const_contra_visual_no_audio,0
1691597751679,0.62,0.219,0.83,0,0,0,Maze3,const_contra_visual_no_audio,0
1691597751695,0.62,0.219,0.83,0,0,0,Maze3,const_contra_visual_no_audio,0
1691597751713,0.62,0.219,0.83,0,0,0,Maze3,const_contra_visual_no_audio,0
1691597751728,0.62,0.219,0.83,0,0,0,Maze3,const_contra_visual_no_audio,0
1691597751745,0.62,0.219,0.83,0,0,0,Maze3,const_contra_visual_no_audio,0
1691597751779,0.62,0.219,0.83,0,0,0,Maze3,const_contra_visual_no_audio,0
1691597751796,0.62,0.219,0.83,0,0,0,Maze3,const_contra_visual_no_audio,0
1691597751812,0.62,0.219,0.83,0,0,0,Maze3,const_contra_visual_no_audio,0
1691597751828,0.62,0.219,0.83,0,0,0,Maze3,const_contra_visual_no_audio,0
1691597751846,0.62,0.219,0.83,0,0,0,Maze3,const_contra_visual_no_audio,0
1691597751879,0.62,0.219,0.83,0,0,0,Maze3,const_contra_visual_no_audio,0
1691597751896,0.62,0.219,0.83,0,0,0,Maze3,const_contra_visual_no_audio,0
1691597751913,0.62,0.219,0.83,0,0,0,Maze3,const_contra_visual_no_audio,0
1691597751929,0.62,0.219,0.83,0,0,0,Maze3,const_contra_visual_no_audio,0
1691597751945,0.62,0.219,0.83,0,0,0,Maze3,const_contra_visual_no_audio,0
1691597751978,0.62,0.219,0.83,0,0,0,Maze3,const_contra_visual_no_audio,0
1691597751995,0.62,0.219,0.83,0,0,0,Maze3,const_contra_visual_no_audio,0
1691597752012,0.62,0.219,0.83,0,0,0,Maze3,const_contra_visual_no_audio,0
1691597752029,0.62,0.219,0.83,0,0,0,Maze3,const_contra_visual_no_audio,0
1691597752046,0.62,0.219,0.83,0,0,0,Maze3,const_contra_visual_no_audio,0
1691597752079,0.62,0.219,0.83,0,0,0,Maze3,const_contra_visual_no_audio,0
1691597752095,0.62,0.219,0.83,0,0,0,Maze3,const_contra_visual_no_audio,0
1691597752112,0.62,0.219,0.83,0,0,0,Maze3,const_contra_visual_no_audio,0
1691597752128,0.62,0.219,0.83,0,0,0,Maze3,const_contra_visual_no_audio,0
1691597752145,0.62,0.219,0.83,0,0,0,Maze3,const_contra_visual_no_audio,0
1691597752179,0.62,0.219,0.83,0,0,0,Maze3,const_contra_visual_no_audio,0
1691597752195,0.62,0.219,0.83,0,0,0,Maze3,const_contra_visual_no_audio,0
1691597752212,0.62,0.219,0.83,0,0,0,Maze3,const_contra_visual_no_audio,0
1691597752229,0.62,0.219,0.83,0,0,0,Maze3,const_contra_visual_no_audio,0
