time,x,y,z,rx,ry,rz,maze_type,condition,collision_status
1691600394150,0.62,0.219,0.83,0,0,0,Maze2,const_contra_visual_rotation,6
1691600394176,0.62,0.219,0.83,0,0,0,Maze2,const_contra_visual_rotation,0
1691600394221,0.62,0.219,0.83,0,0,0,Maze2,const_contra_visual_rotation,0
1691600394222,0.62,0.219,0.83,0,0,0,Maze2,const_contra_visual_rotation,0
1691600394224,0.62,0.219,0.83,0,0,0,Maze2,const_contra_visual_rotation,0
1691600394224,0.62,0.219,0.83,0,0,0,Maze2,const_contra_visual_rotation,0
1691600394255,0.62,0.219,0.83,0,0,0,Maze2,const_contra_visual_rotation,0
1691600394272,0.62,0.219,0.83,0,0,0,Maze2,const_contra_visual_rotation,0
1691600394288,0.62,0.219,0.83,0,0,0,Maze2,const_contra_visual_rotation,0
1691600394321,0.62,0.219,0.83,0,0,0,Maze2,const_contra_visual_rotation,0
1691600394323,0.62,0.219,0.83,0,0,0,Maze2,const_contra_visual_rotation,0
1691600394355,0.62,0.219,0.83,0,0,0,Maze2,const_contra_visual_rotation,0
1691600394371,0.62,0.219,0.83,0,0,0,Maze2,const_contra_visual_rotation,0
1691600394388,0.62,0.219,0.83,0,0,0,Maze2,const_contra_visual_rotation,0
1691600394405,0.62,0.219,0.83,0,0,0,Maze2,const_contra_visual_rotation,0
1691600394421,0.62,0.219,0.83,0,0,0,Maze2,const_contra_visual_rotation,0
1691600394455,0.62,0.219,0.83,0,0,0,Maze2,const_contra_visual_rotation,0
1691600394471,0.62,0.219,0.83,0,0,0,Maze2,const_contra_visual_rotation,0
1691600394488,0.62,0.219,0.83,0,0,0,Maze2,const_contra_visual_rotation,0
1691600394505,0.62,0.219,0.83,0,0,0,Maze2,const_contra_visual_rotation,0
1691600394521,0.62,0.219,0.83,0,0,0,Maze2,const_contra_visual_rotation,0
1691600394555,0.62,0.219,0.83,0,0,0,Maze2,const_contra_visual_rotation,0
1691600394571,0.62,0.219,0.83,0,0,0,Maze2,const_contra_visual_rotation,0
1691600394589,0.62,0.219,0.83,0,0,0,Maze2,const_contra_visual_rotation,0
1691600394605,0.62,0.219,0.83,0,0,0,Maze2,const_contra_visual_rotation,0
1691600394622,0.62,0.219,0.83,0,0,0,Maze2,const_contra_visual_rotation,0
1691600394655,0.62,0.219,0.83,0,0,0,Maze2,const_contra_visual_rotation,0
1691600394672,0.62,0.219,0.83,0,0,0,Maze2,const_contra_visual_rotation,0
1691600394689,0.62,0.219,0.83,0,0,0,Maze2,const_contra_visual_rotation,0
1691600394705,0.62,0.219,0.83,0,0,0,Maze2,const_contra_visual_rotation,0
1691600394722,0.62,0.219,0.83,0,0,0,Maze2,const_contra_visual_rotation,0
1691600394755,0.62,0.219,0.83,0,0,0,Maze2,const_contra_visual_rotation,0
1691600394772,0.62,0.219,0.83,0,0,0,Maze2,const_contra_visual_rotation,0
1691600394789,0.62,0.219,0.83,0,0,0,Maze2,const_contra_visual_rotation,0
1691600394805,0.62,0.219,0.83,0,0,0,Maze2,const_contra_visual_rotation,0
1691600394821,0.62,0.219,0.83,0,0,0,Maze2,const_contra_visual_rotation,0
1691600394855,0.62,0.219,0.83,0,0,0,Maze2,const_contra_visual_rotation,0
1691600394871,0.62,0.219,0.83,0,0,0,Maze2,const_contra_visual_rotation,0
1691600394888,0.62,0.219,0.83,0,0,0,Maze2,const_contra_visual_rotation,0
1691600394905,0.62,0.219,0.83,0,0,0,Maze2,const_contra_visual_rotation,0
1691600394922,0.62,0.219,0.83,0,0,0,Maze2,const_contra_visual_rotation,0
1691600394956,0.62,0.219,0.83,0,0,0,Maze2,const_contra_visual_rotation,0
1691600394972,0.62,0.219,0.83,0,0,0,Maze2,const_contra_visual_rotation,0
1691600394989,0.62,0.219,0.83,0,0,0,Maze2,const_contra_visual_rotation,0
1691600395005,0.62,0.219,0.83,0,0,0,Maze2,const_contra_visual_rotation,0
1691600395022,0.62,0.219,0.83,0,0,0,Maze2,const_contra_visual_rotation,0
1691600395057,0.62,0.219,0.83,0,0,0,Maze2,const_contra_visual_rotation,0
1691600395072,0.62,0.219,0.83,0,0,0,Maze2,const_contra_visual_rotation,0
1691600395088,0.62,0.219,0.83,0,0,0,Maze2,const_contra_visual_rotation,0
1691600395105,0.62,0.219,0.83,0,0,0,Maze2,const_contra_visual_rotation,0
1691600395122,0.62,0.219,0.83,0,0,0,Maze2,const_contra_visual_rotation,0
1691600395155,0.62,0.219,0.83,0,0,0,Maze2,const_contra_visual_rotation,0
1691600395171,0.62,0.219,0.83,0,0,0,Maze2,const_contra_visual_rotation,0
1691600395188,0.62,0.219,0.83,0,0,0,Maze2,const_contra_visual_rotation,0
1691600395205,0.62,0.219,0.83,0,0,0,Maze2,const_contra_visual_rotation,0
1691600395222,0.62,0.219,0.83,0,0,0,Maze2,const_contra_visual_rotation,0
1691600395255,0.62,0.219,0.83,0,0,0,Maze2,const_contra_visual_rotation,0
1691600395271,0.62,0.219,0.83,0,0,0,Maze2,const_contra_visual_rotation,0
1691600395288,0.62,0.219,0.83,0,0,0,Maze2,const_contra_visual_rotation,0
1691600395305,0.62,0.219,0.83,0,0,0,Maze2,const_contra_visual_rotation,0
1691600395321,0.62,0.219,0.83,0,0,0,Maze2,const_contra_visual_rotation,0
1691600395355,0.62,0.219,0.83,0,0,0,Maze2,const_contra_visual_rotation,0
1691600395372,0.62,0.219,0.83,0,0,0,Maze2,const_contra_visual_rotation,0
1691600395388,0.62,0.219,0.83,0,0,0,Maze2,const_contra_visual_rotation,0
1691600395405,0.62,0.219,0.83,0,0,0,Maze2,const_contra_visual_rotation,0
1691600395422,0.62,0.219,0.83,0,0,0,Maze2,const_contra_visual_rotation,0
1691600395455,0.62,0.219,0.83,0,0,0,Maze2,const_contra_visual_rotation,0
1691600395471,0.62,0.219,0.83,0,0,0,Maze2,const_contra_visual_rotation,0
1691600395489,0.62,0.219,0.83,0,0,0,Maze2,const_contra_visual_rotation,0
1691600395505,0.62,0.219,0.83,0,0,0,Maze2,const_contra_visual_rotation,0
1691600395522,0.62,0.219,0.83,0,0,0,Maze2,const_contra_visual_rotation,0
1691600395555,0.62,0.219,0.83,0,0,0,Maze2,const_contra_visual_rotation,0
1691600395572,0.62,0.219,0.83,0,0,0,Maze2,const_contra_visual_rotation,0
1691600395589,0.62,0.219,0.83,0,0,0,Maze2,const_contra_visual_rotation,0
1691600395605,0.62,0.219,0.83,0,0,0,Maze2,const_contra_visual_rotation,0
1691600395622,0.62,0.219,0.83,0,0,0,Maze2,const_contra_visual_rotation,0
1691600395655,0.62,0.219,0.83,0,0,0,Maze2,const_contra_visual_rotation,0
1691600395671,0.62,0.219,0.83,0,0,0,Maze2,const_contra_visual_rotation,0
1691600395689,0.62,0.219,0.83,0,0,0,Maze2,const_contra_visual_rotation,0
1691600395705,0.62,0.219,0.83,0,0,0,Maze2,const_contra_visual_rotation,0
1691600395722,0.62,0.219,0.83,0,0,0,Maze2,const_contra_visual_rotation,0
1691600395756,0.62,0.219,0.83,0,0,0,Maze2,const_contra_visual_rotation,0
1691600395772,0.62,0.219,0.83,0,0,0,Maze2,const_contra_visual_rotation,0
1691600395789,0.62,0.219,0.83,0,0,0,Maze2,const_contra_visual_rotation,0
1691600395805,0.62,0.219,0.83,0,0,0,Maze2,const_contra_visual_rotation,0
1691600395821,0.62,0.219,0.83,0,0,0,Maze2,const_contra_visual_rotation,0
1691600395855,0.62,0.219,0.83,0,0,0,Maze2,const_contra_visual_rotation,0
1691600395871,0.62,0.219,0.83,0,0,0,Maze2,const_contra_visual_rotation,0
1691600395889,0.62,0.219,0.83,0,0,0,Maze2,const_contra_visual_rotation,0
1691600395905,0.62,0.219,0.83,0,0,0,Maze2,const_contra_visual_rotation,0
1691600395921,0.62,0.219,0.83,0,0,0,Maze2,const_contra_visual_rotation,0
1691600395955,0.62,0.219,0.83,0,0,0,Maze2,const_contra_visual_rotation,0
1691600395971,0.62,0.219,0.83,0,0,0,Maze2,const_contra_visual_rotation,0
1691600395989,0.62,0.219,0.83,0,0,0,Maze2,const_contra_visual_rotation,0
1691600396005,0.62,0.219,0.83,0,0,0,Maze2,const_contra_visual_rotation,0
1691600396021,0.62,0.219,0.83,0,0,0,Maze2,const_contra_visual_rotation,0
1691600396056,0.62,0.219,0.83,0,0,0,Maze2,const_contra_visual_rotation,0
1691600396071,0.62,0.219,0.83,0,0,0,Maze2,const_contra_visual_rotation,0
1691600396089,0.62,0.219,0.83,0,0,0,Maze2,const_contra_visual_rotation,0
1691600396105,0.62,0.219,0.83,0,0,0,Maze2,const_contra_visual_rotation,0
1691600396121,0.62,0.219,0.83,0,0,0,Maze2,const_contra_visual_rotation,0
1691600396156,0.62,0.219,0.83,0,0,0,Maze2,const_contra_visual_rotation,0
1691600396171,0.62,0.219,0.83,0,0,0,Maze2,const_contra_visual_rotation,0
1691600396188,0.62,0.219,0.83,0,0,0,Maze2,const_contra_visual_rotation,0
1691600396204,0.62,0.219,0.83,0,0,0,Maze2,const_contra_visual_rotation,0
1691600396221,0.62,0.219,0.83,0,0,0,Maze2,const_contra_visual_rotation,0
1691600396255,0.62,0.219,0.83,0,0,0,Maze2,const_contra_visual_rotation,0
1691600396271,0.62,0.219,0.83,0,0,0,Maze2,const_contra_visual_rotation,0
1691600396288,0.62,0.219,0.83,0,0,0,Maze2,const_contra_visual_rotation,0
1691600396305,0.62,0.219,0.83,0,0,0,Maze2,const_contra_visual_rotation,0
1691600396322,0.62,0.219,0.83,0,0,0,Maze2,const_contra_visual_rotation,0
1691600396355,0.62,0.219,0.83,0,0,0,Maze2,const_contra_visual_rotation,0
1691600396372,0.62,0.219,0.83,0,0,0,Maze2,const_contra_visual_rotation,0
1691600396388,0.62,0.219,0.83,0,0,0,Maze2,const_contra_visual_rotation,0
1691600396404,0.62,0.219,0.83,0,0,0,Maze2,const_contra_visual_rotation,0
1691600396421,0.62,0.219,0.83,0,0,0,Maze2,const_contra_visual_rotation,0
1691600396455,0.62,0.219,0.83,0,0,0,Maze2,const_contra_visual_rotation,0
1691600396472,0.62,0.219,0.83,0,0,0,Maze2,const_contra_visual_rotation,0
1691600396487,0.62,0.219,0.83,0,0,0,Maze2,const_contra_visual_rotation,0
1691600396505,0.62,0.219,0.83,0,0,0,Maze2,const_contra_visual_rotation,0
1691600396521,0.62,0.219,0.83,0,0,0,Maze2,const_contra_visual_rotation,0
1691600396555,0.62,0.219,0.83,0,0,0,Maze2,const_contra_visual_rotation,0
1691600396571,0.62,0.219,0.83,0,0,0,Maze2,const_contra_visual_rotation,0
1691600396588,0.62,0.219,0.83,0,0,0,Maze2,const_contra_visual_rotation,0
1691600396605,0.62,0.219,0.83,0,0,0,Maze2,const_contra_visual_rotation,0
1691600396621,0.62,0.219,0.83,0,0,0,Maze2,const_contra_visual_rotation,0
1691600396654,0.62,0.219,0.83,0,0,0,Maze2,const_contra_visual_rotation,0
1691600396671,0.62,0.219,0.83,0,0,0,Maze2,const_contra_visual_rotation,0
1691600396687,0.62,0.219,0.83,0,0,0,Maze2,const_contra_visual_rotation,0
1691600396704,0.62,0.219,0.83,0,0,0,Maze2,const_contra_visual_rotation,0
1691600396721,0.62,0.219,0.83,0,0,0,Maze2,const_contra_visual_rotation,0
1691600396754,0.62,0.219,0.83,0,0,0,Maze2,const_contra_visual_rotation,0
1691600396771,0.62,0.219,0.83,0,0,0,Maze2,const_contra_visual_rotation,0
1691600396787,0.62,0.219,0.83,0,0,0,Maze2,const_contra_visual_rotation,0
1691600396804,0.62,0.219,0.83,0,0,0,Maze2,const_contra_visual_rotation,0
1691600396821,0.62,0.219,0.83,0,0,0,Maze2,const_contra_visual_rotation,0
1691600396854,0.62,0.219,0.83,0,0,0,Maze2,const_contra_visual_rotation,0
1691600396871,0.62,0.219,0.83,0,0,0,Maze2,const_contra_visual_rotation,0
1691600396888,0.62,0.219,0.83,0,0,0,Maze2,const_contra_visual_rotation,0
1691600396904,0.62,0.219,0.83,0,0,0,Maze2,const_contra_visual_rotation,0
1691600396922,0.62,0.219,0.83,0,0,0,Maze2,const_contra_visual_rotation,0
1691600396954,0.62,0.219,0.83,0,0,0,Maze2,const_contra_visual_rotation,0
1691600396971,0.62,0.219,0.83,0,0,0,Maze2,const_contra_visual_rotation,0
1691600396987,0.62,0.219,0.83,0,0,0,Maze2,const_contra_visual_rotation,0
1691600397004,0.62,0.219,0.83,0,0,0,Maze2,const_contra_visual_rotation,0
1691600397021,0.62,0.219,0.83,0,0,0,Maze2,const_contra_visual_rotation,0
1691600397054,0.62,0.219,0.83,0,0,0,Maze2,const_contra_visual_rotation,0
1691600397071,0.62,0.219,0.83,0,0,0,Maze2,const_contra_visual_rotation,0
1691600397087,0.62,0.219,0.83,0,0,0,Maze2,const_contra_visual_rotation,0
1691600397104,0.62,0.219,0.83,0,0,0,Maze2,const_contra_visual_rotation,0
1691600397121,0.62,0.219,0.83,0,0,0,Maze2,const_contra_visual_rotation,0
1691600397158,0.62,0.219,0.83,0,0,0,Maze2,const_contra_visual_rotation,0
1691600397171,0.62,0.219,0.83,0,0,0,Maze2,const_contra_visual_rotation,0
1691600397188,0.62,0.219,0.83,0,0,0,Maze2,const_contra_visual_rotation,0
1691600397204,0.62,0.219,0.83,0,0,0,Maze2,const_contra_visual_rotation,0
1691600397221,0.62,0.219,0.83,0,0,0,Maze2,const_contra_visual_rotation,0
1691600397255,0.62,0.219,0.83,0,0,0,Maze2,const_contra_visual_rotation,0
1691600397271,0.62,0.219,0.83,0,0,0,Maze2,const_contra_visual_rotation,0
1691600397288,0.62,0.219,0.83,0,0,0,Maze2,const_contra_visual_rotation,0
1691600397304,0.62,0.219,0.83,0,0,0,Maze2,const_contra_visual_rotation,0
1691600397321,0.62,0.219,0.83,0,0,0,Maze2,const_contra_visual_rotation,0
1691600397355,0.62,0.219,0.83,0,0,0,Maze2,const_contra_visual_rotation,0
1691600397373,0.62,0.219,0.83,0,0,0,Maze2,const_contra_visual_rotation,0
1691600397387,0.62,0.219,0.83,0,0,0,Maze2,const_contra_visual_rotation,0
1691600397404,0.62,0.219,0.83,0,0,0,Maze2,const_contra_visual_rotation,0
1691600397421,0.62,0.219,0.83,0,0,0,Maze2,const_contra_visual_rotation,0
1691600397454,0.62,0.219,0.83,0,0,0,Maze2,const_contra_visual_rotation,0
1691600397470,0.62,0.219,0.83,0,0,0,Maze2,const_contra_visual_rotation,0
1691600397487,0.62,0.219,0.83,0,0,0,Maze2,const_contra_visual_rotation,0
1691600397504,0.62,0.219,0.83,0,0,0,Maze2,const_contra_visual_rotation,0
1691600397520,0.62,0.219,0.83,0,0,0,Maze2,const_contra_visual_rotation,0
1691600397554,0.62,0.219,0.83,0,0,0,Maze2,const_contra_visual_rotation,0
1691600397571,0.62,0.219,0.83,0,0,0,Maze2,const_contra_visual_rotation,0
1691600397588,0.62,0.219,0.83,0,0,0,Maze2,const_contra_visual_rotation,0
1691600397605,0.62,0.219,0.83,0,0,0,Maze2,const_contra_visual_rotation,0
1691600397622,0.62,0.219,0.83,0,0,0,Maze2,const_contra_visual_rotation,0
1691600397654,0.62,0.219,0.83,0,0,0,Maze2,const_contra_visual_rotation,0
1691600397671,0.62,0.219,0.83,0,0,0,Maze2,const_contra_visual_rotation,0
1691600397688,0.62,0.219,0.83,0,0,0,Maze2,const_contra_visual_rotation,0
1691600397704,0.62,0.219,0.83,0,0,0,Maze2,const_contra_visual_rotation,0
1691600397721,0.62,0.219,0.83,0,0,0,Maze2,const_contra_visual_rotation,0
1691600397755,0.62,0.219,0.83,0,0,0,Maze2,const_contra_visual_rotation,0
1691600397770,0.62,0.219,0.83,0,0,0,Maze2,const_contra_visual_rotation,0
1691600397787,0.62,0.219,0.83,0,0,0,Maze2,const_contra_visual_rotation,0
1691600397805,0.62,0.219,0.83,0,0,0,Maze2,const_contra_visual_rotation,0
1691600397821,0.62,0.219,0.83,0,0,0,Maze2,const_contra_visual_rotation,0
1691600397855,0.62,0.219,0.83,0,0,0,Maze2,const_contra_visual_rotation,0
1691600397870,0.62,0.219,0.83,0,0,0,Maze2,const_contra_visual_rotation,0
1691600397887,0.62,0.219,0.83,0,0,0,Maze2,const_contra_visual_rotation,0
1691600397904,0.62,0.219,0.83,0,0,0,Maze2,const_contra_visual_rotation,0
1691600397920,0.62,0.219,0.83,0,0,0,Maze2,const_contra_visual_rotation,0
1691600397954,0.62,0.219,0.83,0,0,0,Maze2,const_contra_visual_rotation,0
1691600397971,0.62,0.219,0.83,0,0,0,Maze2,const_contra_visual_rotation,0
1691600397987,0.62,0.219,0.83,0,0,0,Maze2,const_contra_visual_rotation,0
1691600398004,0.62,0.219,0.83,0,0,0,Maze2,const_contra_visual_rotation,0
1691600398021,0.62,0.219,0.83,0,0,0,Maze2,const_contra_visual_rotation,0
1691600398054,0.62,0.219,0.83,0,0,0,Maze2,const_contra_visual_rotation,0
1691600398070,0.62,0.219,0.83,0,0,0,Maze2,const_contra_visual_rotation,0
1691600398087,0.62,0.219,0.83,0,0,0,Maze2,const_contra_visual_rotation,0
1691600398104,0.62,0.219,0.83,0,0,0,Maze2,const_contra_visual_rotation,0
1691600398120,0.62,0.219,0.83,0,0,0,Maze2,const_contra_visual_rotation,0
1691600398154,0.62,0.219,0.83,0,0,0,Maze2,const_contra_visual_rotation,0
1691600398171,0.62,0.219,0.83,0,0,0,Maze2,const_contra_visual_rotation,0
1691600398187,0.62,0.219,0.83,0,0,0,Maze2,const_contra_visual_rotation,0
1691600398204,0.62,0.219,0.83,0,0,0,Maze2,const_contra_visual_rotation,0
1691600398220,0.62,0.219,0.83,0,0,0,Maze2,const_contra_visual_rotation,0
1691600398254,0.62,0.219,0.83,0,0,0,Maze2,const_contra_visual_rotation,0
1691600398271,0.62,0.219,0.83,0,0,0,Maze2,const_contra_visual_rotation,0
1691600398287,0.62,0.219,0.83,0,0,0,Maze2,const_contra_visual_rotation,0
1691600398304,0.62,0.219,0.83,0,0,0,Maze2,const_contra_visual_rotation,0
1691600398321,0.62,0.219,0.83,0,0,0,Maze2,const_contra_visual_rotation,0
1691600398354,0.62,0.219,0.83,0,0,0,Maze2,const_contra_visual_rotation,0
1691600398371,0.62,0.219,0.83,0,0,0,Maze2,const_contra_visual_rotation,0
1691600398387,0.62,0.219,0.83,0,0,0,Maze2,const_contra_visual_rotation,0
1691600398404,0.62,0.219,0.83,0,0,0,Maze2,const_contra_visual_rotation,0
1691600398420,0.62,0.219,0.83,0,0,0,Maze2,const_contra_visual_rotation,0
1691600398454,0.62,0.219,0.83,0,0,0,Maze2,const_contra_visual_rotation,0
1691600398470,0.62,0.219,0.83,0,0,0,Maze2,const_contra_visual_rotation,0
1691600398487,0.62,0.219,0.83,0,0,0,Maze2,const_contra_visual_rotation,0
1691600398504,0.62,0.219,0.83,0,0,0,Maze2,const_contra_visual_rotation,0
1691600398520,0.62,0.219,0.83,0,0,0,Maze2,const_contra_visual_rotation,0
1691600398554,0.62,0.219,0.83,0,0,0,Maze2,const_contra_visual_rotation,0
1691600398570,0.62,0.219,0.83,0,0,0,Maze2,const_contra_visual_rotation,0
1691600398587,0.62,0.219,0.83,0,0,0,Maze2,const_contra_visual_rotation,0
1691600398604,0.62,0.219,0.83,0,0,0,Maze2,const_contra_visual_rotation,0
1691600398620,0.62,0.219,0.83,0,0,0,Maze2,const_contra_visual_rotation,0
1691600398655,0.62,0.219,0.83,0,0,0,Maze2,const_contra_visual_rotation,0
1691600398670,0.62,0.219,0.83,0,0,0,Maze2,const_contra_visual_rotation,0
1691600398687,0.62,0.219,0.83,0,0,0,Maze2,const_contra_visual_rotation,0
1691600398704,0.62,0.219,0.83,0,0,0,Maze2,const_contra_visual_rotation,0
1691600398721,0.62,0.219,0.83,0,0,0,Maze2,const_contra_visual_rotation,0
1691600398755,0.62,0.219,0.83,0,0,0,Maze2,const_contra_visual_rotation,0
1691600398770,0.62,0.219,0.83,0,0,0,Maze2,const_contra_visual_rotation,0
1691600398787,0.62,0.219,0.83,0,0,0,Maze2,const_contra_visual_rotation,0
1691600398804,0.62,0.219,0.83,0,0,0,Maze2,const_contra_visual_rotation,0
1691600398821,0.62,0.219,0.83,0,0,0,Maze2,const_contra_visual_rotation,0
1691600398856,0.62,0.219,0.83,0,0,0,Maze2,const_contra_visual_rotation,0
1691600399604,-0.59,0.219,0.86,0,0,0,Maze4,const_contra_visual_no_audio,6
1691600399620,-0.59,0.219,0.86,0,0,0,Maze4,const_contra_visual_no_audio,0
1691600399636,-0.59,0.219,0.86,0,0,0,Maze4,const_contra_visual_no_audio,0
1691600399653,-0.59,0.219,0.86,0,0,0,Maze4,const_contra_visual_no_audio,0
1691600399686,-0.59,0.219,0.86,0,0,0,Maze4,const_contra_visual_no_audio,0
1691600399703,-0.59,0.219,0.86,0,0,0,Maze4,const_contra_visual_no_audio,0
1691600399720,-0.59,0.219,0.86,0,0,0,Maze4,const_contra_visual_no_audio,0
1691600399736,-0.59,0.219,0.86,0,0,0,Maze4,const_contra_visual_no_audio,0
1691600399753,-0.59,0.219,0.86,0,0,0,Maze4,const_contra_visual_no_audio,0
1691600399787,-0.59,0.219,0.86,0,0,0,Maze4,const_contra_visual_no_audio,0
1691600399803,-0.59,0.219,0.86,0,0,0,Maze4,const_contra_visual_no_audio,0
1691600399820,-0.59,0.219,0.86,0,0,0,Maze4,const_contra_visual_no_audio,0
1691600399836,-0.59,0.219,0.86,0,0,0,Maze4,const_contra_visual_no_audio,0
1691600399853,-0.59,0.219,0.86,0,0,0,Maze4,const_contra_visual_no_audio,0
1691600399887,-0.59,0.219,0.86,0,0,0,Maze4,const_contra_visual_no_audio,0
1691600399903,-0.59,0.219,0.86,0,0,0,Maze4,const_contra_visual_no_audio,0
1691600399920,-0.59,0.219,0.86,0,0,0,Maze4,const_contra_visual_no_audio,0
1691600399937,-0.59,0.219,0.86,0,0,0,Maze4,const_contra_visual_no_audio,0
1691600399953,-0.59,0.219,0.86,0,0,0,Maze4,const_contra_visual_no_audio,0
1691600399986,-0.59,0.219,0.86,0,0,0,Maze4,const_contra_visual_no_audio,0
1691600400003,-0.59,0.219,0.86,0,0,0,Maze4,const_contra_visual_no_audio,0
1691600400020,-0.59,0.219,0.86,0,0,0,Maze4,const_contra_visual_no_audio,0
1691600400037,-0.59,0.219,0.86,0,0,0,Maze4,const_contra_visual_no_audio,0
1691600400053,-0.59,0.219,0.86,0,0,0,Maze4,const_contra_visual_no_audio,0
1691600400086,-0.59,0.219,0.86,0,0,0,Maze4,const_contra_visual_no_audio,0
1691600400103,-0.59,0.219,0.86,0,0,0,Maze4,const_contra_visual_no_audio,0
1691600400120,-0.59,0.219,0.86,0,0,0,Maze4,const_contra_visual_no_audio,0
1691600400136,-0.59,0.219,0.86,0,0,0,Maze4,const_contra_visual_no_audio,0
1691600400153,-0.59,0.219,0.86,0,0,0,Maze4,const_contra_visual_no_audio,0
1691600400186,-0.59,0.219,0.86,0,0,0,Maze4,const_contra_visual_no_audio,0
1691600400204,-0.59,0.219,0.86,0,0,0,Maze4,const_contra_visual_no_audio,0
1691600400220,-0.59,0.219,0.86,0,0,0,Maze4,const_contra_visual_no_audio,0
1691600400236,-0.59,0.219,0.86,0,0,0,Maze4,const_contra_visual_no_audio,0
1691600400254,-0.59,0.219,0.86,0,0,0,Maze4,const_contra_visual_no_audio,0
1691600400704,0.62,0.219,0.83,0,0,0,Maze3,const_contra_visual_rotation,6
1691600400720,0.62,0.219,0.83,0,0,0,Maze3,const_contra_visual_rotation,0
1691600400736,0.62,0.219,0.83,0,0,0,Maze3,const_contra_visual_rotation,0
1691600400754,0.62,0.219,0.83,0,0,0,Maze3,const_contra_visual_rotation,0
1691600400770,0.62,0.219,0.83,0,0,0,Maze3,const_contra_visual_rotation,0
1691600400804,0.62,0.219,0.83,0,0,0,Maze3,const_contra_visual_rotation,0
1691600400820,0.62,0.219,0.83,0,0,0,Maze3,const_contra_visual_rotation,0
1691600400836,0.62,0.219,0.83,0,0,0,Maze3,const_contra_visual_rotation,0
1691600400853,0.62,0.219,0.83,0,0,0,Maze3,const_contra_visual_rotation,0
1691600400870,0.62,0.219,0.83,0,0,0,Maze3,const_contra_visual_rotation,0
1691600400904,0.62,0.219,0.83,0,0,0,Maze3,const_contra_visual_rotation,0
1691600400920,0.62,0.219,0.83,0,0,0,Maze3,const_contra_visual_rotation,0
1691600400937,0.62,0.219,0.83,0,0,0,Maze3,const_contra_visual_rotation,0
1691600400953,0.62,0.219,0.83,0,0,0,Maze3,const_contra_visual_rotation,0
1691600400970,0.62,0.219,0.83,0,0,0,Maze3,const_contra_visual_rotation,0
1691600401004,0.62,0.219,0.83,0,0,0,Maze3,const_contra_visual_rotation,0
1691600401020,0.62,0.219,0.83,0,0,0,Maze3,const_contra_visual_rotation,0
1691600401037,0.62,0.219,0.83,0,0,0,Maze3,const_contra_visual_rotation,0
1691600401054,0.62,0.219,0.83,0,0,0,Maze3,const_contra_visual_rotation,0
1691600401070,0.62,0.219,0.83,0,0,0,Maze3,const_contra_visual_rotation,0
1691600401104,0.62,0.219,0.83,0,0,0,Maze3,const_contra_visual_rotation,0
1691600401120,0.62,0.219,0.83,0,0,0,Maze3,const_contra_visual_rotation,0
1691600401136,0.62,0.219,0.83,0,0,0,Maze3,const_contra_visual_rotation,0
1691600401153,0.62,0.219,0.83,0,0,0,Maze3,const_contra_visual_rotation,0
1691600401170,0.62,0.219,0.83,0,0,0,Maze3,const_contra_visual_rotation,0
1691600401206,0.62,0.219,0.83,0,0,0,Maze3,const_contra_visual_rotation,0
1691600401220,0.62,0.219,0.83,0,0,0,Maze3,const_contra_visual_rotation,0
1691600401237,0.62,0.219,0.83,0,0,0,Maze3,const_contra_visual_rotation,0
1691600401253,0.62,0.219,0.83,0,0,0,Maze3,const_contra_visual_rotation,0
1691600401270,0.62,0.219,0.83,0,0,0,Maze3,const_contra_visual_rotation,0
1691600401303,0.62,0.219,0.83,0,0,0,Maze3,const_contra_visual_rotation,0
1691600401320,0.62,0.219,0.83,0,0,0,Maze3,const_contra_visual_rotation,0
1691600401336,0.62,0.219,0.83,0,0,0,Maze3,const_contra_visual_rotation,0
1691600401353,0.62,0.219,0.83,0,0,0,Maze3,const_contra_visual_rotation,0
1691600401370,0.62,0.219,0.83,0,0,0,Maze3,const_contra_visual_rotation,0
1691600401403,0.62,0.219,0.83,0,0,0,Maze3,const_contra_visual_rotation,0
1691600401420,0.62,0.219,0.83,0,0,0,Maze3,const_contra_visual_rotation,0
1691600401436,0.62,0.219,0.83,0,0,0,Maze3,const_contra_visual_rotation,0
1691600401453,0.62,0.219,0.83,0,0,0,Maze3,const_contra_visual_rotation,0
1691600401471,0.62,0.219,0.83,0,0,0,Maze3,const_contra_visual_rotation,0
1691600401504,0.62,0.219,0.83,0,0,0,Maze3,const_contra_visual_rotation,0
1691600401520,0.62,0.219,0.83,0,0,0,Maze3,const_contra_visual_rotation,0
1691600401537,0.62,0.219,0.83,0,0,0,Maze3,const_contra_visual_rotation,0
1691600401553,0.62,0.219,0.83,0,0,0,Maze3,const_contra_visual_rotation,0
1691600401570,0.62,0.219,0.83,0,0,0,Maze3,const_contra_visual_rotation,0
1691600401604,0.62,0.219,0.83,0,0,0,Maze3,const_contra_visual_rotation,0
1691600401620,0.62,0.219,0.83,0,0,0,Maze3,const_contra_visual_rotation,0
1691600401637,0.62,0.219,0.83,0,0,0,Maze3,const_contra_visual_rotation,0
1691600401653,0.62,0.219,0.83,0,0,0,Maze3,const_contra_visual_rotation,0
1691600401671,0.62,0.219,0.83,0,0,0,Maze3,const_contra_visual_rotation,0
1691600401703,0.62,0.219,0.83,0,0,0,Maze3,const_contra_visual_rotation,0
1691600401720,0.62,0.219,0.83,0,0,0,Maze3,const_contra_visual_rotation,0
1691600401736,0.62,0.219,0.83,0,0,0,Maze3,const_contra_visual_rotation,0
1691600401753,0.62,0.219,0.83,0,0,0,Maze3,const_contra_visual_rotation,0
1691600401770,0.62,0.219,0.83,0,0,0,Maze3,const_contra_visual_rotation,0
1691600401803,0.62,0.219,0.83,0,0,0,Maze3,const_contra_visual_rotation,0
1691600401820,0.62,0.219,0.83,0,0,0,Maze3,const_contra_visual_rotation,0
1691600401836,0.62,0.219,0.83,0,0,0,Maze3,const_contra_visual_rotation,0
1691600401853,0.62,0.219,0.83,0,0,0,Maze3,const_contra_visual_rotation,0
1691600401870,0.62,0.219,0.83,0,0,0,Maze3,const_contra_visual_rotation,0
1691600401903,0.62,0.219,0.83,0,0,0,Maze3,const_contra_visual_rotation,0
1691600401920,0.62,0.219,0.83,0,0,0,Maze3,const_contra_visual_rotation,0
1691600401937,0.62,0.219,0.83,0,0,0,Maze3,const_contra_visual_rotation,0
1691600401953,0.62,0.219,0.83,0,0,0,Maze3,const_contra_visual_rotation,0
1691600401970,0.62,0.219,0.83,0,0,0,Maze3,const_contra_visual_rotation,0
1691600402004,0.62,0.219,0.83,0,0,0,Maze3,const_contra_visual_rotation,0
1691600402020,0.62,0.219,0.83,0,0,0,Maze3,const_contra_visual_rotation,0
1691600402037,0.62,0.219,0.83,0,0,0,Maze3,const_contra_visual_rotation,0
1691600402053,0.62,0.219,0.83,0,0,0,Maze3,const_contra_visual_rotation,0
1691600402569,0.62,0.219,-1.23,0,0,0,Maze1,const_contra_visual_no_audio,6
1691600402603,0.62,0.219,-1.23,0,0,0,Maze1,const_contra_visual_no_audio,0
1691600402619,0.62,0.219,-1.23,0,0,0,Maze1,const_contra_visual_no_audio,0
1691600402636,0.62,0.219,-1.23,0,0,0,Maze1,const_contra_visual_no_audio,0
1691600402653,0.62,0.219,-1.23,0,0,0,Maze1,const_contra_visual_no_audio,0
1691600402669,0.62,0.219,-1.23,0,0,0,Maze1,const_contra_visual_no_audio,0
1691600402703,0.62,0.219,-1.23,0,0,0,Maze1,const_contra_visual_no_audio,0
1691600402719,0.62,0.219,-1.23,0,0,0,Maze1,const_contra_visual_no_audio,0
1691600402737,0.62,0.219,-1.23,0,0,0,Maze1,const_contra_visual_no_audio,0
1691600402753,0.62,0.219,-1.23,0,0,0,Maze1,const_contra_visual_no_audio,0
1691600402769,0.62,0.219,-1.23,0,0,0,Maze1,const_contra_visual_no_audio,0
1691600402803,0.62,0.219,-1.23,0,0,0,Maze1,const_contra_visual_no_audio,0
1691600402819,0.62,0.219,-1.23,0,0,0,Maze1,const_contra_visual_no_audio,0
1691600402837,0.62,0.219,-1.23,0,0,0,Maze1,const_contra_visual_no_audio,0
1691600402854,0.62,0.219,-1.23,0,0,0,Maze1,const_contra_visual_no_audio,0
1691600402870,0.62,0.219,-1.23,0,0,0,Maze1,const_contra_visual_no_audio,0
1691600402903,0.62,0.219,-1.23,0,0,0,Maze1,const_contra_visual_no_audio,0
1691600402919,0.62,0.219,-1.23,0,0,0,Maze1,const_contra_visual_no_audio,0
1691600402936,0.62,0.219,-1.23,0,0,0,Maze1,const_contra_visual_no_audio,0
1691600402953,0.62,0.219,-1.23,0,0,0,Maze1,const_contra_visual_no_audio,0
1691600402969,0.62,0.219,-1.23,0,0,0,Maze1,const_contra_visual_no_audio,0
1691600403003,0.62,0.219,-1.23,0,0,0,Maze1,const_contra_visual_no_audio,0
1691600403019,0.62,0.219,-1.23,0,0,0,Maze1,const_contra_visual_no_audio,0
1691600403036,0.62,0.219,-1.23,0,0,0,Maze1,const_contra_visual_no_audio,0
1691600403053,0.62,0.219,-1.23,0,0,0,Maze1,const_contra_visual_no_audio,0
1691600403069,0.62,0.219,-1.23,0,0,0,Maze1,const_contra_visual_no_audio,0
1691600403103,0.62,0.219,-1.23,0,0,0,Maze1,const_contra_visual_no_audio,0
1691600403120,0.62,0.219,-1.23,0,0,0,Maze1,const_contra_visual_no_audio,0
1691600403136,0.62,0.219,-1.23,0,0,0,Maze1,const_contra_visual_no_audio,0
1691600403153,0.62,0.219,-1.23,0,0,0,Maze1,const_contra_visual_no_audio,0
1691600403170,0.62,0.219,-1.23,0,0,0,Maze1,const_contra_visual_no_audio,0
1691600403203,0.62,0.219,-1.23,0,0,0,Maze1,const_contra_visual_no_audio,0
1691600403220,0.62,0.219,-1.23,0,0,0,Maze1,const_contra_visual_no_audio,0
1691600403237,0.62,0.219,-1.23,0,0,0,Maze1,const_contra_visual_no_audio,0
1691600403253,0.62,0.219,-1.23,0,0,0,Maze1,const_contra_visual_no_audio,0
1691600403269,0.62,0.219,-1.23,0,0,0,Maze1,const_contra_visual_no_audio,0
1691600403303,0.62,0.219,-1.23,0,0,0,Maze1,const_contra_visual_no_audio,0
1691600403319,0.62,0.219,-1.23,0,0,0,Maze1,const_contra_visual_no_audio,0
1691600403336,0.62,0.219,-1.23,0,0,0,Maze1,const_contra_visual_no_audio,0
1691600403353,0.62,0.219,-1.23,0,0,0,Maze1,const_contra_visual_no_audio,0
1691600403369,0.62,0.219,-1.23,0,0,0,Maze1,const_contra_visual_no_audio,0
1691600403403,0.62,0.219,-1.23,0,0,0,Maze1,const_contra_visual_no_audio,0
1691600403419,0.62,0.219,-1.23,0,0,0,Maze1,const_contra_visual_no_audio,0
1691600403437,0.62,0.219,-1.23,0,0,0,Maze1,const_contra_visual_no_audio,0
1691600403453,0.62,0.219,-1.23,0,0,0,Maze1,const_contra_visual_no_audio,0
1691600403469,0.62,0.219,-1.23,0,0,0,Maze1,const_contra_visual_no_audio,0
1691600403503,0.62,0.219,-1.23,0,0,0,Maze1,const_contra_visual_no_audio,0
1691600403519,0.62,0.219,-1.23,0,0,0,Maze1,const_contra_visual_no_audio,0
1691600403535,0.62,0.219,-1.23,0,0,0,Maze1,const_contra_visual_no_audio,0
1691600403553,0.62,0.219,-1.23,0,0,0,Maze1,const_contra_visual_no_audio,0
1691600403570,0.62,0.219,-1.23,0,0,0,Maze1,const_contra_visual_no_audio,0
1691600403603,0.62,0.219,-1.23,0,0,0,Maze1,const_contra_visual_no_audio,0
1691600403620,0.62,0.219,-1.23,0,0,0,Maze1,const_contra_visual_no_audio,0
1691600403637,0.62,0.219,-1.23,0,0,0,Maze1,const_contra_visual_no_audio,0
1691600403653,0.62,0.219,-1.23,0,0,0,Maze1,const_contra_visual_no_audio,0
1691600403670,0.62,0.219,-1.23,0,0,0,Maze1,const_contra_visual_no_audio,0
1691600403703,0.62,0.219,-1.23,0,0,0,Maze1,const_contra_visual_no_audio,0
1691600403720,0.62,0.219,-1.23,0,0,0,Maze1,const_contra_visual_no_audio,0
1691600403735,0.62,0.219,-1.23,0,0,0,Maze1,const_contra_visual_no_audio,0
1691600403753,0.62,0.219,-1.23,0,0,0,Maze1,const_contra_visual_no_audio,0
1691600403769,0.62,0.219,-1.23,0,0,0,Maze1,const_contra_visual_no_audio,0
1691600403803,0.62,0.219,-1.23,0,0,0,Maze1,const_contra_visual_no_audio,0
1691600403819,0.62,0.219,-1.23,0,0,0,Maze1,const_contra_visual_no_audio,0
1691600403835,0.62,0.219,-1.23,0,0,0,Maze1,const_contra_visual_no_audio,0
1691600403852,0.62,0.219,-1.23,0,0,0,Maze1,const_contra_visual_no_audio,0
1691600403869,0.62,0.219,-1.23,0,0,0,Maze1,const_contra_visual_no_audio,0
1691600403902,0.62,0.219,-1.23,0,0,0,Maze1,const_contra_visual_no_audio,0
1691600403919,0.62,0.219,-1.23,0,0,0,Maze1,const_contra_visual_no_audio,0
1691600403936,0.62,0.219,-1.23,0,0,0,Maze1,const_contra_visual_no_audio,0
1691600403953,0.62,0.219,-1.23,0,0,0,Maze1,const_contra_visual_no_audio,0
1691600403970,0.62,0.219,-1.23,0,0,0,Maze1,const_contra_visual_no_audio,0
1691600404002,0.62,0.219,-1.23,0,0,0,Maze1,const_contra_visual_no_audio,0
1691600404019,0.62,0.219,-1.23,0,0,0,Maze1,const_contra_visual_no_audio,0
1691600404036,0.62,0.219,-1.23,0,0,0,Maze1,const_contra_visual_no_audio,0
1691600404052,0.62,0.219,-1.23,0,0,0,Maze1,const_contra_visual_no_audio,0
1691600404069,0.62,0.219,-1.23,0,0,0,Maze1,const_contra_visual_no_audio,0
1691600404102,0.62,0.219,-1.23,0,0,0,Maze1,const_contra_visual_no_audio,0
1691600404120,0.62,0.219,-1.23,0,0,0,Maze1,const_contra_visual_no_audio,0
1691600404136,0.62,0.219,-1.23,0,0,0,Maze1,const_contra_visual_no_audio,0
1691600404152,0.62,0.219,-1.23,0,0,0,Maze1,const_contra_visual_no_audio,0
1691600404169,0.62,0.219,-1.23,0,0,0,Maze1,const_contra_visual_no_audio,0
1691600404202,0.62,0.219,-1.23,0,0,0,Maze1,const_contra_visual_no_audio,0
1691600404220,0.62,0.219,-1.23,0,0,0,Maze1,const_contra_visual_no_audio,0
1691600404236,0.62,0.219,-1.23,0,0,0,Maze1,const_contra_visual_no_audio,0
1691600404253,0.62,0.219,-1.23,0,0,0,Maze1,const_contra_visual_no_audio,0
1691600404269,0.62,0.219,-1.23,0,0,0,Maze1,const_contra_visual_no_audio,0
1691600404302,0.62,0.219,-1.23,0,0,0,Maze1,const_contra_visual_no_audio,0
1691600404319,0.62,0.219,-1.23,0,0,0,Maze1,const_contra_visual_no_audio,0
1691600404336,0.62,0.219,-1.23,0,0,0,Maze1,const_contra_visual_no_audio,0
1691600404353,0.62,0.219,-1.23,0,0,0,Maze1,const_contra_visual_no_audio,0
1691600404369,0.62,0.219,-1.23,0,0,0,Maze1,const_contra_visual_no_audio,0
1691600404402,0.62,0.219,-1.23,0,0,0,Maze1,const_contra_visual_no_audio,0
1691600404419,0.62,0.219,-1.23,0,0,0,Maze1,const_contra_visual_no_audio,0
1691600404436,0.62,0.219,-1.23,0,0,0,Maze1,const_contra_visual_no_audio,0
1691600404452,0.6195843,0.219,-1.23,0,0,0,Maze1,const_contra_visual_no_audio,0
1691600404469,0.618753,0.219,-1.23,0,0,0,Maze1,const_contra_visual_no_audio,0
1691600404502,0.6158434,0.219,-1.23,0,0,0,Maze1,const_contra_visual_no_audio,0
1691600404519,0.6137577,0.219,-1.23,0,0,0,Maze1,const_contra_visual_no_audio,0
1691600404536,0.6112576,0.219,-1.23,0,0,0,Maze1,const_contra_visual_no_audio,0
1691600404552,0.608346,0.219,-1.23,0,0,0,Maze1,const_contra_visual_no_audio,0
1691600404569,0.6050189,0.219,-1.23,0,0,0,Maze1,const_contra_visual_no_audio,0
1691600404602,0.597089,0.219,-1.23,0,0,0,Maze1,const_contra_visual_no_audio,0
1691600404619,0.5925122,0.219,-1.23,0,0,0,Maze1,const_contra_visual_no_audio,0
1691600404636,0.5875198,0.219,-1.23,0,0,0,Maze1,const_contra_visual_no_audio,0
1691600404653,0.5821118,0.219,-1.23,0,0,0,Maze1,const_contra_visual_no_audio,0
1691600404669,0.576288,0.219,-1.23,0,0,0,Maze1,const_contra_visual_no_audio,0
1691600404703,0.5633668,0.219,-1.23,0,0,0,Maze1,const_contra_visual_no_audio,0
1691600404719,0.5562946,0.219,-1.23,0,0,0,Maze1,const_contra_visual_no_audio,0
1691600404736,0.5488067,0.219,-1.23,0,0,0,Maze1,const_contra_visual_no_audio,0
1691600404753,0.540889,0.219,-1.23,0,0,0,Maze1,const_contra_visual_no_audio,0
1691600404769,0.5325317,0.219,-1.23,0,0,0,Maze1,const_contra_visual_no_audio,0
1691600404802,0.5158853,0.219,-1.23,0,0,0,Maze1,const_contra_visual_no_audio,0
1691600404819,0.507562,0.219,-1.23,0,0,0,Maze1,const_contra_visual_no_audio,0
1691600404837,0.4992216,0.219,-1.23,0,0,0,Maze1,const_contra_visual_no_audio,0
1691600404852,0.4908984,0.219,-1.23,0,0,0,Maze1,const_contra_visual_no_audio,0
1691600404869,0.4825751,0.219,-1.23,0,0,0,Maze1,const_contra_visual_no_audio,0
1691600404903,0.4659072,0.219,-1.23,0,0,0,Maze1,const_contra_visual_no_audio,0
1691600404919,0.4575739,0.219,-1.23,0,0,0,Maze1,const_contra_visual_no_audio,0
1691600404937,0.4492156,0.219,-1.23,0,0,0,Maze1,const_contra_visual_no_audio,0
1691600404952,0.4408924,0.219,-1.23,0,0,0,Maze1,const_contra_visual_no_audio,0
1691600404970,0.4325691,0.219,-1.23,0,0,0,Maze1,const_contra_visual_no_audio,0
1691600405003,0.4159227,0.219,-1.23,0,0,0,Maze1,const_contra_visual_no_audio,0
1691600405019,0.4075768,0.219,-1.23,0,0,0,Maze1,const_contra_visual_no_audio,0
1691600405036,0.3992433,0.219,-1.23,0,0,0,Maze1,const_contra_visual_no_audio,0
1691600405052,0.39092,0.219,-1.23,0,0,0,Maze1,const_contra_visual_no_audio,0
1691600405069,0.3825968,0.219,-1.23,0,0,0,Maze1,const_contra_visual_no_audio,0
1691600405103,0.3659251,0.219,-1.23,0,0,0,Maze1,const_contra_visual_no_audio,0
1691600405120,0.3576019,0.219,-1.23,0,0,0,Maze1,const_contra_visual_no_audio,0
1691600405136,0.3492543,0.219,-1.23,0,0,0,Maze1,const_contra_visual_no_audio,0
1691600405152,0.3409148,0.219,-1.23,0,0,0,Maze1,const_contra_visual_no_audio,0
1691600405169,0.3325915,0.219,-1.23,0,0,0,Maze1,const_contra_visual_no_audio,0
1691600405204,0.3159451,0.219,-1.23,0,0,0,Maze1,const_contra_visual_no_audio,0
1691600405219,0.3075943,0.219,-1.23,0,0,0,Maze1,const_contra_visual_no_audio,0
1691600405236,0.299271,0.219,-1.23,0,0,0,Maze1,const_contra_visual_no_audio,0
1691600405252,0.2909478,0.219,-1.23,0,0,0,Maze1,const_contra_visual_no_audio,0
1691600405270,0.282609,0.219,-1.23,0,0,0,Maze1,const_contra_visual_no_audio,0
1691600405302,0.2659625,0.219,-1.23,0,0,0,Maze1,const_contra_visual_no_audio,0
1691600405319,0.2576393,0.219,-1.23,0,0,0,Maze1,const_contra_visual_no_audio,0
1691600405336,0.2493161,0.219,-1.23,0,0,0,Maze1,const_contra_visual_no_audio,0
1691600405352,0.2409577,0.219,-1.23,0,0,0,Maze1,const_contra_visual_no_audio,0
1691600405369,0.2326345,0.219,-1.23,0,0,0,Maze1,const_contra_visual_no_audio,0
1691600405403,0.2159488,0.219,-1.23,0,0,0,Maze1,const_contra_visual_no_audio,0
1691600405419,0.2076256,0.219,-1.23,0,0,0,Maze1,const_contra_visual_no_audio,0
1691600405436,0.1993024,0.219,-1.23,0,0,0,Maze1,const_contra_visual_no_audio,0
1691600405452,0.1909792,0.219,-1.23,0,0,0,Maze1,const_contra_visual_no_audio,0
1691600405469,0.1826221,0.219,-1.23,0,0,0,Maze1,const_contra_visual_no_audio,0
1691600405503,0.1659757,0.219,-1.23,0,0,0,Maze1,const_contra_visual_no_audio,0
1691600405519,0.1576355,0.219,-1.23,0,0,0,Maze1,const_contra_visual_no_audio,0
1691600405535,0.1492869,0.219,-1.23,0,0,0,Maze1,const_contra_visual_no_audio,0
1691600405553,0.1409636,0.219,-1.23,0,0,0,Maze1,const_contra_visual_no_audio,0
1691600405569,0.1326404,0.219,-1.23,0,0,0,Maze1,const_contra_visual_no_audio,0
1691600405603,0.1159649,0.219,-1.23,0,0,0,Maze1,const_contra_visual_no_audio,0
1691600405620,0.1076416,0.219,-1.23,0,0,0,Maze1,const_contra_visual_no_audio,0
1691600405636,0.099287,0.219,-1.23,0,0,0,Maze1,const_contra_visual_no_audio,0
1691600405652,0.09096377,0.219,-1.23,0,0,0,Maze1,const_contra_visual_no_audio,0
1691600405670,0.08264054,0.219,-1.23,0,0,0,Maze1,const_contra_visual_no_audio,0
1691600405703,0.06597359,0.219,-1.23,0,0,0,Maze1,const_contra_visual_no_audio,0
1691600405719,0.05765036,0.219,-1.23,0,0,0,Maze1,const_contra_visual_no_audio,0
1691600405735,0.04931414,0.219,-1.23,0,0,0,Maze1,const_contra_visual_no_audio,0
1691600405752,0.04099091,0.219,-1.23,0,0,0,Maze1,const_contra_visual_no_audio,0
1691600405770,0.03266769,0.219,-1.23,0,0,0,Maze1,const_contra_visual_no_audio,0
1691600405803,0.01600174,0.219,-1.23,0,0,0,Maze1,const_contra_visual_no_audio,0
1691600405819,0.007667186,0.219,-1.23,0,0,0,Maze1,const_contra_visual_no_audio,0
1691600405835,-0.0006560422,0.219,-1.23,0,0,0,Maze1,const_contra_visual_no_audio,0
1691600405852,-0.008994015,0.219,-1.23,0,0,0,Maze1,const_contra_visual_no_audio,0
1691600405869,-0.01731724,0.219,-1.23,0,0,0,Maze1,const_contra_visual_no_audio,0
1691600405902,-0.03397712,0.219,-1.23,0,0,0,Maze1,const_contra_visual_no_audio,0
1691600405919,-0.04231367,0.219,-1.23,0,0,0,Maze1,const_contra_visual_no_audio,0
1691600405936,-0.0506369,0.219,-1.23,0,0,0,Maze1,const_contra_visual_no_audio,0
1691600405952,-0.05898257,0.219,-1.23,0,0,0,Maze1,const_contra_visual_no_audio,0
1691600405969,-0.06731422,0.219,-1.23,0,0,0,Maze1,const_contra_visual_no_audio,0
1691600406002,-0.08396067,0.219,-1.23,0,0,0,Maze1,const_contra_visual_no_audio,0
1691600406019,-0.09231663,0.219,-1.23,0,0,0,Maze1,const_contra_visual_no_audio,0
1691600406036,-0.1006569,0.219,-1.23,0,0,0,Maze1,const_contra_visual_no_audio,0
1691600406052,-0.1089956,0.219,-1.23,0,0,0,Maze1,const_contra_visual_no_audio,0
1691600406069,-0.1173189,0.219,-1.23,0,0,0,Maze1,const_contra_visual_no_audio,0
1691600406102,-0.1339765,0.219,-1.23,0,0,0,Maze1,const_contra_visual_no_audio,0
1691600406120,-0.1422997,0.219,-1.23,0,0,0,Maze1,const_contra_visual_no_audio,0
1691600406135,-0.1506229,0.219,-1.23,0,0,0,Maze1,const_contra_visual_no_audio,0
1691600406152,-0.1589462,0.219,-1.23,0,0,0,Maze1,const_contra_visual_no_audio,0
1691600406169,-0.1672694,0.219,-1.23,0,0,0,Maze1,const_contra_visual_no_audio,0
1691600406203,-0.183959,0.219,-1.23,0,0,0,Maze1,const_contra_visual_no_audio,0
1691600406219,-0.1922822,0.219,-1.23,0,0,0,Maze1,const_contra_visual_no_audio,0
1691600406235,-0.2006054,0.219,-1.23,0,0,0,Maze1,const_contra_visual_no_audio,0
1691600406252,-0.2089286,0.219,-1.23,0,0,0,Maze1,const_contra_visual_no_audio,0
1691600406268,-0.2173091,0.219,-1.23,0,0,0,Maze1,const_contra_visual_no_audio,0
1691600406302,-0.2339555,0.219,-1.23,0,0,0,Maze1,const_contra_visual_no_audio,0
1691600406318,-0.2422788,0.219,-1.23,0,0,0,Maze1,const_contra_visual_no_audio,0
1691600406335,-0.250602,0.219,-1.23,0,0,0,Maze1,const_contra_visual_no_audio,0
1691600406353,-0.2589252,0.219,-1.23,0,0,0,Maze1,const_contra_visual_no_audio,0
1691600406369,-0.2672485,0.219,-1.23,0,0,0,Maze1,const_contra_visual_no_audio,0
1691600406402,-0.2839387,0.219,-1.23,0,0,0,Maze1,const_contra_visual_no_audio,0
1691600406436,-0.2922798,0.219,-1.23,0,0,0,Maze1,const_contra_visual_no_audio,0
1691600406439,-0.2922798,0.219,-1.23,0,0,0,Maze1,const_contra_visual_no_audio,0
1691600406452,-0.3088987,0.219,-1.23,0,0,0,Maze1,const_contra_visual_no_audio,0
1691600406469,-0.3172651,0.219,-1.23,0,0,0,Maze1,const_contra_visual_no_audio,0
1691600406519,-0.3339274,0.219,-1.23,0,0,0,Maze1,const_contra_visual_no_audio,0
1691600406522,-0.3339274,0.219,-1.23,0,0,0,Maze1,const_contra_visual_no_audio,0
1691600406535,-0.350556,0.219,-1.23,0,0,0,Maze1,const_contra_visual_no_audio,0
1691600406552,-0.3589325,0.219,-1.23,0,0,0,Maze1,const_contra_visual_no_audio,0
1691600406569,-0.3672557,0.219,-1.23,0,0,0,Maze1,const_contra_visual_no_audio,0
1691600406603,-0.375579,0.219,-1.23,0,0,0,Maze1,const_contra_visual_no_audio,0
1691600406618,-0.3922158,0.219,-1.23,0,0,0,Maze1,const_contra_visual_no_audio,0
1691600406635,-0.4005648,0.219,-1.23,0,0,0,Maze1,const_contra_visual_no_audio,0
1691600406653,-0.4089052,0.219,-1.23,0,0,0,Maze1,const_contra_visual_no_audio,0
1691600406669,-0.4172611,0.219,-1.23,0,0,0,Maze1,const_contra_visual_no_audio,0
1691600406702,-0.4339076,0.219,-1.23,0,0,0,Maze1,const_contra_visual_no_audio,0
1691600406719,-0.4422308,0.219,-1.23,0,0,0,Maze1,const_contra_visual_no_audio,0
1691600406735,-0.4505745,0.219,-1.23,0,0,0,Maze1,const_contra_visual_no_audio,0
1691600406752,-0.4588977,0.219,-1.23,0,0,0,Maze1,const_contra_visual_no_audio,0
1691600406769,-0.4672315,0.219,-1.23,0,0,0,Maze1,const_contra_visual_no_audio,0
1691600406802,-0.4838779,0.219,-1.23,0,0,0,Maze1,const_contra_visual_no_audio,0
1691600406818,-0.4922011,0.219,-1.23,0,0,0,Maze1,const_contra_visual_no_audio,0
1691600406835,-0.5005244,0.219,-1.23,0,0,0,Maze1,const_contra_visual_no_audio,0
1691600406852,-0.5088875,0.219,-1.23,0,0,0,Maze1,const_contra_visual_no_audio,0
1691600406869,-0.5172107,0.219,-1.23,0,0,0,Maze1,const_contra_visual_no_audio,0
1691600406902,-0.5338764,0.219,-1.23,0,0,0,Maze1,const_contra_visual_no_audio,0
1691600406919,-0.5421996,0.219,-1.23,0,0,0,Maze1,const_contra_visual_no_audio,0
1691600406935,-0.5505471,0.219,-1.23,0,0,0,Maze1,const_contra_visual_no_audio,0
1691600406952,-0.5588703,0.219,-1.23,0,0,0,Maze1,const_contra_visual_no_audio,0
1691600406968,-0.5672149,0.219,-1.23,0,0,0,Maze1,const_contra_visual_no_audio,0
1691600407002,-0.5838783,0.219,-1.23,0,0,0,Maze1,const_contra_visual_no_audio,0
1691600407019,-0.5922015,0.219,-1.23,0,0,0,Maze1,const_contra_visual_no_audio,0
1691600407035,-0.6005561,0.219,-1.23,0,0,0,Maze1,const_contra_visual_no_audio,0
1691600407053,-0.6088793,0.219,-1.23,0,0,0,Maze1,const_contra_visual_no_audio,0
1691600407069,-0.6172025,0.219,-1.23,0,0,0,Maze1,const_contra_visual_no_audio,0
1691600407118,-0.6338577,0.219,-1.23,0,0,0,Maze1,const_contra_visual_no_audio,0
1691600407121,-0.6338577,0.219,-1.23,0,0,0,Maze1,const_contra_visual_no_audio,0
1691600407135,-0.6504932,0.219,-1.23,0,0,0,Maze1,const_contra_visual_no_audio,0
1691600407152,-0.6588305,0.219,-1.23,0,0,0,Maze1,const_contra_visual_no_audio,0
1691600407168,-0.6671711,0.219,-1.23,0,0,0,Maze1,const_contra_visual_no_audio,0
1691600407202,-0.675527,0.219,-1.23,0,0,0,Maze1,const_contra_visual_no_audio,0
1691600407218,-0.692193,0.219,-1.23,0,0,0,Maze1,const_contra_visual_no_audio,0
1691600407235,-0.7005163,0.219,-1.23,0,0,0,Maze1,const_contra_visual_no_audio,0
1691600407252,-0.7088395,0.219,-1.23,0,0,0,Maze1,const_contra_visual_no_audio,0
1691600407269,-0.7171627,0.219,-1.23,0,0,0,Maze1,const_contra_visual_no_audio,0
1691600407303,-0.7338981,0.219,-1.23,0,0,0,Maze1,const_contra_visual_no_audio,0
1691600407319,-0.7422214,0.219,-1.23,0,0,0,Maze1,const_contra_visual_no_audio,0
1691600407335,-0.7505446,0.219,-1.23,0,0,0,Maze1,const_contra_visual_no_audio,0
1691600407352,-0.7588678,0.219,-1.23,0,0,0,Maze1,const_contra_visual_no_audio,0
1691600407385,-0.7671911,0.219,-1.23,0,0,0,Maze1,const_contra_visual_no_audio,0
1691600407402,-0.7837992,0.219,-1.23,0,0,0,Maze1,const_contra_visual_no_audio,0
1691600407418,-0.7921623,0.219,-1.23,0,0,0,Maze1,const_contra_visual_no_audio,0
1691600407435,-0.8005039,0.219,-1.23,0,0,0,Maze1,const_contra_visual_no_audio,0
1691600407452,-0.8088272,0.219,-1.23,0,0,0,Maze1,const_contra_visual_no_audio,0
1691600407469,-0.8171631,0.219,-1.23,0,0,0,Maze1,const_contra_visual_no_audio,0
1691600407502,-0.8338215,0.219,-1.23,0,0,0,Maze1,const_contra_visual_no_audio,0
1691600407519,-0.8421448,0.219,-1.23,0,0,0,Maze1,const_contra_visual_no_audio,0
1691600407535,-0.8504936,0.219,-1.23,0,0,0,Maze1,const_contra_visual_no_audio,0
1691600407552,-0.8588169,0.219,-1.23,0,0,0,Maze1,const_contra_visual_no_audio,0
1691600407568,-0.8671401,0.219,-1.23,0,0,0,Maze1,const_contra_visual_no_audio,0
1691600407602,-0.8837865,0.219,-1.23,0,0,0,Maze1,const_contra_visual_no_audio,0
1691600407618,-0.8921464,0.219,-1.23,0,0,0,Maze1,const_contra_visual_no_audio,0
1691600407635,-0.9004697,0.219,-1.23,0,0,0,Maze1,const_contra_visual_no_audio,0
1691600407652,-0.9087929,0.219,-1.23,0,0,0,Maze1,const_contra_visual_no_audio,0
1691600407669,-0.9171161,0.219,-1.23,0,0,0,Maze1,const_contra_visual_no_audio,0
1691600407702,-0.9337754,0.219,-1.23,0,0,0,Maze1,const_contra_visual_no_audio,0
1691600407719,-0.9421206,0.219,-1.23,0,0,0,Maze1,const_contra_visual_no_audio,0
1691600407735,-0.9504731,0.219,-1.23,0,0,0,Maze1,const_contra_visual_no_audio,0
1691600407752,-0.9587964,0.219,-1.23,0,0,0,Maze1,const_contra_visual_no_audio,0
1691600407768,-0.9671196,0.219,-1.23,0,0,0,Maze1,const_contra_visual_no_audio,0
1691600407802,-0.9837946,0.219,-1.23,0,0,0,Maze1,const_contra_visual_no_audio,0
1691600407819,-0.9921179,0.219,-1.23,0,0,0,Maze1,const_contra_visual_no_audio,0
1691600407835,-1.000441,0.219,-1.23,0,0,0,Maze1,const_contra_visual_no_audio,0
1691600407852,-1.008793,0.219,-1.23,0,0,0,Maze1,const_contra_visual_no_audio,0
1691600407868,-1.017116,0.219,-1.23,0,0,0,Maze1,const_contra_visual_no_audio,0
1691600407902,-1.033779,0.219,-1.23,0,0,0,Maze1,const_contra_visual_no_audio,0
1691600407918,-1.042102,0.219,-1.23,0,0,0,Maze1,const_contra_visual_no_audio,0
1691600407935,-1.050425,0.219,-1.23,0,0,0,Maze1,const_contra_visual_no_audio,0
1691600407952,-1.058785,0.219,-1.23,0,0,0,Maze1,const_contra_visual_no_audio,0
1691600407968,-1.067108,0.219,-1.23,0,0,0,Maze1,const_contra_visual_no_audio,0
1691600408002,-1.083783,0.219,-1.23,0,0,0,Maze1,const_contra_visual_no_audio,0
1691600408018,-1.092106,0.219,-1.23,0,0,0,Maze1,const_contra_visual_no_audio,0
1691600408035,-1.100429,0.219,-1.23,0,0,0,Maze1,const_contra_visual_no_audio,0
1691600408051,-1.108767,0.219,-1.23,0,0,0,Maze1,const_contra_visual_no_audio,0
1691600408069,-1.117104,0.219,-1.23,0,0,0,Maze1,const_contra_visual_no_audio,0
1691600408102,-1.133819,0.219,-1.23,0,0,0,Maze1,const_contra_visual_no_audio,0
1691600408118,-1.142142,0.219,-1.23,0,0,0,Maze1,const_contra_visual_no_audio,0
1691600408135,-1.150465,0.219,-1.23,0,0,0,Maze1,const_contra_visual_no_audio,0
1691600408151,-1.158788,0.219,-1.23,0,0,0,Maze1,const_contra_visual_no_audio,0
1691600408169,-1.167112,0.219,-1.23,0,0,0,Maze1,const_contra_visual_no_audio,0
1691600408202,-1.183782,0.219,-1.23,0,0,0,Maze1,const_contra_visual_no_audio,0
1691600408218,-1.192105,0.219,-1.23,0,0,0,Maze1,const_contra_visual_no_audio,0
1691600408235,-1.200429,0.219,-1.23,0,0,0,Maze1,const_contra_visual_no_audio,0
1691600408251,-1.208752,0.219,-1.23,0,0,0,Maze1,const_contra_visual_no_audio,0
1691600408269,-1.217075,0.219,-1.23,0,0,0,Maze1,const_contra_visual_no_audio,0
1691600408302,-1.233721,0.219,-1.23,0,0,0,Maze1,const_contra_visual_no_audio,0
1691600408319,-1.242063,0.219,-1.23,0,0,0,Maze1,const_contra_visual_no_audio,0
1691600408335,-1.2504,0.219,-1.23,0,0,0,Maze1,const_contra_visual_no_audio,0
1691600408352,-1.258723,0.219,-1.23,0,0,0,Maze1,const_contra_visual_no_audio,0
1691600408368,-1.267059,0.219,-1.23,0,0,0,Maze1,const_contra_visual_no_audio,0
1691600408402,-1.283723,0.219,-1.23,0,0,0,Maze1,const_contra_visual_no_audio,0
1691600408419,-1.292062,0.219,-1.23,0,0,0,Maze1,const_contra_visual_no_audio,0
1691600408435,-1.300385,0.219,-1.23,0,0,0,Maze1,const_contra_visual_no_audio,0
1691600408452,-1.308708,0.219,-1.23,0,0,0,Maze1,const_contra_visual_no_audio,0
1691600408468,-1.317071,0.219,-1.23,0,0,0,Maze1,const_contra_visual_no_audio,0
1691600408502,-1.333717,0.219,-1.23,0,0,0,Maze1,const_contra_visual_no_audio,0
1691600408518,-1.342041,0.219,-1.23,0,0,0,Maze1,const_contra_visual_no_audio,0
1691600408535,-1.350364,0.219,-1.23,0,0,0,Maze1,const_contra_visual_no_audio,0
1691600408553,-1.358708,0.219,-1.23,0,0,0,Maze1,const_contra_visual_no_audio,0
1691600408569,-1.367031,0.219,-1.23,0,0,0,Maze1,const_contra_visual_no_audio,0
1691600408602,-1.383694,0.219,-1.23,0,0,0,Maze1,const_contra_visual_no_audio,0
1691600408618,-1.392017,0.219,-1.23,0,0,0,Maze1,const_contra_visual_no_audio,0
1691600408635,-1.40034,0.219,-1.23,0,0,0,Maze1,const_contra_visual_no_audio,0
1691600408651,-1.408697,0.219,-1.23,0,0,0,Maze1,const_contra_visual_no_audio,0
1691600408668,-1.41703,0.219,-1.23,0,0,0,Maze1,const_contra_visual_no_audio,0
1691600408702,-1.433714,0.219,-1.23,0,0,0,Maze1,const_contra_visual_no_audio,0
1691600408718,-1.442037,0.219,-1.23,0,0,0,Maze1,const_contra_visual_no_audio,0
1691600408735,-1.450373,0.219,-1.23,0,0,0,Maze1,const_contra_visual_no_audio,0
1691600408752,-1.458696,0.219,-1.23,0,0,0,Maze1,const_contra_visual_no_audio,0
1691600408768,-1.467034,0.219,-1.23,0,0,0,Maze1,const_contra_visual_no_audio,0
1691600408802,-1.481033,0.219,-1.23,0,0,0,Maze1,const_contra_visual_no_audio,0
1691600408818,-1.481033,0.219,-1.23,0,0,0,Maze1,const_contra_visual_no_audio,0
1691600408835,-1.481033,0.219,-1.23,0,0,0,Maze1,const_contra_visual_no_audio,0
1691600408852,-1.481033,0.219,-1.23,0,0,0,Maze1,const_contra_visual_no_audio,0
1691600408869,-1.481033,0.219,-1.23,0,0,0,Maze1,const_contra_visual_no_audio,0
1691600408902,-1.481033,0.219,-1.23,0,0,0,Maze1,const_contra_visual_no_audio,0
1691600408919,-1.481033,0.219,-1.23,0,0,0,Maze1,const_contra_visual_no_audio,0
1691600408935,-1.481033,0.219,-1.23,0,0,0,Maze1,const_contra_visual_no_audio,0
1691600408952,-1.481033,0.219,-1.23,0,0,0,Maze1,const_contra_visual_no_audio,0
1691600408968,-1.481033,0.219,-1.23,0,0,0,Maze1,const_contra_visual_no_audio,0
1691600409002,-1.481033,0.219,-1.23,0,0,0,Maze1,const_contra_visual_no_audio,0
1691600409018,-1.481033,0.219,-1.23,0,0,0,Maze1,const_contra_visual_no_audio,0
1691600409035,-1.481033,0.219,-1.23,0,0,0,Maze1,const_contra_visual_no_audio,0
1691600409052,-1.481033,0.219,-1.23,0,0,0,Maze1,const_contra_visual_no_audio,0
1691600409068,-1.481033,0.219,-1.23,0,0,0,Maze1,const_contra_visual_no_audio,0
1691600409102,-1.481033,0.219,-1.23,0,0,0,Maze1,const_contra_visual_no_audio,0
1691600409118,-1.481033,0.219,-1.23,0,0,0,Maze1,const_contra_visual_no_audio,0
1691600409135,-1.481033,0.219,-1.23,0,0,0,Maze1,const_contra_visual_no_audio,0
1691600409152,-1.481033,0.219,-1.23,0,0,0,Maze1,const_contra_visual_no_audio,0
1691600409168,-1.481033,0.219,-1.23,0,0,0,Maze1,const_contra_visual_no_audio,0
1691600409202,-1.481033,0.219,-1.23,0,0,0,Maze1,const_contra_visual_no_audio,0
1691600409218,-1.481033,0.219,-1.23,0,0,0,Maze1,const_contra_visual_no_audio,0
1691600409235,-1.481033,0.219,-1.23,0,0,0,Maze1,const_contra_visual_no_audio,0
1691600409252,-1.481033,0.219,-1.23,0,0,0,Maze1,const_contra_visual_no_audio,0
1691600409268,-1.481033,0.219,-1.23,0,0,0,Maze1,const_contra_visual_no_audio,0
1691600409301,-1.481033,0.219,-1.23,0,0,0,Maze1,const_contra_visual_no_audio,0
1691600409318,-1.481033,0.219,-1.23,0,0,0,Maze1,const_contra_visual_no_audio,0
1691600409335,-1.481033,0.219,-1.23,0,0,0,Maze1,const_contra_visual_no_audio,0
1691600409351,-1.481033,0.219,-1.23,0,0,0,Maze1,const_contra_visual_no_audio,0
1691600409368,-1.481033,0.219,-1.23,0,0,0,Maze1,const_contra_visual_no_audio,0
1691600409401,-1.481033,0.219,-1.23,0,0,0,Maze1,const_contra_visual_no_audio,0
1691600409418,-1.481033,0.219,-1.23,0,0,0,Maze1,const_contra_visual_no_audio,0
1691600409435,-1.481033,0.219,-1.23,0,0,0,Maze1,const_contra_visual_no_audio,0
1691600409451,-1.481033,0.219,-1.23,0,0,0,Maze1,const_contra_visual_no_audio,0
1691600409468,-1.481033,0.219,-1.23,0,0,0,Maze1,const_contra_visual_no_audio,0
1691600409501,-1.481033,0.219,-1.23,0,0,0,Maze1,const_contra_visual_no_audio,0
1691600409518,-1.481033,0.219,-1.23,0,0,0,Maze1,const_contra_visual_no_audio,0
1691600409535,-1.481033,0.219,-1.23,0,0,0,Maze1,const_contra_visual_no_audio,0
1691600409551,-1.481033,0.219,-1.23,0,0,0,Maze1,const_contra_visual_no_audio,0
1691600409568,-1.481033,0.219,-1.23,0,0,0,Maze1,const_contra_visual_no_audio,0
1691600409601,-1.481033,0.219,-1.23,0,0,0,Maze1,const_contra_visual_no_audio,0
1691600409618,-1.481033,0.219,-1.23,0,0,0,Maze1,const_contra_visual_no_audio,0
1691600409635,-1.481033,0.219,-1.23,0,0,0,Maze1,const_contra_visual_no_audio,0
1691600409652,-1.481033,0.219,-1.23,0,0,0,Maze1,const_contra_visual_no_audio,0
1691600409669,-1.480616,0.219,-1.23,0,0,0,Maze1,const_contra_visual_no_audio,0
1691600409702,-1.478534,0.219,-1.23,0,0,0,Maze1,const_contra_visual_no_audio,0
1691600409719,-1.476867,0.219,-1.23,0,0,0,Maze1,const_contra_visual_no_audio,0
1691600409735,-1.474787,0.219,-1.23,0,0,0,Maze1,const_contra_visual_no_audio,0
1691600409751,-1.472291,0.219,-1.23,0,0,0,Maze1,const_contra_visual_no_audio,0
1691600409768,-1.469379,0.219,-1.23,0,0,0,Maze1,const_contra_visual_no_audio,0
1691600409802,-1.462292,0.219,-1.23,0,0,0,Maze1,const_contra_visual_no_audio,0
1691600409818,-1.458132,0.219,-1.23,0,0,0,Maze1,const_contra_visual_no_audio,0
1691600409834,-1.45354,0.219,-1.23,0,0,0,Maze1,const_contra_visual_no_audio,0
1691600409851,-1.448547,0.219,-1.23,0,0,0,Maze1,const_contra_visual_no_audio,0
1691600409868,-1.44313,0.219,-1.23,0,0,0,Maze1,const_contra_visual_no_audio,0
1691600409902,-1.431044,0.219,-1.23,0,0,0,Maze1,const_contra_visual_no_audio,0
1691600409918,-1.424387,0.219,-1.23,0,0,0,Maze1,const_contra_visual_no_audio,0
1691600409935,-1.417314,0.219,-1.23,0,0,0,Maze1,const_contra_visual_no_audio,0
1691600409952,-1.409809,0.219,-1.23,0,0,0,Maze1,const_contra_visual_no_audio,0
1691600409968,-1.401895,0.219,-1.23,0,0,0,Maze1,const_contra_visual_no_audio,0
1691600410002,-1.38522,0.219,-1.23,0,0,0,Maze1,const_contra_visual_no_audio,0
1691600410018,-1.376897,0.219,-1.23,0,0,0,Maze1,const_contra_visual_no_audio,0
1691600410034,-1.368574,0.219,-1.23,0,0,0,Maze1,const_contra_visual_no_audio,0
1691600410051,-1.360251,0.219,-1.23,0,0,0,Maze1,const_contra_visual_no_audio,0
1691600410068,-1.351904,0.219,-1.23,0,0,0,Maze1,const_contra_visual_no_audio,0
1691600410102,-1.335239,0.219,-1.23,0,0,0,Maze1,const_contra_visual_no_audio,0
1691600410118,-1.326916,0.219,-1.23,0,0,0,Maze1,const_contra_visual_no_audio,0
1691600410135,-1.318543,0.219,-1.23,0,0,0,Maze1,const_contra_visual_no_audio,0
1691600410151,-1.31022,0.219,-1.23,0,0,0,Maze1,const_contra_visual_no_audio,0
1691600410169,-1.301897,0.219,-1.23,0,0,0,Maze1,const_contra_visual_no_audio,0
1691600410201,-1.28525,0.219,-1.23,0,0,0,Maze1,const_contra_visual_no_audio,0
1691600410217,-1.276927,0.219,-1.23,0,0,0,Maze1,const_contra_visual_no_audio,0
1691600410235,-1.268577,0.219,-1.23,0,0,0,Maze1,const_contra_visual_no_audio,0
1691600410252,-1.260239,0.219,-1.23,0,0,0,Maze1,const_contra_visual_no_audio,0
1691600410268,-1.251893,0.219,-1.23,0,0,0,Maze1,const_contra_visual_no_audio,0
1691600410301,-1.240122,0.219,-1.218229,0,0,0,Maze1,const_contra_visual_no_audio,0
1691600410319,-1.23453,0.219,-1.212638,0,0,0,Maze1,const_contra_visual_no_audio,0
1691600410334,-1.229223,0.219,-1.207331,0,0,0,Maze1,const_contra_visual_no_audio,0
1691600410352,-1.22422,0.219,-1.202328,0,0,0,Maze1,const_contra_visual_no_audio,0
1691600410368,-1.219511,0.219,-1.197618,0,0,0,Maze1,const_contra_visual_no_audio,0
1691600410401,-1.210969,0.219,-1.189077,0,0,0,Maze1,const_contra_visual_no_audio,0
1691600410418,-1.207142,0.219,-1.18525,0,0,0,Maze1,const_contra_visual_no_audio,0
1691600410435,-1.203596,0.219,-1.181704,0,0,0,Maze1,const_contra_visual_no_audio,0
1691600410451,-1.200358,0.219,-1.178465,0,0,0,Maze1,const_contra_visual_no_audio,0
1691600410468,-1.197414,0.219,-1.175521,0,0,0,Maze1,const_contra_visual_no_audio,0
1691600410501,-1.19476,0.219,-1.169531,0,0,0,Maze1,const_contra_visual_no_audio,0
1691600410518,-1.19476,0.219,-1.166616,0,0,0,Maze1,const_contra_visual_no_audio,0
1691600410535,-1.19476,0.219,-1.164112,0,0,0,Maze1,const_contra_visual_no_audio,0
1691600410551,-1.19476,0.219,-1.162026,0,0,0,Maze1,const_contra_visual_no_audio,0
1691600410568,-1.19476,0.219,-1.160357,0,0,0,Maze1,const_contra_visual_no_audio,0
1691600410602,-1.19476,0.219,-1.158272,0,0,0,Maze1,const_contra_visual_no_audio,0
1691600410618,-1.19476,0.219,-1.157852,0,0,0,Maze1,const_contra_visual_no_audio,0
1691600410635,-1.19476,0.219,-1.157852,0,0,0,Maze1,const_contra_visual_no_audio,0
1691600410651,-1.19476,0.219,-1.157852,0,0,0,Maze1,const_contra_visual_no_audio,0
1691600410668,-1.19476,0.219,-1.157852,0,0,0,Maze1,const_contra_visual_no_audio,0
1691600410702,-1.19476,0.219,-1.157852,0,0,0,Maze1,const_contra_visual_no_audio,0
1691600410718,-1.19476,0.219,-1.157852,0,0,0,Maze1,const_contra_visual_no_audio,0
1691600410735,-1.19476,0.219,-1.158268,0,0,0,Maze1,const_contra_visual_no_audio,0
1691600410751,-1.19476,0.219,-1.159101,0,0,0,Maze1,const_contra_visual_no_audio,0
1691600410768,-1.19476,0.219,-1.160349,0,0,0,Maze1,const_contra_visual_no_audio,0
1691600410802,-1.19476,0.219,-1.164091,0,0,0,Maze1,const_contra_visual_no_audio,0
1691600410818,-1.19476,0.219,-1.166593,0,0,0,Maze1,const_contra_visual_no_audio,0
1691600410835,-1.19476,0.219,-1.169504,0,0,0,Maze1,const_contra_visual_no_audio,0
1691600410851,-1.19476,0.219,-1.172839,0,0,0,Maze1,const_contra_visual_no_audio,0
1691600410868,-1.19476,0.219,-1.176582,0,0,0,Maze1,const_contra_visual_no_audio,0
1691600410901,-1.19476,0.219,-1.185332,0,0,0,Maze1,const_contra_visual_no_audio,0
1691600410918,-1.19476,0.219,-1.190324,0,0,0,Maze1,const_contra_visual_no_audio,0
1691600410935,-1.19476,0.219,-1.195731,0,0,0,Maze1,const_contra_visual_no_audio,0
1691600410951,-1.19476,0.219,-1.201574,0,0,0,Maze1,const_contra_visual_no_audio,0
1691600410968,-1.19476,0.219,-1.207822,0,0,0,Maze1,const_contra_visual_no_audio,0
1691600411001,-1.19476,0.219,-1.22155,0,0,0,Maze1,const_contra_visual_no_audio,0
1691600411018,-1.19476,0.219,-1.229037,0,0,0,Maze1,const_contra_visual_no_audio,0
1691600411035,-1.19476,0.219,-1.23694,0,0,0,Maze1,const_contra_visual_no_audio,0
1691600411051,-1.19476,0.219,-1.245303,0,0,0,Maze1,const_contra_visual_no_audio,0
1691600411068,-1.19476,0.219,-1.253626,0,0,0,Maze1,const_contra_visual_no_audio,0
1691600411101,-1.19476,0.219,-1.270299,0,0,0,Maze1,const_contra_visual_no_audio,0
1691600411118,-1.19476,0.219,-1.278622,0,0,0,Maze1,const_contra_visual_no_audio,0
1691600411135,-1.19476,0.219,-1.286965,0,0,0,Maze1,const_contra_visual_no_audio,0
1691600411151,-1.19476,0.219,-1.295288,0,0,0,Maze1,const_contra_visual_no_audio,0
1691600411167,-1.19476,0.219,-1.303621,0,0,0,Maze1,const_contra_visual_no_audio,0
1691600411201,-1.19476,0.219,-1.320267,0,0,0,Maze1,const_contra_visual_no_audio,0
1691600411218,-1.19476,0.219,-1.32859,0,0,0,Maze1,const_contra_visual_no_audio,0
1691600411235,-1.19476,0.219,-1.336923,0,0,0,Maze1,const_contra_visual_no_audio,0
1691600411252,-1.19476,0.219,-1.345258,0,0,0,Maze1,const_contra_visual_no_audio,0
1691600411285,-1.19476,0.219,-1.361923,0,0,0,Maze1,const_contra_visual_no_audio,0
1691600411301,-1.19476,0.219,-1.370246,0,0,0,Maze1,const_contra_visual_no_audio,0
1691600411318,-1.19476,0.219,-1.378598,0,0,0,Maze1,const_contra_visual_no_audio,0
1691600411335,-1.19476,0.219,-1.386936,0,0,0,Maze1,const_contra_visual_no_audio,0
1691600411352,-1.19476,0.219,-1.39526,0,0,0,Maze1,const_contra_visual_no_audio,0
1691600411383,-1.19476,0.219,-1.410678,0,0,0,Maze1,const_contra_visual_no_audio,0
1691600411402,-1.19476,0.219,-1.417753,0,0,0,Maze1,const_contra_visual_no_audio,0
1691600411418,-1.19476,0.219,-1.424412,0,0,0,Maze1,const_contra_visual_no_audio,0
1691600411435,-1.19476,0.219,-1.430668,0,0,0,Maze1,const_contra_visual_no_audio,0
1691600411451,-1.19476,0.219,-1.436514,0,0,0,Maze1,const_contra_visual_no_audio,0
1691600411484,-1.19476,0.219,-1.446919,0,0,0,Maze1,const_contra_visual_no_audio,0
1691600411501,-1.19476,0.219,-1.451498,0,0,0,Maze1,const_contra_visual_no_audio,0
1691600411518,-1.19476,0.219,-1.45567,0,0,0,Maze1,const_contra_visual_no_audio,0
1691600411534,-1.19476,0.219,-1.459417,0,0,0,Maze1,const_contra_visual_no_audio,0
1691600411551,-1.19476,0.219,-1.462754,0,0,0,Maze1,const_contra_visual_no_audio,0
1691600411584,-1.19476,0.219,-1.46817,0,0,0,Maze1,const_contra_visual_no_audio,0
1691600411601,-1.19476,0.219,-1.470253,0,0,0,Maze1,const_contra_visual_no_audio,0
1691600411617,-1.19476,0.219,-1.471922,0,0,0,Maze1,const_contra_visual_no_audio,0
1691600411635,-1.19476,0.219,-1.473172,0,0,0,Maze1,const_contra_visual_no_audio,0
1691600411668,-1.19476,0.219,-1.474007,0,0,0,Maze1,const_contra_visual_no_audio,0
1691600411685,-1.19476,0.219,-1.474007,0,0,0,Maze1,const_contra_visual_no_audio,0
1691600411701,-1.19476,0.219,-1.474007,0,0,0,Maze1,const_contra_visual_no_audio,0
1691600411718,-1.19476,0.219,-1.474007,0,0,0,Maze1,const_contra_visual_no_audio,0
1691600411734,-1.19476,0.219,-1.474007,0,0,0,Maze1,const_contra_visual_no_audio,0
1691600411751,-1.19476,0.219,-1.474007,0,0,0,Maze1,const_contra_visual_no_audio,0
1691600411784,-1.19476,0.219,-1.474007,0,0,0,Maze1,const_contra_visual_no_audio,0
1691600411801,-1.19476,0.219,-1.474007,0,0,0,Maze1,const_contra_visual_no_audio,0
1691600411818,-1.19476,0.219,-1.474007,0,0,0,Maze1,const_contra_visual_no_audio,0
1691600411834,-1.19476,0.219,-1.474007,0,0,0,Maze1,const_contra_visual_no_audio,0
1691600411851,-1.19476,0.219,-1.474007,0,0,0,Maze1,const_contra_visual_no_audio,0
1691600411884,-1.19476,0.219,-1.474007,0,0,0,Maze1,const_contra_visual_no_audio,0
1691600411901,-1.19476,0.219,-1.474007,0,0,0,Maze1,const_contra_visual_no_audio,0
1691600411918,-1.19476,0.219,-1.474007,0,0,0,Maze1,const_contra_visual_no_audio,0
1691600411952,-1.19476,0.219,-1.474007,0,0,0,Maze1,const_contra_visual_no_audio,0
1691600411954,-1.19476,0.219,-1.474007,0,0,0,Maze1,const_contra_visual_no_audio,0
1691600411984,-1.19476,0.219,-1.474007,0,0,0,Maze1,const_contra_visual_no_audio,0
1691600412001,-1.19476,0.219,-1.474007,0,0,0,Maze1,const_contra_visual_no_audio,0
1691600412017,-1.19476,0.219,-1.474007,0,0,0,Maze1,const_contra_visual_no_audio,0
1691600412034,-1.19476,0.219,-1.474007,0,0,0,Maze1,const_contra_visual_no_audio,0
1691600412051,-1.19476,0.219,-1.474007,0,0,0,Maze1,const_contra_visual_no_audio,0
1691600412084,-1.19476,0.219,-1.474007,0,0,0,Maze1,const_contra_visual_no_audio,0
1691600412101,-1.19476,0.219,-1.474007,0,0,0,Maze1,const_contra_visual_no_audio,0
1691600412118,-1.19476,0.219,-1.474007,0,0,0,Maze1,const_contra_visual_no_audio,0
1691600412134,-1.19476,0.219,-1.474007,0,0,0,Maze1,const_contra_visual_no_audio,0
1691600412151,-1.19476,0.219,-1.474007,0,0,0,Maze1,const_contra_visual_no_audio,0
