time,x,y,z,rx,ry,rz,maze_type,condition,collision_status
1691600073747,0.62,0.219,0.83,0,0,0,Maze2,const_contra_visual_rotation,6
1691600073792,0.62,0.219,0.83,0,0,0,Maze2,const_contra_visual_rotation,0
1691600073839,0.62,0.219,0.83,0,0,0,Maze2,const_contra_visual_rotation,0
1691600073840,0.62,0.219,0.83,0,0,0,Maze2,const_contra_visual_rotation,0
1691600073841,0.62,0.219,0.83,0,0,0,Maze2,const_contra_visual_rotation,0
1691600073841,0.62,0.219,0.83,0,0,0,Maze2,const_contra_visual_rotation,0
1691600073842,0.62,0.219,0.83,0,0,0,Maze2,const_contra_visual_rotation,0
1691600073856,0.62,0.219,0.83,0,0,0,Maze2,const_contra_visual_rotation,0
1691600073889,0.62,0.219,0.83,0,0,0,Maze2,const_contra_visual_rotation,0
1691600073890,0.62,0.219,0.83,0,0,0,Maze2,const_contra_visual_rotation,0
1691600073905,0.62,0.219,0.83,0,0,0,Maze2,const_contra_visual_rotation,0
1691600073939,0.62,0.219,0.83,0,0,0,Maze2,const_contra_visual_rotation,0
1691600073972,0.62,0.219,0.83,0,0,0,Maze2,const_contra_visual_rotation,0
1691600073973,0.62,0.219,0.83,0,0,0,Maze2,const_contra_visual_rotation,0
1691600073989,0.62,0.219,0.83,0,0,0,Maze2,const_contra_visual_rotation,0
1691600074006,0.62,0.219,0.83,0,0,0,Maze2,const_contra_visual_rotation,0
1691600074040,0.62,0.219,0.83,0,0,0,Maze2,const_contra_visual_rotation,0
1691600074056,0.62,0.219,0.83,0,0,0,Maze2,const_contra_visual_rotation,0
1691600074072,0.62,0.219,0.83,0,0,0,Maze2,const_contra_visual_rotation,0
1691600074089,0.62,0.219,0.83,0,0,0,Maze2,const_contra_visual_rotation,0
1691600074105,0.62,0.219,0.83,0,0,0,Maze2,const_contra_visual_rotation,0
1691600074139,0.62,0.219,0.83,0,0,0,Maze2,const_contra_visual_rotation,0
1691600074155,0.62,0.219,0.83,0,0,0,Maze2,const_contra_visual_rotation,0
1691600074172,0.62,0.219,0.83,0,0,0,Maze2,const_contra_visual_rotation,0
1691600074188,0.62,0.219,0.83,0,0,0,Maze2,const_contra_visual_rotation,0
1691600074206,0.62,0.219,0.83,0,0,0,Maze2,const_contra_visual_rotation,0
1691600074239,0.62,0.219,0.83,0,0,0,Maze2,const_contra_visual_rotation,0
1691600074256,0.62,0.219,0.83,0,0,0,Maze2,const_contra_visual_rotation,0
1691600074273,0.62,0.219,0.83,0,0,0,Maze2,const_contra_visual_rotation,0
1691600074289,0.62,0.219,0.83,0,0,0,Maze2,const_contra_visual_rotation,0
1691600074305,0.62,0.219,0.83,0,0,0,Maze2,const_contra_visual_rotation,0
1691600074339,0.62,0.219,0.83,0,0,0,Maze2,const_contra_visual_rotation,0
1691600074355,0.62,0.219,0.83,0,0,0,Maze2,const_contra_visual_rotation,0
1691600074372,0.62,0.219,0.83,0,0,0,Maze2,const_contra_visual_rotation,0
1691600074389,0.62,0.219,0.83,0,0,0,Maze2,const_contra_visual_rotation,0
1691600074406,0.62,0.219,0.83,0,0,0,Maze2,const_contra_visual_rotation,0
1691600074440,0.62,0.219,0.83,0,0,0,Maze2,const_contra_visual_rotation,0
1691600074455,0.62,0.219,0.83,0,0,0,Maze2,const_contra_visual_rotation,0
1691600074472,0.62,0.219,0.83,0,0,0,Maze2,const_contra_visual_rotation,0
1691600074489,0.62,0.219,0.83,0,0,0,Maze2,const_contra_visual_rotation,0
1691600074505,0.62,0.219,0.83,0,0,0,Maze2,const_contra_visual_rotation,0
1691600074539,0.62,0.219,0.83,0,0,0,Maze2,const_contra_visual_rotation,0
1691600074555,0.62,0.219,0.83,0,0,0,Maze2,const_contra_visual_rotation,0
1691600074572,0.62,0.219,0.83,0,0,0,Maze2,const_contra_visual_rotation,0
1691600074589,0.62,0.219,0.83,0,0,0,Maze2,const_contra_visual_rotation,0
1691600074606,0.62,0.219,0.83,0,0,0,Maze2,const_contra_visual_rotation,0
1691600074639,0.62,0.219,0.83,0,0,0,Maze2,const_contra_visual_rotation,0
1691600074655,0.62,0.219,0.83,0,0,0,Maze2,const_contra_visual_rotation,0
1691600074673,0.62,0.219,0.83,0,0,0,Maze2,const_contra_visual_rotation,0
1691600074689,0.62,0.219,0.83,0,0,0,Maze2,const_contra_visual_rotation,0
1691600074706,0.62,0.219,0.83,0,0,0,Maze2,const_contra_visual_rotation,0
1691600074739,0.62,0.219,0.83,0,0,0,Maze2,const_contra_visual_rotation,0
1691600074756,0.62,0.219,0.83,0,0,0,Maze2,const_contra_visual_rotation,0
1691600074772,0.62,0.219,0.83,0,0,0,Maze2,const_contra_visual_rotation,0
1691600074789,0.62,0.219,0.83,0,0,0,Maze2,const_contra_visual_rotation,0
1691600074806,0.62,0.219,0.83,0,0,0,Maze2,const_contra_visual_rotation,0
1691600074838,0.62,0.219,0.83,0,0,0,Maze2,const_contra_visual_rotation,0
1691600074856,0.62,0.219,0.83,0,0,0,Maze2,const_contra_visual_rotation,0
1691600074872,0.62,0.219,0.83,0,0,0,Maze2,const_contra_visual_rotation,0
1691600074888,0.62,0.219,0.83,0,0,0,Maze2,const_contra_visual_rotation,0
1691600074905,0.62,0.219,0.83,0,0,0,Maze2,const_contra_visual_rotation,0
1691600074939,0.62,0.219,0.83,0,0,0,Maze2,const_contra_visual_rotation,0
1691600074955,0.62,0.219,0.83,0,0,0,Maze2,const_contra_visual_rotation,0
1691600074972,0.62,0.219,0.83,0,0,0,Maze2,const_contra_visual_rotation,0
1691600074989,0.62,0.219,0.83,0,0,0,Maze2,const_contra_visual_rotation,0
1691600075005,0.62,0.219,0.83,0,0,0,Maze2,const_contra_visual_rotation,0
1691600075039,0.62,0.219,0.83,0,0,0,Maze2,const_contra_visual_rotation,0
1691600075056,0.62,0.219,0.83,0,0,0,Maze2,const_contra_visual_rotation,0
1691600075072,0.62,0.219,0.83,0,0,0,Maze2,const_contra_visual_rotation,0
1691600075089,0.62,0.219,0.83,0,0,0,Maze2,const_contra_visual_rotation,0
1691600075106,0.62,0.219,0.83,0,0,0,Maze2,const_contra_visual_rotation,0
1691600075139,0.62,0.219,0.83,0,0,0,Maze2,const_contra_visual_rotation,0
1691600075155,0.62,0.219,0.83,0,0,0,Maze2,const_contra_visual_rotation,0
1691600075172,0.62,0.219,0.83,0,0,0,Maze2,const_contra_visual_rotation,0
1691600075189,0.62,0.219,0.83,0,0,0,Maze2,const_contra_visual_rotation,0
1691600075206,0.62,0.219,0.83,0,0,0,Maze2,const_contra_visual_rotation,0
1691600075239,0.62,0.219,0.83,0,0,0,Maze2,const_contra_visual_rotation,0
1691600075255,0.62,0.219,0.83,0,0,0,Maze2,const_contra_visual_rotation,0
1691600075272,0.62,0.219,0.83,0,0,0,Maze2,const_contra_visual_rotation,0
1691600075289,0.62,0.219,0.83,0,0,0,Maze2,const_contra_visual_rotation,0
1691600075305,0.62,0.219,0.83,0,0,0,Maze2,const_contra_visual_rotation,0
1691600075338,0.62,0.219,0.83,0,0,0,Maze2,const_contra_visual_rotation,0
1691600075355,0.62,0.219,0.83,0,0,0,Maze2,const_contra_visual_rotation,0
1691600075372,0.62,0.219,0.83,0,0,0,Maze2,const_contra_visual_rotation,0
1691600075389,0.62,0.219,0.83,0,0,0,Maze2,const_contra_visual_rotation,0
1691600075406,0.62,0.219,0.83,0,0,0,Maze2,const_contra_visual_rotation,0
1691600075438,0.62,0.219,0.83,0,0,0,Maze2,const_contra_visual_rotation,0
1691600075455,0.62,0.219,0.83,0,0,0,Maze2,const_contra_visual_rotation,0
1691600075472,0.62,0.219,0.83,0,0,0,Maze2,const_contra_visual_rotation,0
1691600075489,0.62,0.219,0.83,0,0,0,Maze2,const_contra_visual_rotation,0
1691600075505,0.62,0.219,0.83,0,0,0,Maze2,const_contra_visual_rotation,0
1691600075538,0.62,0.219,0.83,0,0,0,Maze2,const_contra_visual_rotation,0
1691600075556,0.62,0.219,0.83,0,0,0,Maze2,const_contra_visual_rotation,0
1691600075572,0.62,0.219,0.83,0,0,0,Maze2,const_contra_visual_rotation,0
1691600075589,0.62,0.219,0.83,0,0,0,Maze2,const_contra_visual_rotation,0
1691600075606,0.62,0.219,0.83,0,0,0,Maze2,const_contra_visual_rotation,0
1691600075639,0.62,0.219,0.83,0,0,0,Maze2,const_contra_visual_rotation,0
1691600075656,0.62,0.219,0.83,0,0,0,Maze2,const_contra_visual_rotation,0
1691600075672,0.62,0.219,0.83,0,0,0,Maze2,const_contra_visual_rotation,0
1691600075689,0.62,0.219,0.83,0,0,0,Maze2,const_contra_visual_rotation,0
1691600075705,0.62,0.219,0.83,0,0,0,Maze2,const_contra_visual_rotation,0
1691600075739,0.62,0.219,0.83,0,0,0,Maze2,const_contra_visual_rotation,0
1691600075755,0.62,0.219,0.83,0,0,0,Maze2,const_contra_visual_rotation,0
1691600075772,0.62,0.219,0.83,0,0,0,Maze2,const_contra_visual_rotation,0
1691600075788,0.62,0.219,0.83,0,0,0,Maze2,const_contra_visual_rotation,0
1691600075806,0.62,0.219,0.83,0,0,0,Maze2,const_contra_visual_rotation,0
1691600075839,0.62,0.219,0.83,0,0,0,Maze2,const_contra_visual_rotation,0
1691600075855,0.62,0.219,0.83,0,0,0,Maze2,const_contra_visual_rotation,0
1691600075872,0.62,0.219,0.83,0,0,0,Maze2,const_contra_visual_rotation,0
1691600075888,0.62,0.219,0.83,0,0,0,Maze2,const_contra_visual_rotation,0
1691600075905,0.62,0.219,0.83,0,0,0,Maze2,const_contra_visual_rotation,0
1691600075938,0.62,0.219,0.83,0,0,0,Maze2,const_contra_visual_rotation,0
1691600075956,0.62,0.219,0.83,0,0,0,Maze2,const_contra_visual_rotation,0
1691600075972,0.62,0.219,0.83,0,0,0,Maze2,const_contra_visual_rotation,0
1691600075988,0.62,0.219,0.83,0,0,0,Maze2,const_contra_visual_rotation,0
1691600076005,0.62,0.219,0.83,0,0,0,Maze2,const_contra_visual_rotation,0
1691600076039,0.62,0.219,0.83,0,0,0,Maze2,const_contra_visual_rotation,0
1691600076055,0.62,0.219,0.83,0,0,0,Maze2,const_contra_visual_rotation,0
1691600076072,0.62,0.219,0.83,0,0,0,Maze2,const_contra_visual_rotation,0
1691600076089,0.62,0.219,0.83,0,0,0,Maze2,const_contra_visual_rotation,0
1691600076105,0.62,0.219,0.83,0,0,0,Maze2,const_contra_visual_rotation,0
1691600076138,0.62,0.219,0.83,0,0,0,Maze2,const_contra_visual_rotation,0
1691600076155,0.62,0.219,0.83,0,0,0,Maze2,const_contra_visual_rotation,0
1691600076172,0.62,0.219,0.83,0,0,0,Maze2,const_contra_visual_rotation,0
1691600076188,0.62,0.219,0.83,0,0,0,Maze2,const_contra_visual_rotation,0
1691600076206,0.62,0.219,0.83,0,0,0,Maze2,const_contra_visual_rotation,0
1691600076239,0.62,0.219,0.83,0,0,0,Maze2,const_contra_visual_rotation,0
1691600076255,0.62,0.219,0.83,0,0,0,Maze2,const_contra_visual_rotation,0
1691600076272,0.62,0.219,0.83,0,0,0,Maze2,const_contra_visual_rotation,0
1691600076288,0.62,0.219,0.83,0,0,0,Maze2,const_contra_visual_rotation,0
1691600076306,0.62,0.219,0.83,0,0,0,Maze2,const_contra_visual_rotation,0
1691600076339,0.62,0.219,0.83,0,0,0,Maze2,const_contra_visual_rotation,0
1691600076355,0.62,0.219,0.83,0,0,0,Maze2,const_contra_visual_rotation,0
1691600076372,0.62,0.219,0.83,0,0,0,Maze2,const_contra_visual_rotation,0
1691600076388,0.62,0.219,0.83,0,0,0,Maze2,const_contra_visual_rotation,0
1691600076406,0.62,0.219,0.83,0,0,0,Maze2,const_contra_visual_rotation,0
1691600076439,0.62,0.219,0.83,0,0,0,Maze2,const_contra_visual_rotation,0
1691600076455,0.62,0.219,0.83,0,0,0,Maze2,const_contra_visual_rotation,0
1691600076472,0.62,0.219,0.83,0,0,0,Maze2,const_contra_visual_rotation,0
1691600076488,0.62,0.219,0.83,0,0,0,Maze2,const_contra_visual_rotation,0
1691600076506,0.62,0.219,0.83,0,0,0,Maze2,const_contra_visual_rotation,0
1691600076539,0.62,0.219,0.83,0,0,0,Maze2,const_contra_visual_rotation,0
1691600076556,0.62,0.219,0.83,0,0,0,Maze2,const_contra_visual_rotation,0
1691600076572,0.62,0.219,0.83,0,0,0,Maze2,const_contra_visual_rotation,0
1691600076589,0.62,0.219,0.83,0,0,0,Maze2,const_contra_visual_rotation,0
1691600076605,0.62,0.219,0.83,0,0,0,Maze2,const_contra_visual_rotation,0
1691600076639,0.62,0.219,0.83,0,0,0,Maze2,const_contra_visual_rotation,0
1691600076655,0.62,0.219,0.83,0,0,0,Maze2,const_contra_visual_rotation,0
1691600076671,0.62,0.219,0.83,0,0,0,Maze2,const_contra_visual_rotation,0
1691600076689,0.62,0.219,0.83,0,0,0,Maze2,const_contra_visual_rotation,0
1691600076706,0.62,0.219,0.83,0,0,0,Maze2,const_contra_visual_rotation,0
1691600076738,0.62,0.219,0.83,0,0,0,Maze2,const_contra_visual_rotation,0
1691600076756,0.62,0.219,0.83,0,0,0,Maze2,const_contra_visual_rotation,0
1691600076771,0.62,0.219,0.83,0,0,0,Maze2,const_contra_visual_rotation,0
1691600076789,0.62,0.219,0.83,0,0,0,Maze2,const_contra_visual_rotation,0
1691600076805,0.62,0.219,0.83,0,0,0,Maze2,const_contra_visual_rotation,0
1691600076839,0.62,0.219,0.83,0,0,0,Maze2,const_contra_visual_rotation,0
1691600076856,0.62,0.219,0.83,0,0,0,Maze2,const_contra_visual_rotation,0
1691600076872,0.62,0.219,0.83,0,0,0,Maze2,const_contra_visual_rotation,0
1691600076888,0.62,0.219,0.83,0,0,0,Maze2,const_contra_visual_rotation,0
1691600076905,0.62,0.219,0.83,0,0,0,Maze2,const_contra_visual_rotation,0
1691600076938,0.62,0.219,0.83,0,0,0,Maze2,const_contra_visual_rotation,0
1691600076955,0.62,0.219,0.83,0,0,0,Maze2,const_contra_visual_rotation,0
1691600076971,0.62,0.219,0.83,0,0,0,Maze2,const_contra_visual_rotation,0
1691600076988,0.62,0.219,0.83,0,0,0,Maze2,const_contra_visual_rotation,0
1691600077006,0.62,0.219,0.83,0,0,0,Maze2,const_contra_visual_rotation,0
1691600077039,0.62,0.219,0.83,0,0,0,Maze2,const_contra_visual_rotation,0
1691600077055,0.62,0.219,0.83,0,0,0,Maze2,const_contra_visual_rotation,0
1691600077071,0.62,0.219,0.83,0,0,0,Maze2,const_contra_visual_rotation,0
1691600077089,0.62,0.219,0.83,0,0,0,Maze2,const_contra_visual_rotation,0
1691600077105,0.62,0.219,0.83,0,0,0,Maze2,const_contra_visual_rotation,0
1691600077138,0.62,0.219,0.83,0,0,0,Maze2,const_contra_visual_rotation,0
1691600077155,0.62,0.219,0.83,0,0,0,Maze2,const_contra_visual_rotation,0
1691600077171,0.62,0.219,0.83,0,0,0,Maze2,const_contra_visual_rotation,0
1691600077188,0.62,0.219,0.83,0,0,0,Maze2,const_contra_visual_rotation,0
1691600077205,0.62,0.219,0.83,0,0,0,Maze2,const_contra_visual_rotation,0
1691600077239,0.62,0.219,0.83,0,0,0,Maze2,const_contra_visual_rotation,0
1691600077255,0.62,0.219,0.83,0,0,0,Maze2,const_contra_visual_rotation,0
1691600077272,0.62,0.219,0.83,0,0,0,Maze2,const_contra_visual_rotation,0
1691600077289,0.62,0.219,0.83,0,0,0,Maze2,const_contra_visual_rotation,0
1691600077305,0.62,0.219,0.83,0,0,0,Maze2,const_contra_visual_rotation,0
1691600077338,0.62,0.219,0.83,0,0,0,Maze2,const_contra_visual_rotation,0
1691600077355,0.62,0.219,0.83,0,0,0,Maze2,const_contra_visual_rotation,0
1691600077372,0.62,0.219,0.83,0,0,0,Maze2,const_contra_visual_rotation,0
1691600077388,0.62,0.219,0.83,0,0,0,Maze2,const_contra_visual_rotation,0
1691600077405,0.62,0.219,0.83,0,0,0,Maze2,const_contra_visual_rotation,0
1691600077439,0.62,0.219,0.83,0,0,0,Maze2,const_contra_visual_rotation,0
1691600077455,0.62,0.219,0.83,0,0,0,Maze2,const_contra_visual_rotation,0
1691600077472,0.62,0.219,0.83,0,0,0,Maze2,const_contra_visual_rotation,0
1691600077488,0.62,0.219,0.83,0,0,0,Maze2,const_contra_visual_rotation,0
1691600077505,0.62,0.219,0.83,0,0,0,Maze2,const_contra_visual_rotation,0
1691600077538,0.62,0.219,0.83,0,0,0,Maze2,const_contra_visual_rotation,0
1691600077555,0.62,0.219,0.83,0,0,0,Maze2,const_contra_visual_rotation,0
1691600077572,0.62,0.219,0.83,0,0,0,Maze2,const_contra_visual_rotation,0
1691600077588,0.62,0.219,0.83,0,0,0,Maze2,const_contra_visual_rotation,0
1691600077605,0.62,0.219,0.83,0,0,0,Maze2,const_contra_visual_rotation,0
1691600077639,0.62,0.219,0.83,0,0,0,Maze2,const_contra_visual_rotation,0
1691600077655,0.62,0.219,0.83,0,0,0,Maze2,const_contra_visual_rotation,0
1691600077671,0.62,0.219,0.83,0,0,0,Maze2,const_contra_visual_rotation,0
1691600077689,0.62,0.219,0.83,0,0,0,Maze2,const_contra_visual_rotation,0
1691600077705,0.62,0.219,0.83,0,0,0,Maze2,const_contra_visual_rotation,0
1691600077738,0.62,0.219,0.83,0,0,0,Maze2,const_contra_visual_rotation,0
1691600077756,0.62,0.219,0.83,0,0,0,Maze2,const_contra_visual_rotation,0
1691600077772,0.62,0.219,0.83,0,0,0,Maze2,const_contra_visual_rotation,0
1691600077788,0.62,0.219,0.83,0,0,0,Maze2,const_contra_visual_rotation,0
1691600077806,0.62,0.219,0.83,0,0,0,Maze2,const_contra_visual_rotation,0
1691600077839,0.62,0.219,0.83,0,0,0,Maze2,const_contra_visual_rotation,0
1691600077855,0.62,0.219,0.83,0,0,0,Maze2,const_contra_visual_rotation,0
1691600077872,0.62,0.219,0.83,0,0,0,Maze2,const_contra_visual_rotation,0
1691600077888,0.62,0.219,0.83,0,0,0,Maze2,const_contra_visual_rotation,0
1691600077906,0.62,0.219,0.83,0,0,0,Maze2,const_contra_visual_rotation,0
1691600077938,0.62,0.219,0.83,0,0,0,Maze2,const_contra_visual_rotation,0
1691600077959,0.62,0.219,0.83,0,0,0,Maze2,const_contra_visual_rotation,0
1691600077989,0.62,0.219,0.83,0,0,0,Maze2,const_contra_visual_rotation,0
1691600077990,0.62,0.219,0.83,0,0,0,Maze2,const_contra_visual_rotation,0
1691600078005,0.62,0.219,0.83,0,0,0,Maze2,const_contra_visual_rotation,0
1691600078039,0.62,0.219,0.83,0,0,0,Maze2,const_contra_visual_rotation,0
1691600078055,0.62,0.219,0.83,0,0,0,Maze2,const_contra_visual_rotation,0
1691600078072,0.62,0.219,0.83,0,0,0,Maze2,const_contra_visual_rotation,0
1691600078088,0.62,0.219,0.83,0,0,0,Maze2,const_contra_visual_rotation,0
1691600078105,0.62,0.219,0.83,0,0,0,Maze2,const_contra_visual_rotation,0
1691600078138,0.62,0.219,0.83,0,0,0,Maze2,const_contra_visual_rotation,0
1691600078155,0.62,0.219,0.83,0,0,0,Maze2,const_contra_visual_rotation,0
1691600078171,0.62,0.219,0.83,0,0,0,Maze2,const_contra_visual_rotation,0
1691600078188,0.62,0.219,0.83,0,0,0,Maze2,const_contra_visual_rotation,0
1691600078205,0.62,0.219,0.83,0,0,0,Maze2,const_contra_visual_rotation,0
1691600078238,0.62,0.219,0.83,0,0,0,Maze2,const_contra_visual_rotation,0
1691600078255,0.62,0.219,0.83,0,0,0,Maze2,const_contra_visual_rotation,0
1691600078272,0.62,0.219,0.83,0,0,0,Maze2,const_contra_visual_rotation,0
1691600078288,0.62,0.219,0.83,0,0,0,Maze2,const_contra_visual_rotation,0
1691600078305,0.62,0.219,0.83,0,0,0,Maze2,const_contra_visual_rotation,0
1691600078339,0.62,0.219,0.83,0,0,0,Maze2,const_contra_visual_rotation,0
1691600078355,0.62,0.219,0.83,0,0,0,Maze2,const_contra_visual_rotation,0
1691600078371,0.62,0.219,0.83,0,0,0,Maze2,const_contra_visual_rotation,0
1691600078388,0.62,0.219,0.83,0,0,0,Maze2,const_contra_visual_rotation,0
1691600078406,0.62,0.219,0.83,0,0,0,Maze2,const_contra_visual_rotation,0
1691600078439,0.62,0.219,0.83,0,0,0,Maze2,const_contra_visual_rotation,0
1691600078455,0.62,0.219,0.83,0,0,0,Maze2,const_contra_visual_rotation,0
1691600078472,0.62,0.219,0.83,0,0,0,Maze2,const_contra_visual_rotation,0
1691600078488,0.62,0.219,0.83,0,0,0,Maze2,const_contra_visual_rotation,0
1691600078505,0.62,0.219,0.83,0,0,0,Maze2,const_contra_visual_rotation,0
1691600078538,0.62,0.219,0.83,0,0,0,Maze2,const_contra_visual_rotation,0
1691600078555,0.62,0.219,0.83,0,0,0,Maze2,const_contra_visual_rotation,0
1691600078573,0.62,0.219,0.83,0,0,0,Maze2,const_contra_visual_rotation,0
1691600078589,0.62,0.219,0.83,0,0,0,Maze2,const_contra_visual_rotation,0
1691600078605,0.62,0.219,0.83,0,0,0,Maze2,const_contra_visual_rotation,0
1691600078639,0.62,0.219,0.83,0,0,0,Maze2,const_contra_visual_rotation,0
1691600078654,0.62,0.219,0.83,0,0,0,Maze2,const_contra_visual_rotation,0
1691600078671,0.62,0.219,0.83,0,0,0,Maze2,const_contra_visual_rotation,0
1691600078689,0.62,0.219,0.83,0,0,0,Maze2,const_contra_visual_rotation,0
1691600078705,0.62,0.219,0.83,0,0,0,Maze2,const_contra_visual_rotation,0
1691600078738,0.62,0.219,0.83,0,0,0,Maze2,const_contra_visual_rotation,0
1691600078755,0.62,0.219,0.83,0,0,0,Maze2,const_contra_visual_rotation,0
1691600078772,0.62,0.219,0.83,0,0,0,Maze2,const_contra_visual_rotation,0
1691600078789,0.62,0.219,0.83,0,0,0,Maze2,const_contra_visual_rotation,0
1691600078805,0.62,0.219,0.83,0,0,0,Maze2,const_contra_visual_rotation,0
1691600078839,0.62,0.219,0.83,0,0,0,Maze2,const_contra_visual_rotation,0
1691600078854,0.62,0.219,0.83,0,0,0,Maze2,const_contra_visual_rotation,0
1691600078872,0.62,0.219,0.83,0,0,0,Maze2,const_contra_visual_rotation,0
1691600078888,0.62,0.219,0.83,0,0,0,Maze2,const_contra_visual_rotation,0
1691600078906,0.62,0.219,0.83,0,0,0,Maze2,const_contra_visual_rotation,0
1691600078939,0.62,0.219,0.83,0,0,0,Maze2,const_contra_visual_rotation,0
1691600078954,0.62,0.219,0.83,0,0,0,Maze2,const_contra_visual_rotation,0
1691600078971,0.62,0.219,0.83,0,0,0,Maze2,const_contra_visual_rotation,0
1691600078988,0.62,0.219,0.83,0,0,0,Maze2,const_contra_visual_rotation,0
1691600079005,0.62,0.219,0.83,0,0,0,Maze2,const_contra_visual_rotation,0
1691600079039,0.62,0.219,0.83,0,0,0,Maze2,const_contra_visual_rotation,0
1691600079055,0.62,0.219,0.83,0,0,0,Maze2,const_contra_visual_rotation,0
1691600079071,0.62,0.219,0.83,0,0,0,Maze2,const_contra_visual_rotation,0
1691600079088,0.62,0.219,0.83,0,0,0,Maze2,const_contra_visual_rotation,0
1691600079104,0.62,0.219,0.83,0,0,0,Maze2,const_contra_visual_rotation,0
1691600079139,0.62,0.219,0.83,0,0,0,Maze2,const_contra_visual_rotation,0
1691600079155,0.62,0.219,0.83,0,0,0,Maze2,const_contra_visual_rotation,0
1691600079171,0.62,0.219,0.83,0,0,0,Maze2,const_contra_visual_rotation,0
1691600079188,0.62,0.219,0.83,0,0,0,Maze2,const_contra_visual_rotation,0
1691600079204,0.62,0.219,0.83,0,0,0,Maze2,const_contra_visual_rotation,0
1691600079239,0.62,0.219,0.83,0,0,0,Maze2,const_contra_visual_rotation,0
1691600079255,0.62,0.219,0.83,0,0,0,Maze2,const_contra_visual_rotation,0
1691600079272,0.62,0.219,0.83,0,0,0,Maze2,const_contra_visual_rotation,0
1691600079288,0.62,0.219,0.83,0,0,0,Maze2,const_contra_visual_rotation,0
1691600079306,0.62,0.219,0.83,0,0,0,Maze2,const_contra_visual_rotation,0
1691600079339,0.62,0.219,0.83,0,0,0,Maze2,const_contra_visual_rotation,0
1691600079355,0.62,0.219,0.83,0,0,0,Maze2,const_contra_visual_rotation,0
1691600079371,0.62,0.219,0.83,0,0,0,Maze2,const_contra_visual_rotation,0
1691600079388,0.62,0.219,0.83,0,0,0,Maze2,const_contra_visual_rotation,0
1691600079404,0.62,0.219,0.83,0,0,0,Maze2,const_contra_visual_rotation,0
1691600079439,0.62,0.219,0.83,0,0,0,Maze2,const_contra_visual_rotation,0
1691600079455,0.62,0.219,0.83,0,0,0,Maze2,const_contra_visual_rotation,0
1691600079471,0.62,0.219,0.83,0,0,0,Maze2,const_contra_visual_rotation,0
1691600079488,0.62,0.219,0.83,0,0,0,Maze2,const_contra_visual_rotation,0
1691600079505,0.62,0.219,0.83,0,0,0,Maze2,const_contra_visual_rotation,0
1691600079539,0.62,0.219,0.83,0,0,0,Maze2,const_contra_visual_rotation,0
1691600079554,0.62,0.219,0.83,0,0,0,Maze2,const_contra_visual_rotation,0
1691600079572,0.62,0.219,0.83,0,0,0,Maze2,const_contra_visual_rotation,0
1691600079588,0.62,0.219,0.83,0,0,0,Maze2,const_contra_visual_rotation,0
1691600079604,0.62,0.219,0.83,0,0,0,Maze2,const_contra_visual_rotation,0
1691600079638,0.62,0.219,0.83,0,0,0,Maze2,const_contra_visual_rotation,0
1691600079654,0.62,0.219,0.83,0,0,0,Maze2,const_contra_visual_rotation,0
1691600079672,0.62,0.219,0.83,0,0,0,Maze2,const_contra_visual_rotation,0
1691600079688,0.62,0.219,0.83,0,0,0,Maze2,const_contra_visual_rotation,0
1691600079705,0.62,0.219,0.83,0,0,0,Maze2,const_contra_visual_rotation,0
1691600079738,0.62,0.219,0.83,0,0,0,Maze2,const_contra_visual_rotation,0
1691600079755,0.62,0.219,0.83,0,0,0,Maze2,const_contra_visual_rotation,0
1691600079771,0.62,0.219,0.83,0,0,0,Maze2,const_contra_visual_rotation,0
1691600079789,0.62,0.219,0.83,0,0,0,Maze2,const_contra_visual_rotation,0
1691600079804,0.62,0.219,0.83,0,0,0,Maze2,const_contra_visual_rotation,0
1691600079839,0.62,0.219,0.83,0,0,0,Maze2,const_contra_visual_rotation,0
1691600079855,0.62,0.219,0.83,0,0,0,Maze2,const_contra_visual_rotation,0
1691600079871,0.62,0.219,0.83,0,0,0,Maze2,const_contra_visual_rotation,0
1691600079888,0.62,0.219,0.83,0,0,0,Maze2,const_contra_visual_rotation,0
1691600081104,0.62,0.219,-1.23,0,0,0,Maze1,const_contra_visual_no_audio,6
1691600081138,0.62,0.219,-1.23,0,0,0,Maze1,const_contra_visual_no_audio,0
1691600081155,0.62,0.219,-1.23,0,0,0,Maze1,const_contra_visual_no_audio,0
1691600081171,0.62,0.219,-1.23,0,0,0,Maze1,const_contra_visual_no_audio,0
1691600081188,0.62,0.219,-1.23,0,0,0,Maze1,const_contra_visual_no_audio,0
1691600081204,0.62,0.219,-1.23,0,0,0,Maze1,const_contra_visual_no_audio,0
1691600081237,0.62,0.219,-1.23,0,0,0,Maze1,const_contra_visual_no_audio,0
1691600081253,0.62,0.219,-1.23,0,0,0,Maze1,const_contra_visual_no_audio,0
1691600081271,0.62,0.219,-1.23,0,0,0,Maze1,const_contra_visual_no_audio,0
1691600081287,0.62,0.219,-1.23,0,0,0,Maze1,const_contra_visual_no_audio,0
1691600081305,0.62,0.219,-1.23,0,0,0,Maze1,const_contra_visual_no_audio,0
1691600081338,0.62,0.219,-1.23,0,0,0,Maze1,const_contra_visual_no_audio,0
1691600081357,0.62,0.219,-1.23,0,0,0,Maze1,const_contra_visual_no_audio,0
1691600081371,0.62,0.219,-1.23,0,0,0,Maze1,const_contra_visual_no_audio,0
1691600081388,0.62,0.219,-1.23,0,0,0,Maze1,const_contra_visual_no_audio,0
1691600081405,0.62,0.219,-1.23,0,0,0,Maze1,const_contra_visual_no_audio,0
1691600081437,0.62,0.219,-1.23,0,0,0,Maze1,const_contra_visual_no_audio,0
1691600081454,0.62,0.219,-1.23,0,0,0,Maze1,const_contra_visual_no_audio,0
1691600081471,0.62,0.219,-1.23,0,0,0,Maze1,const_contra_visual_no_audio,0
1691600081487,0.62,0.219,-1.23,0,0,0,Maze1,const_contra_visual_no_audio,0
1691600081504,0.62,0.219,-1.23,0,0,0,Maze1,const_contra_visual_no_audio,0
1691600081538,0.62,0.219,-1.23,0,0,0,Maze1,const_contra_visual_no_audio,0
1691600081554,0.62,0.219,-1.23,0,0,0,Maze1,const_contra_visual_no_audio,0
1691600081571,0.62,0.219,-1.23,0,0,0,Maze1,const_contra_visual_no_audio,0
1691600081588,0.62,0.219,-1.23,0,0,0,Maze1,const_contra_visual_no_audio,0
1691600081605,0.62,0.219,-1.23,0,0,0,Maze1,const_contra_visual_no_audio,0
1691600081638,0.62,0.219,-1.23,0,0,0,Maze1,const_contra_visual_no_audio,0
1691600081654,0.62,0.219,-1.23,0,0,0,Maze1,const_contra_visual_no_audio,0
1691600081671,0.62,0.219,-1.23,0,0,0,Maze1,const_contra_visual_no_audio,0
1691600081687,0.62,0.219,-1.23,0,0,0,Maze1,const_contra_visual_no_audio,0
1691600081704,0.62,0.219,-1.23,0,0,0,Maze1,const_contra_visual_no_audio,0
1691600081738,0.62,0.219,-1.23,0,0,0,Maze1,const_contra_visual_no_audio,0
1691600081754,0.62,0.219,-1.23,0,0,0,Maze1,const_contra_visual_no_audio,0
1691600081770,0.62,0.219,-1.23,0,0,0,Maze1,const_contra_visual_no_audio,0
1691600081787,0.62,0.219,-1.23,0,0,0,Maze1,const_contra_visual_no_audio,0
1691600081803,0.62,0.219,-1.23,0,0,0,Maze1,const_contra_visual_no_audio,0
1691600081837,0.62,0.219,-1.23,0,0,0,Maze1,const_contra_visual_no_audio,0
1691600081854,0.62,0.219,-1.23,0,0,0,Maze1,const_contra_visual_no_audio,0
1691600081871,0.62,0.219,-1.23,0,0,0,Maze1,const_contra_visual_no_audio,0
1691600081887,0.62,0.219,-1.23,0,0,0,Maze1,const_contra_visual_no_audio,0
1691600081904,0.62,0.219,-1.23,0,0,0,Maze1,const_contra_visual_no_audio,0
1691600081937,0.62,0.219,-1.23,0,0,0,Maze1,const_contra_visual_no_audio,0
1691600081954,0.62,0.219,-1.23,0,0,0,Maze1,const_contra_visual_no_audio,0
1691600081970,0.62,0.219,-1.23,0,0,0,Maze1,const_contra_visual_no_audio,0
1691600081987,0.62,0.219,-1.23,0,0,0,Maze1,const_contra_visual_no_audio,0
1691600082003,0.62,0.219,-1.23,0,0,0,Maze1,const_contra_visual_no_audio,0
1691600082038,0.62,0.219,-1.23,0,0,0,Maze1,const_contra_visual_no_audio,0
1691600082054,0.62,0.219,-1.23,0,0,0,Maze1,const_contra_visual_no_audio,0
1691600082071,0.62,0.219,-1.23,0,0,0,Maze1,const_contra_visual_no_audio,0
1691600082088,0.62,0.219,-1.23,0,0,0,Maze1,const_contra_visual_no_audio,0
1691600082105,0.62,0.219,-1.23,0,0,0,Maze1,const_contra_visual_no_audio,0
1691600082138,0.62,0.219,-1.23,0,0,0,Maze1,const_contra_visual_no_audio,0
1691600082153,0.62,0.219,-1.23,0,0,0,Maze1,const_contra_visual_no_audio,0
1691600082171,0.62,0.219,-1.23,0,0,0,Maze1,const_contra_visual_no_audio,0
1691600082187,0.62,0.219,-1.23,0,0,0,Maze1,const_contra_visual_no_audio,0
1691600082204,0.62,0.219,-1.23,0,0,0,Maze1,const_contra_visual_no_audio,0
1691600082237,0.62,0.219,-1.23,0,0,0,Maze1,const_contra_visual_no_audio,0
1691600082253,0.62,0.219,-1.23,0,0,0,Maze1,const_contra_visual_no_audio,0
1691600082270,0.62,0.219,-1.23,0,0,0,Maze1,const_contra_visual_no_audio,0
1691600082287,0.62,0.219,-1.23,0,0,0,Maze1,const_contra_visual_no_audio,0
1691600082303,0.62,0.219,-1.23,0,0,0,Maze1,const_contra_visual_no_audio,0
1691600082337,0.62,0.219,-1.23,0,0,0,Maze1,const_contra_visual_no_audio,0
1691600082354,0.62,0.219,-1.23,0,0,0,Maze1,const_contra_visual_no_audio,0
1691600082371,0.62,0.219,-1.23,0,0,0,Maze1,const_contra_visual_no_audio,0
1691600082387,0.62,0.219,-1.23,0,0,0,Maze1,const_contra_visual_no_audio,0
1691600082404,0.62,0.219,-1.23,0,0,0,Maze1,const_contra_visual_no_audio,0
1691600082437,0.618753,0.219,-1.23,0,0,0,Maze1,const_contra_visual_no_audio,0
1691600082454,0.6175033,0.219,-1.23,0,0,0,Maze1,const_contra_visual_no_audio,0
1691600082471,0.61584,0.219,-1.23,0,0,0,Maze1,const_contra_visual_no_audio,0
1691600082487,0.6137516,0.219,-1.23,0,0,0,Maze1,const_contra_visual_no_audio,0
1691600082507,0.6112555,0.219,-1.23,0,0,0,Maze1,const_contra_visual_no_audio,0
1691600082537,0.6050107,0.219,-1.23,0,0,0,Maze1,const_contra_visual_no_audio,0
1691600082553,0.6012565,0.219,-1.23,0,0,0,Maze1,const_contra_visual_no_audio,0
1691600082570,0.597096,0.219,-1.23,0,0,0,Maze1,const_contra_visual_no_audio,0
1691600082587,0.5925199,0.219,-1.23,0,0,0,Maze1,const_contra_visual_no_audio,0
1691600082604,0.5875192,0.219,-1.23,0,0,0,Maze1,const_contra_visual_no_audio,0
1691600082637,0.5762724,0.219,-1.23,0,0,0,Maze1,const_contra_visual_no_audio,0
1691600082654,0.570032,0.219,-1.23,0,0,0,Maze1,const_contra_visual_no_audio,0
1691600082671,0.5633759,0.219,-1.23,0,0,0,Maze1,const_contra_visual_no_audio,0
1691600082687,0.556274,0.219,-1.23,0,0,0,Maze1,const_contra_visual_no_audio,0
1691600082704,0.5487849,0.219,-1.23,0,0,0,Maze1,const_contra_visual_no_audio,0
1691600082737,0.5325346,0.219,-1.23,0,0,0,Maze1,const_contra_visual_no_audio,0
1691600082754,0.5242114,0.219,-1.23,0,0,0,Maze1,const_contra_visual_no_audio,0
1691600082770,0.5158579,0.219,-1.23,0,0,0,Maze1,const_contra_visual_no_audio,0
1691600082787,0.5075213,0.219,-1.23,0,0,0,Maze1,const_contra_visual_no_audio,0
1691600082803,0.4991981,0.219,-1.23,0,0,0,Maze1,const_contra_visual_no_audio,0
1691600082839,0.4825516,0.219,-1.23,0,0,0,Maze1,const_contra_visual_no_audio,0
1691600082854,0.4742149,0.219,-1.23,0,0,0,Maze1,const_contra_visual_no_audio,0
1691600082872,0.4658917,0.219,-1.23,0,0,0,Maze1,const_contra_visual_no_audio,0
1691600082887,0.4575684,0.219,-1.23,0,0,0,Maze1,const_contra_visual_no_audio,0
1691600082904,0.4492452,0.219,-1.23,0,0,0,Maze1,const_contra_visual_no_audio,0
1691600082938,0.4325494,0.219,-1.23,0,0,0,Maze1,const_contra_visual_no_audio,0
1691600082953,0.4242262,0.219,-1.23,0,0,0,Maze1,const_contra_visual_no_audio,0
1691600082970,0.4159029,0.219,-1.23,0,0,0,Maze1,const_contra_visual_no_audio,0
1691600082987,0.4075797,0.219,-1.23,0,0,0,Maze1,const_contra_visual_no_audio,0
1691600083004,0.3992476,0.219,-1.23,0,0,0,Maze1,const_contra_visual_no_audio,0
1691600083037,0.3825576,0.219,-1.23,0,0,0,Maze1,const_contra_visual_no_audio,0
1691600083053,0.3742344,0.219,-1.23,0,0,0,Maze1,const_contra_visual_no_audio,0
1691600083070,0.3659112,0.219,-1.23,0,0,0,Maze1,const_contra_visual_no_audio,0
1691600083087,0.357588,0.219,-1.23,0,0,0,Maze1,const_contra_visual_no_audio,0
1691600083104,0.3492356,0.219,-1.23,0,0,0,Maze1,const_contra_visual_no_audio,0
1691600083137,0.3325792,0.219,-1.23,0,0,0,Maze1,const_contra_visual_no_audio,0
1691600083153,0.3242427,0.219,-1.23,0,0,0,Maze1,const_contra_visual_no_audio,0
1691600083171,0.3159041,0.219,-1.23,0,0,0,Maze1,const_contra_visual_no_audio,0
1691600083188,0.3075809,0.219,-1.23,0,0,0,Maze1,const_contra_visual_no_audio,0
1691600083203,0.29924,0.219,-1.23,0,0,0,Maze1,const_contra_visual_no_audio,0
1691600083237,0.2825792,0.219,-1.23,0,0,0,Maze1,const_contra_visual_no_audio,0
1691600083253,0.274256,0.219,-1.23,0,0,0,Maze1,const_contra_visual_no_audio,0
1691600083270,0.2659192,0.219,-1.23,0,0,0,Maze1,const_contra_visual_no_audio,0
1691600083287,0.257596,0.219,-1.23,0,0,0,Maze1,const_contra_visual_no_audio,0
1691600083303,0.2492602,0.219,-1.23,0,0,0,Maze1,const_contra_visual_no_audio,0
1691600083337,0.2325951,0.219,-1.23,0,0,0,Maze1,const_contra_visual_no_audio,0
1691600083354,0.2242718,0.219,-1.23,0,0,0,Maze1,const_contra_visual_no_audio,0
1691600083371,0.2159384,0.219,-1.23,0,0,0,Maze1,const_contra_visual_no_audio,0
1691600083388,0.2076151,0.219,-1.23,0,0,0,Maze1,const_contra_visual_no_audio,0
1691600083404,0.1992919,0.219,-1.23,0,0,0,Maze1,const_contra_visual_no_audio,0
1691600083437,0.1825603,0.219,-1.23,0,0,0,Maze1,const_contra_visual_no_audio,0
1691600083453,0.1742371,0.219,-1.23,0,0,0,Maze1,const_contra_visual_no_audio,0
1691600083470,0.1659139,0.219,-1.23,0,0,0,Maze1,const_contra_visual_no_audio,0
1691600083487,0.1575907,0.219,-1.23,0,0,0,Maze1,const_contra_visual_no_audio,0
1691600083504,0.1492674,0.219,-1.23,0,0,0,Maze1,const_contra_visual_no_audio,0
1691600083537,0.132621,0.219,-1.23,0,0,0,Maze1,const_contra_visual_no_audio,0
1691600083553,0.1242977,0.219,-1.23,0,0,0,Maze1,const_contra_visual_no_audio,0
1691600083570,0.1159745,0.219,-1.23,0,0,0,Maze1,const_contra_visual_no_audio,0
1691600083588,0.1076513,0.219,-1.23,0,0,0,Maze1,const_contra_visual_no_audio,0
1691600083604,0.09931601,0.219,-1.23,0,0,0,Maze1,const_contra_visual_no_audio,0
1691600083637,0.08262778,0.219,-1.23,0,0,0,Maze1,const_contra_visual_no_audio,0
1691600083653,0.07430455,0.219,-1.23,0,0,0,Maze1,const_contra_visual_no_audio,0
1691600083670,0.0659724,0.219,-1.23,0,0,0,Maze1,const_contra_visual_no_audio,0
1691600083686,0.0576296,0.219,-1.23,0,0,0,Maze1,const_contra_visual_no_audio,0
1691600083704,0.04930637,0.219,-1.23,0,0,0,Maze1,const_contra_visual_no_audio,0
1691600083737,0.03265992,0.219,-1.23,0,0,0,Maze1,const_contra_visual_no_audio,0
1691600083753,0.02430915,0.219,-1.23,0,0,0,Maze1,const_contra_visual_no_audio,0
1691600083771,0.01598592,0.219,-1.23,0,0,0,Maze1,const_contra_visual_no_audio,0
1691600083788,0.007662693,0.219,-1.23,0,0,0,Maze1,const_contra_visual_no_audio,0
1691600083803,-0.0006696042,0.219,-1.23,0,0,0,Maze1,const_contra_visual_no_audio,0
1691600083837,-0.01733851,0.219,-1.23,0,0,0,Maze1,const_contra_visual_no_audio,0
1691600083854,-0.02566173,0.219,-1.23,0,0,0,Maze1,const_contra_visual_no_audio,0
1691600083871,-0.03401256,0.219,-1.23,0,0,0,Maze1,const_contra_visual_no_audio,0
1691600083887,-0.04233579,0.219,-1.23,0,0,0,Maze1,const_contra_visual_no_audio,0
1691600083903,-0.05067006,0.219,-1.23,0,0,0,Maze1,const_contra_visual_no_audio,0
1691600083937,-0.06733814,0.219,-1.23,0,0,0,Maze1,const_contra_visual_no_audio,0
1691600083954,-0.07566137,0.219,-1.23,0,0,0,Maze1,const_contra_visual_no_audio,0
1691600083971,-0.08400352,0.219,-1.23,0,0,0,Maze1,const_contra_visual_no_audio,0
1691600083987,-0.09232674,0.219,-1.23,0,0,0,Maze1,const_contra_visual_no_audio,0
1691600084004,-0.1006682,0.219,-1.23,0,0,0,Maze1,const_contra_visual_no_audio,0
1691600084037,-0.1173147,0.219,-1.23,0,0,0,Maze1,const_contra_visual_no_audio,0
1691600084053,-0.1256502,0.219,-1.23,0,0,0,Maze1,const_contra_visual_no_audio,0
1691600084070,-0.1339845,0.219,-1.23,0,0,0,Maze1,const_contra_visual_no_audio,0
1691600084087,-0.1423077,0.219,-1.23,0,0,0,Maze1,const_contra_visual_no_audio,0
1691600084104,-0.1506578,0.219,-1.23,0,0,0,Maze1,const_contra_visual_no_audio,0
1691600084137,-0.1673042,0.219,-1.23,0,0,0,Maze1,const_contra_visual_no_audio,0
1691600084153,-0.1756275,0.219,-1.23,0,0,0,Maze1,const_contra_visual_no_audio,0
1691600084170,-0.1839696,0.219,-1.23,0,0,0,Maze1,const_contra_visual_no_audio,0
1691600084187,-0.1923047,0.219,-1.23,0,0,0,Maze1,const_contra_visual_no_audio,0
1691600084204,-0.2006392,0.219,-1.23,0,0,0,Maze1,const_contra_visual_no_audio,0
1691600084237,-0.217301,0.219,-1.23,0,0,0,Maze1,const_contra_visual_no_audio,0
1691600084254,-0.2256242,0.219,-1.23,0,0,0,Maze1,const_contra_visual_no_audio,0
1691600084271,-0.2339474,0.219,-1.23,0,0,0,Maze1,const_contra_visual_no_audio,0
1691600084287,-0.2422946,0.219,-1.23,0,0,0,Maze1,const_contra_visual_no_audio,0
1691600084303,-0.2506365,0.219,-1.23,0,0,0,Maze1,const_contra_visual_no_audio,0
1691600084337,-0.267283,0.219,-1.23,0,0,0,Maze1,const_contra_visual_no_audio,0
1691600084353,-0.2756183,0.219,-1.23,0,0,0,Maze1,const_contra_visual_no_audio,0
1691600084370,-0.2839649,0.219,-1.23,0,0,0,Maze1,const_contra_visual_no_audio,0
1691600084387,-0.2922882,0.219,-1.23,0,0,0,Maze1,const_contra_visual_no_audio,0
1691600084403,-0.3006114,0.219,-1.23,0,0,0,Maze1,const_contra_visual_no_audio,0
1691600084437,-0.3172756,0.219,-1.23,0,0,0,Maze1,const_contra_visual_no_audio,0
1691600084453,-0.3256173,0.219,-1.23,0,0,0,Maze1,const_contra_visual_no_audio,0
1691600084470,-0.3339405,0.219,-1.23,0,0,0,Maze1,const_contra_visual_no_audio,0
1691600084488,-0.342283,0.219,-1.23,0,0,0,Maze1,const_contra_visual_no_audio,0
1691600084503,-0.3506063,0.219,-1.23,0,0,0,Maze1,const_contra_visual_no_audio,0
1691600084554,-0.3672665,0.219,-1.23,0,0,0,Maze1,const_contra_visual_no_audio,0
1691600084557,-0.3672665,0.219,-1.23,0,0,0,Maze1,const_contra_visual_no_audio,0
1691600084570,-0.3839232,0.219,-1.23,0,0,0,Maze1,const_contra_visual_no_audio,0
1691600084587,-0.3922465,0.219,-1.23,0,0,0,Maze1,const_contra_visual_no_audio,0
1691600084603,-0.4005697,0.219,-1.23,0,0,0,Maze1,const_contra_visual_no_audio,0
1691600084637,-0.4172513,0.219,-1.23,0,0,0,Maze1,const_contra_visual_no_audio,0
1691600084654,-0.4255944,0.219,-1.23,0,0,0,Maze1,const_contra_visual_no_audio,0
1691600084670,-0.4339176,0.219,-1.23,0,0,0,Maze1,const_contra_visual_no_audio,0
1691600084687,-0.4422409,0.219,-1.23,0,0,0,Maze1,const_contra_visual_no_audio,0
1691600084703,-0.4505641,0.219,-1.23,0,0,0,Maze1,const_contra_visual_no_audio,0
1691600084736,-0.4672442,0.219,-1.23,0,0,0,Maze1,const_contra_visual_no_audio,0
1691600084753,-0.4755675,0.219,-1.23,0,0,0,Maze1,const_contra_visual_no_audio,0
1691600084770,-0.4839171,0.219,-1.23,0,0,0,Maze1,const_contra_visual_no_audio,0
1691600084787,-0.4922403,0.219,-1.23,0,0,0,Maze1,const_contra_visual_no_audio,0
1691600084803,-0.5005727,0.219,-1.23,0,0,0,Maze1,const_contra_visual_no_audio,0
1691600084837,-0.5172459,0.219,-1.23,0,0,0,Maze1,const_contra_visual_no_audio,0
1691600084854,-0.5255692,0.219,-1.23,0,0,0,Maze1,const_contra_visual_no_audio,0
1691600084870,-0.5339034,0.219,-1.23,0,0,0,Maze1,const_contra_visual_no_audio,0
1691600084887,-0.5422267,0.219,-1.23,0,0,0,Maze1,const_contra_visual_no_audio,0
1691600084903,-0.5505813,0.219,-1.23,0,0,0,Maze1,const_contra_visual_no_audio,0
1691600084937,-0.5672277,0.219,-1.23,0,0,0,Maze1,const_contra_visual_no_audio,0
1691600084954,-0.575551,0.219,-1.23,0,0,0,Maze1,const_contra_visual_no_audio,0
1691600084970,-0.5838892,0.219,-1.23,0,0,0,Maze1,const_contra_visual_no_audio,0
1691600085003,-0.5922238,0.219,-1.23,0,0,0,Maze1,const_contra_visual_no_audio,0
1691600085005,-0.5922238,0.219,-1.23,0,0,0,Maze1,const_contra_visual_no_audio,0
1691600085036,-0.6172127,0.219,-1.23,0,0,0,Maze1,const_contra_visual_no_audio,0
1691600085071,-0.6255359,0.219,-1.23,0,0,0,Maze1,const_contra_visual_no_audio,0
1691600085073,-0.6255359,0.219,-1.23,0,0,0,Maze1,const_contra_visual_no_audio,0
1691600085087,-0.642238,0.219,-1.23,0,0,0,Maze1,const_contra_visual_no_audio,0
1691600085103,-0.650582,0.219,-1.23,0,0,0,Maze1,const_contra_visual_no_audio,0
1691600085136,-0.6672285,0.219,-1.23,0,0,0,Maze1,const_contra_visual_no_audio,0
1691600085170,-0.6755517,0.219,-1.23,0,0,0,Maze1,const_contra_visual_no_audio,0
1691600085172,-0.6755517,0.219,-1.23,0,0,0,Maze1,const_contra_visual_no_audio,0
1691600085186,-0.692192,0.219,-1.23,0,0,0,Maze1,const_contra_visual_no_audio,0
1691600085203,-0.7005394,0.219,-1.23,0,0,0,Maze1,const_contra_visual_no_audio,0
1691600085253,-0.7171859,0.219,-1.23,0,0,0,Maze1,const_contra_visual_no_audio,0
1691600085257,-0.7171859,0.219,-1.23,0,0,0,Maze1,const_contra_visual_no_audio,0
1691600085270,-0.7338585,0.219,-1.23,0,0,0,Maze1,const_contra_visual_no_audio,0
1691600085288,-0.7421981,0.219,-1.23,0,0,0,Maze1,const_contra_visual_no_audio,0
1691600085303,-0.7505213,0.219,-1.23,0,0,0,Maze1,const_contra_visual_no_audio,0
1691600085337,-0.7588446,0.219,-1.23,0,0,0,Maze1,const_contra_visual_no_audio,0
1691600085353,-0.7755107,0.219,-1.23,0,0,0,Maze1,const_contra_visual_no_audio,0
1691600085370,-0.7838502,0.219,-1.23,0,0,0,Maze1,const_contra_visual_no_audio,0
1691600085386,-0.7921734,0.219,-1.23,0,0,0,Maze1,const_contra_visual_no_audio,0
1691600085403,-0.8005068,0.219,-1.23,0,0,0,Maze1,const_contra_visual_no_audio,0
1691600085437,-0.8171533,0.219,-1.23,0,0,0,Maze1,const_contra_visual_no_audio,0
1691600085453,-0.8255067,0.219,-1.23,0,0,0,Maze1,const_contra_visual_no_audio,0
1691600085470,-0.8338407,0.219,-1.23,0,0,0,Maze1,const_contra_visual_no_audio,0
1691600085487,-0.8421639,0.219,-1.23,0,0,0,Maze1,const_contra_visual_no_audio,0
1691600085504,-0.850508,0.219,-1.23,0,0,0,Maze1,const_contra_visual_no_audio,0
1691600085537,-0.867169,0.219,-1.23,0,0,0,Maze1,const_contra_visual_no_audio,0
1691600085553,-0.875501,0.219,-1.23,0,0,0,Maze1,const_contra_visual_no_audio,0
1691600085570,-0.8838242,0.219,-1.23,0,0,0,Maze1,const_contra_visual_no_audio,0
1691600085586,-0.8921475,0.219,-1.23,0,0,0,Maze1,const_contra_visual_no_audio,0
1691600085603,-0.9004945,0.219,-1.23,0,0,0,Maze1,const_contra_visual_no_audio,0
1691600085636,-0.9171607,0.219,-1.23,0,0,0,Maze1,const_contra_visual_no_audio,0
1691600085653,-0.925484,0.219,-1.23,0,0,0,Maze1,const_contra_visual_no_audio,0
1691600085670,-0.9338072,0.219,-1.23,0,0,0,Maze1,const_contra_visual_no_audio,0
1691600085687,-0.9421304,0.219,-1.23,0,0,0,Maze1,const_contra_visual_no_audio,0
1691600085703,-0.9504706,0.219,-1.23,0,0,0,Maze1,const_contra_visual_no_audio,0
1691600085737,-0.967117,0.219,-1.23,0,0,0,Maze1,const_contra_visual_no_audio,0
1691600085753,-0.9754403,0.219,-1.23,0,0,0,Maze1,const_contra_visual_no_audio,0
1691600085770,-0.9838154,0.219,-1.23,0,0,0,Maze1,const_contra_visual_no_audio,0
1691600085786,-0.9921386,0.219,-1.23,0,0,0,Maze1,const_contra_visual_no_audio,0
1691600085803,-1.000462,0.219,-1.23,0,0,0,Maze1,const_contra_visual_no_audio,0
1691600085836,-1.017108,0.219,-1.23,0,0,0,Maze1,const_contra_visual_no_audio,0
1691600085853,-1.025458,0.219,-1.23,0,0,0,Maze1,const_contra_visual_no_audio,0
1691600085870,-1.033796,0.219,-1.23,0,0,0,Maze1,const_contra_visual_no_audio,0
1691600085887,-1.042138,0.219,-1.23,0,0,0,Maze1,const_contra_visual_no_audio,0
1691600085903,-1.050461,0.219,-1.23,0,0,0,Maze1,const_contra_visual_no_audio,0
1691600085937,-1.067134,0.219,-1.23,0,0,0,Maze1,const_contra_visual_no_audio,0
1691600085953,-1.075457,0.219,-1.23,0,0,0,Maze1,const_contra_visual_no_audio,0
1691600085970,-1.083781,0.219,-1.23,0,0,0,Maze1,const_contra_visual_no_audio,0
1691600085986,-1.092104,0.219,-1.23,0,0,0,Maze1,const_contra_visual_no_audio,0
1691600086003,-1.100446,0.219,-1.23,0,0,0,Maze1,const_contra_visual_no_audio,0
1691600086036,-1.117093,0.219,-1.23,0,0,0,Maze1,const_contra_visual_no_audio,0
1691600086053,-1.125437,0.219,-1.23,0,0,0,Maze1,const_contra_visual_no_audio,0
1691600086070,-1.133775,0.219,-1.23,0,0,0,Maze1,const_contra_visual_no_audio,0
1691600086086,-1.142098,0.219,-1.23,0,0,0,Maze1,const_contra_visual_no_audio,0
1691600086103,-1.150421,0.219,-1.23,0,0,0,Maze1,const_contra_visual_no_audio,0
1691600086137,-1.167128,0.219,-1.23,0,0,0,Maze1,const_contra_visual_no_audio,0
1691600086153,-1.175451,0.219,-1.23,0,0,0,Maze1,const_contra_visual_no_audio,0
1691600086170,-1.183774,0.219,-1.23,0,0,0,Maze1,const_contra_visual_no_audio,0
1691600086187,-1.192097,0.219,-1.23,0,0,0,Maze1,const_contra_visual_no_audio,0
1691600086203,-1.200421,0.219,-1.23,0,0,0,Maze1,const_contra_visual_no_audio,0
1691600086236,-1.217067,0.219,-1.23,0,0,0,Maze1,const_contra_visual_no_audio,0
1691600086253,-1.225417,0.219,-1.23,0,0,0,Maze1,const_contra_visual_no_audio,0
1691600086270,-1.233754,0.219,-1.23,0,0,0,Maze1,const_contra_visual_no_audio,0
1691600086286,-1.242094,0.219,-1.23,0,0,0,Maze1,const_contra_visual_no_audio,0
1691600086303,-1.250417,0.219,-1.23,0,0,0,Maze1,const_contra_visual_no_audio,0
1691600086336,-1.267076,0.219,-1.23,0,0,0,Maze1,const_contra_visual_no_audio,0
1691600086353,-1.275413,0.219,-1.23,0,0,0,Maze1,const_contra_visual_no_audio,0
1691600086370,-1.283736,0.219,-1.23,0,0,0,Maze1,const_contra_visual_no_audio,0
1691600086386,-1.292071,0.219,-1.23,0,0,0,Maze1,const_contra_visual_no_audio,0
1691600086404,-1.300415,0.219,-1.23,0,0,0,Maze1,const_contra_visual_no_audio,0
1691600086436,-1.317061,0.219,-1.23,0,0,0,Maze1,const_contra_visual_no_audio,0
1691600086453,-1.325403,0.219,-1.23,0,0,0,Maze1,const_contra_visual_no_audio,0
1691600086469,-1.333727,0.219,-1.23,0,0,0,Maze1,const_contra_visual_no_audio,0
1691600086486,-1.342077,0.219,-1.23,0,0,0,Maze1,const_contra_visual_no_audio,0
1691600086504,-1.35041,0.219,-1.23,0,0,0,Maze1,const_contra_visual_no_audio,0
1691600086536,-1.367076,0.219,-1.23,0,0,0,Maze1,const_contra_visual_no_audio,0
1691600086553,-1.375411,0.219,-1.23,0,0,0,Maze1,const_contra_visual_no_audio,0
1691600086570,-1.383734,0.219,-1.23,0,0,0,Maze1,const_contra_visual_no_audio,0
1691600086587,-1.392058,0.219,-1.23,0,0,0,Maze1,const_contra_visual_no_audio,0
1691600086603,-1.400381,0.219,-1.23,0,0,0,Maze1,const_contra_visual_no_audio,0
1691600086637,-1.417038,0.219,-1.23,0,0,0,Maze1,const_contra_visual_no_audio,0
1691600086653,-1.425377,0.219,-1.23,0,0,0,Maze1,const_contra_visual_no_audio,0
1691600086669,-1.4337,0.219,-1.23,0,0,0,Maze1,const_contra_visual_no_audio,0
1691600086687,-1.442042,0.219,-1.23,0,0,0,Maze1,const_contra_visual_no_audio,0
1691600086703,-1.450385,0.219,-1.23,0,0,0,Maze1,const_contra_visual_no_audio,0
1691600086736,-1.467056,0.219,-1.23,0,0,0,Maze1,const_contra_visual_no_audio,0
1691600086753,-1.47538,0.219,-1.23,0,0,0,Maze1,const_contra_visual_no_audio,0
1691600086770,-1.481033,0.219,-1.23,0,0,0,Maze1,const_contra_visual_no_audio,0
1691600086787,-1.481033,0.219,-1.23,0,0,0,Maze1,const_contra_visual_no_audio,0
1691600086803,-1.481033,0.219,-1.23,0,0,0,Maze1,const_contra_visual_no_audio,0
1691600086837,-1.481033,0.219,-1.23,0,0,0,Maze1,const_contra_visual_no_audio,0
1691600086853,-1.481033,0.219,-1.23,0,0,0,Maze1,const_contra_visual_no_audio,0
1691600086869,-1.481033,0.219,-1.23,0,0,0,Maze1,const_contra_visual_no_audio,0
1691600086886,-1.481033,0.219,-1.23,0,0,0,Maze1,const_contra_visual_no_audio,0
1691600086903,-1.481033,0.219,-1.23,0,0,0,Maze1,const_contra_visual_no_audio,0
1691600086937,-1.481033,0.219,-1.23,0,0,0,Maze1,const_contra_visual_no_audio,0
1691600086953,-1.481033,0.219,-1.23,0,0,0,Maze1,const_contra_visual_no_audio,0
1691600086969,-1.481033,0.219,-1.23,0,0,0,Maze1,const_contra_visual_no_audio,0
1691600086986,-1.481033,0.219,-1.23,0,0,0,Maze1,const_contra_visual_no_audio,0
1691600087003,-1.481033,0.219,-1.23,0,0,0,Maze1,const_contra_visual_no_audio,0
1691600087036,-1.481033,0.219,-1.23,0,0,0,Maze1,const_contra_visual_no_audio,0
1691600087053,-1.481033,0.219,-1.23,0,0,0,Maze1,const_contra_visual_no_audio,0
1691600087069,-1.481033,0.219,-1.23,0,0,0,Maze1,const_contra_visual_no_audio,0
1691600087087,-1.481033,0.219,-1.23,0,0,0,Maze1,const_contra_visual_no_audio,0
1691600087103,-1.481033,0.219,-1.23,0,0,0,Maze1,const_contra_visual_no_audio,0
1691600087135,-1.481033,0.219,-1.23,0,0,0,Maze1,const_contra_visual_no_audio,0
1691600087153,-1.481033,0.219,-1.23,0,0,0,Maze1,const_contra_visual_no_audio,0
1691600087169,-1.481033,0.219,-1.23,0,0,0,Maze1,const_contra_visual_no_audio,0
1691600087186,-1.481033,0.219,-1.23,0,0,0,Maze1,const_contra_visual_no_audio,0
1691600087203,-1.481033,0.219,-1.23,0,0,0,Maze1,const_contra_visual_no_audio,0
1691600087237,-1.481033,0.219,-1.23,0,0,0,Maze1,const_contra_visual_no_audio,0
1691600087253,-1.481033,0.219,-1.23,0,0,0,Maze1,const_contra_visual_no_audio,0
1691600087270,-1.481033,0.219,-1.23,0,0,0,Maze1,const_contra_visual_no_audio,0
1691600087286,-1.481033,0.219,-1.23,0,0,0,Maze1,const_contra_visual_no_audio,0
1691600087303,-1.481033,0.219,-1.23,0,0,0,Maze1,const_contra_visual_no_audio,0
1691600087336,-1.481033,0.219,-1.23,0,0,0,Maze1,const_contra_visual_no_audio,0
1691600087352,-1.481033,0.219,-1.23,0,0,0,Maze1,const_contra_visual_no_audio,0
1691600087369,-1.481033,0.219,-1.23,0,0,0,Maze1,const_contra_visual_no_audio,0
1691600087386,-1.481033,0.219,-1.23,0,0,0,Maze1,const_contra_visual_no_audio,0
1691600087402,-1.481033,0.219,-1.23,0,0,0,Maze1,const_contra_visual_no_audio,0
1691600087436,-1.483377,0.219,-1.232949,0,0,0,Maze1,const_contra_visual_no_audio,0
1691600087452,-1.483377,0.219,-1.235599,0,0,0,Maze1,const_contra_visual_no_audio,0
1691600087469,-1.483377,0.219,-1.237955,0,0,0,Maze1,const_contra_visual_no_audio,0
1691600087487,-1.483377,0.219,-1.240017,0,0,0,Maze1,const_contra_visual_no_audio,0
1691600087503,-1.483377,0.219,-1.241799,0,0,0,Maze1,const_contra_visual_no_audio,0
1691600087536,-1.483377,0.219,-1.244448,0,0,0,Maze1,const_contra_visual_no_audio,0
1691600087553,-1.483377,0.219,-1.245331,0,0,0,Maze1,const_contra_visual_no_audio,0
1691600087569,-1.483377,0.219,-1.245922,0,0,0,Maze1,const_contra_visual_no_audio,0
1691600087586,-1.483377,0.219,-1.246217,0,0,0,Maze1,const_contra_visual_no_audio,0
1691600087603,-1.483377,0.219,-1.246217,0,0,0,Maze1,const_contra_visual_no_audio,0
1691600087636,-1.483377,0.219,-1.246217,0,0,0,Maze1,const_contra_visual_no_audio,0
1691600087653,-1.483377,0.219,-1.246217,0,0,0,Maze1,const_contra_visual_no_audio,0
1691600087669,-1.483377,0.219,-1.246217,0,0,0,Maze1,const_contra_visual_no_audio,0
1691600087686,-1.483377,0.219,-1.246217,0,0,0,Maze1,const_contra_visual_no_audio,0
1691600087702,-1.483377,0.219,-1.246217,0,0,0,Maze1,const_contra_visual_no_audio,0
1691600087736,-1.483377,0.219,-1.246217,0,0,0,Maze1,const_contra_visual_no_audio,0
1691600087753,-1.483377,0.219,-1.246217,0,0,0,Maze1,const_contra_visual_no_audio,0
1691600087769,-1.483377,0.219,-1.246217,0,0,0,Maze1,const_contra_visual_no_audio,0
1691600087785,-1.483377,0.219,-1.246217,0,0,0,Maze1,const_contra_visual_no_audio,0
1691600087803,-1.483377,0.219,-1.246632,0,0,0,Maze1,const_contra_visual_no_audio,0
1691600087836,-1.483377,0.219,-1.248711,0,0,0,Maze1,const_contra_visual_no_audio,0
1691600087853,-1.483377,0.219,-1.250373,0,0,0,Maze1,const_contra_visual_no_audio,0
1691600087870,-1.483377,0.219,-1.25246,0,0,0,Maze1,const_contra_visual_no_audio,0
1691600087886,-1.483377,0.219,-1.254965,0,0,0,Maze1,const_contra_visual_no_audio,0
1691600087903,-1.483377,0.219,-1.257877,0,0,0,Maze1,const_contra_visual_no_audio,0
1691600087936,-1.483377,0.219,-1.264954,0,0,0,Maze1,const_contra_visual_no_audio,0
1691600087953,-1.483377,0.219,-1.269114,0,0,0,Maze1,const_contra_visual_no_audio,0
1691600087970,-1.483377,0.219,-1.27369,0,0,0,Maze1,const_contra_visual_no_audio,0
1691600087986,-1.483377,0.219,-1.278707,0,0,0,Maze1,const_contra_visual_no_audio,0
1691600088002,-1.483377,0.219,-1.284116,0,0,0,Maze1,const_contra_visual_no_audio,0
1691600088036,-1.483377,0.219,-1.296193,0,0,0,Maze1,const_contra_visual_no_audio,0
1691600088052,-1.483377,0.219,-1.30285,0,0,0,Maze1,const_contra_visual_no_audio,0
1691600088069,-1.483377,0.219,-1.309922,0,0,0,Maze1,const_contra_visual_no_audio,0
1691600088085,-1.483377,0.219,-1.317421,0,0,0,Maze1,const_contra_visual_no_audio,0
1691600088103,-1.483377,0.219,-1.325325,0,0,0,Maze1,const_contra_visual_no_audio,0
1691600088136,-1.483377,0.219,-1.34201,0,0,0,Maze1,const_contra_visual_no_audio,0
1691600088153,-1.483377,0.219,-1.350334,0,0,0,Maze1,const_contra_visual_no_audio,0
1691600088169,-1.483377,0.219,-1.358672,0,0,0,Maze1,const_contra_visual_no_audio,0
1691600088187,-1.483377,0.219,-1.366995,0,0,0,Maze1,const_contra_visual_no_audio,0
1691600088203,-1.483377,0.219,-1.375388,0,0,0,Maze1,const_contra_visual_no_audio,0
1691600088236,-1.483377,0.219,-1.392034,0,0,0,Maze1,const_contra_visual_no_audio,0
1691600088253,-1.483377,0.219,-1.400358,0,0,0,Maze1,const_contra_visual_no_audio,0
1691600088270,-1.483377,0.219,-1.408681,0,0,0,Maze1,const_contra_visual_no_audio,0
1691600088285,-1.483377,0.219,-1.417004,0,0,0,Maze1,const_contra_visual_no_audio,0
1691600088302,-1.483377,0.219,-1.425327,0,0,0,Maze1,const_contra_visual_no_audio,0
1691600088336,-1.483377,0.219,-1.441987,0,0,0,Maze1,const_contra_visual_no_audio,0
1691600088353,-1.477491,0.219,-1.447872,0,0,0,Maze1,const_contra_visual_no_audio,0
1691600088370,-1.471606,0.219,-1.453758,0,0,0,Maze1,const_contra_visual_no_audio,0
1691600088386,-1.4657,0.219,-1.459664,0,0,0,Maze1,const_contra_visual_no_audio,0
1691600088402,-1.459814,0.219,-1.465549,0,0,0,Maze1,const_contra_visual_no_audio,0
1691600088435,-1.448043,0.219,-1.47732,0,0,0,Maze1,const_contra_visual_no_audio,0
1691600088453,-1.442158,0.219,-1.483205,0,0,0,Maze1,const_contra_visual_no_audio,0
1691600088469,-1.436246,0.219,-1.489117,0,0,0,Maze1,const_contra_visual_no_audio,0
1691600088486,-1.430361,0.219,-1.495003,0,0,0,Maze1,const_contra_visual_no_audio,0
1691600088503,-1.424475,0.219,-1.500888,0,0,0,Maze1,const_contra_visual_no_audio,0
1691600088536,-1.412681,0.219,-1.512682,0,0,0,Maze1,const_contra_visual_no_audio,0
1691600088553,-1.406796,0.219,-1.518567,0,0,0,Maze1,const_contra_visual_no_audio,0
1691600088570,-1.400898,0.219,-1.524465,0,0,0,Maze1,const_contra_visual_no_audio,0
1691600088586,-1.395013,0.219,-1.530351,0,0,0,Maze1,const_contra_visual_no_audio,0
1691600088603,-1.389127,0.219,-1.536236,0,0,0,Maze1,const_contra_visual_no_audio,0
1691600088636,-1.377342,0.219,-1.548021,0,0,0,Maze1,const_contra_visual_no_audio,0
1691600088653,-1.371456,0.219,-1.553907,0,0,0,Maze1,const_contra_visual_no_audio,0
1691600088669,-1.365561,0.219,-1.559803,0,0,0,Maze1,const_contra_visual_no_audio,0
1691600088685,-1.359669,0.219,-1.565694,0,0,0,Maze1,const_contra_visual_no_audio,0
1691600088703,-1.353783,0.219,-1.57158,0,0,0,Maze1,const_contra_visual_no_audio,0
1691600088736,-1.341988,0.219,-1.583375,0,0,0,Maze1,const_contra_visual_no_audio,0
1691600088753,-1.336103,0.219,-1.58926,0,0,0,Maze1,const_contra_visual_no_audio,0
1691600088785,-1.330217,0.219,-1.595146,0,0,0,Maze1,const_contra_visual_no_audio,0
1691600088786,-1.330217,0.219,-1.595146,0,0,0,Maze1,const_contra_visual_no_audio,0
1691600088803,-1.318454,0.219,-1.606909,0,0,0,Maze1,const_contra_visual_no_audio,0
1691600088835,-1.306645,0.219,-1.618719,0,0,0,Maze1,const_contra_visual_no_audio,0
1691600088869,-1.300759,0.219,-1.624604,0,0,0,Maze1,const_contra_visual_no_audio,0
1691600088870,-1.300759,0.219,-1.624604,0,0,0,Maze1,const_contra_visual_no_audio,0
1691600088886,-1.28898,0.219,-1.636384,0,0,0,Maze1,const_contra_visual_no_audio,0
1691600088902,-1.283094,0.219,-1.642269,0,0,0,Maze1,const_contra_visual_no_audio,0
1691600088955,-1.271304,0.219,-1.654059,0,0,0,Maze1,const_contra_visual_no_audio,0
1691600088956,-1.271304,0.219,-1.654059,0,0,0,Maze1,const_contra_visual_no_audio,0
1691600088969,-1.259511,0.219,-1.665852,0,0,0,Maze1,const_contra_visual_no_audio,0
1691600088986,-1.253614,0.219,-1.671749,0,0,0,Maze1,const_contra_visual_no_audio,0
1691600089003,-1.247729,0.219,-1.677634,0,0,0,Maze1,const_contra_visual_no_audio,0
1691600089053,-1.235958,0.219,-1.689405,0,0,0,Maze1,const_contra_visual_no_audio,0
1691600089055,-1.235958,0.219,-1.689405,0,0,0,Maze1,const_contra_visual_no_audio,0
1691600089069,-1.224191,0.219,-1.701172,0,0,0,Maze1,const_contra_visual_no_audio,0
1691600089086,-1.218296,0.219,-1.707067,0,0,0,Maze1,const_contra_visual_no_audio,0
1691600089103,-1.212411,0.219,-1.712952,0,0,0,Maze1,const_contra_visual_no_audio,0
1691600089152,-1.200613,0.219,-1.72475,0,0,0,Maze1,const_contra_visual_no_audio,0
1691600089154,-1.200613,0.219,-1.72475,0,0,0,Maze1,const_contra_visual_no_audio,0
1691600089169,-1.188818,0.219,-1.736545,0,0,0,Maze1,const_contra_visual_no_audio,0
1691600089186,-1.182933,0.219,-1.74243,0,0,0,Maze1,const_contra_visual_no_audio,0
1691600089202,-1.177047,0.219,-1.748316,0,0,0,Maze1,const_contra_visual_no_audio,0
1691600089253,-1.165266,0.219,-1.760098,0,0,0,Maze1,const_contra_visual_no_audio,0
1691600089254,-1.165266,0.219,-1.760098,0,0,0,Maze1,const_contra_visual_no_audio,0
1691600089270,-1.153478,0.219,-1.771886,0,0,0,Maze1,const_contra_visual_no_audio,0
1691600089285,-1.14758,0.219,-1.777783,0,0,0,Maze1,const_contra_visual_no_audio,0
1691600089319,-1.141695,0.219,-1.783669,0,0,0,Maze1,const_contra_visual_no_audio,0
1691600089335,-1.129909,0.219,-1.795454,0,0,0,Maze1,const_contra_visual_no_audio,0
1691600089352,-1.124024,0.219,-1.801339,0,0,0,Maze1,const_contra_visual_no_audio,0
1691600089386,-1.118126,0.219,-1.807237,0,0,0,Maze1,const_contra_visual_no_audio,0
1691600089386,-1.118126,0.219,-1.807237,0,0,0,Maze1,const_contra_visual_no_audio,0
1691600089403,-1.106364,0.219,-1.818999,0,0,0,Maze1,const_contra_visual_no_audio,0
1691600089436,-1.094549,0.219,-1.830814,0,0,0,Maze1,const_contra_visual_no_audio,0
1691600089453,-1.088663,0.219,-1.8367,0,0,0,Maze1,const_contra_visual_no_audio,0
1691600089486,-1.082778,0.219,-1.842585,0,0,0,Maze1,const_contra_visual_no_audio,0
1691600089490,-1.082778,0.219,-1.842585,0,0,0,Maze1,const_contra_visual_no_audio,0
1691600089502,-1.071018,0.219,-1.854345,0,0,0,Maze1,const_contra_visual_no_audio,0
1691600089536,-1.059207,0.219,-1.866156,0,0,0,Maze1,const_contra_visual_no_audio,0
1691600089552,-1.053322,0.219,-1.872042,0,0,0,Maze1,const_contra_visual_no_audio,0
1691600089569,-1.047436,0.219,-1.877927,0,0,0,Maze1,const_contra_visual_no_audio,0
1691600089586,-1.041541,0.219,-1.883823,0,0,0,Maze1,const_contra_visual_no_audio,0
1691600089602,-1.035655,0.219,-1.889708,0,0,0,Maze1,const_contra_visual_no_audio,0
1691600089636,-1.02385,0.219,-1.901513,0,0,0,Maze1,const_contra_visual_no_audio,0
1691600089652,-1.017964,0.219,-1.907399,0,0,0,Maze1,const_contra_visual_no_audio,0
1691600089669,-1.012079,0.219,-1.913284,0,0,0,Maze1,const_contra_visual_no_audio,0
1691600089686,-1.006171,0.219,-1.919192,0,0,0,Maze1,const_contra_visual_no_audio,0
1691600089702,-1.000285,0.219,-1.925078,0,0,0,Maze1,const_contra_visual_no_audio,0
1691600089736,-0.9885069,0.219,-1.936856,0,0,0,Maze1,const_contra_visual_no_audio,0
1691600089752,-0.9826214,0.219,-1.942742,0,0,0,Maze1,const_contra_visual_no_audio,0
1691600089769,-0.976736,0.219,-1.948627,0,0,0,Maze1,const_contra_visual_no_audio,0
1691600089786,-0.9708434,0.219,-1.95452,0,0,0,Maze1,const_contra_visual_no_audio,0
1691600089802,-0.964958,0.219,-1.960405,0,0,0,Maze1,const_contra_visual_no_audio,0
1691600089836,-0.9531752,0.219,-1.972188,0,0,0,Maze1,const_contra_visual_no_audio,0
1691600089853,-0.9472898,0.219,-1.978073,0,0,0,Maze1,const_contra_visual_no_audio,0
1691600089869,-0.9413841,0.219,-1.983979,0,0,0,Maze1,const_contra_visual_no_audio,0
1691600089885,-0.9354864,0.219,-1.989877,0,0,0,Maze1,const_contra_visual_no_audio,0
1691600089902,-0.929601,0.219,-1.995762,0,0,0,Maze1,const_contra_visual_no_audio,0
1691600089936,-0.9253233,0.2189999,-2.007546,0,0,0,Maze1,const_contra_visual_no_audio,1
1691600089952,-0.9253232,0.2189999,-2.013432,0,0,0,Maze1,const_contra_visual_no_audio,0
1691600089969,-0.9253231,0.2189999,-2.019326,0,0,0,Maze1,const_contra_visual_no_audio,0
1691600089985,-0.9253229,0.2189998,-2.025212,0,0,0,Maze1,const_contra_visual_no_audio,0
1691600090002,-0.9253229,0.2189998,-2.031097,0,0,0,Maze1,const_contra_visual_no_audio,0
1691600090036,-0.925323,0.2189997,-2.042892,0,0,0,Maze1,const_contra_visual_no_audio,0
1691600090053,-0.925323,0.2189997,-2.048778,0,0,0,Maze1,const_contra_visual_no_audio,0
1691600090069,-0.925323,0.2189998,-2.054663,0,0,0,Maze1,const_contra_visual_no_audio,0
1691600090085,-0.9253231,0.2189998,-2.060572,0,0,0,Maze1,const_contra_visual_no_audio,0
1691600090102,-0.9253229,0.2189997,-2.066458,0,0,0,Maze1,const_contra_visual_no_audio,0
1691600090136,-0.9253229,0.2189997,-2.078249,0,0,0,Maze1,const_contra_visual_no_audio,0
1691600090153,-0.9253228,0.2189996,-2.084135,0,0,0,Maze1,const_contra_visual_no_audio,0
1691600090169,-0.9253228,0.2189995,-2.090032,0,0,0,Maze1,const_contra_visual_no_audio,0
1691600090186,-0.9253227,0.2189994,-2.095917,0,0,0,Maze1,const_contra_visual_no_audio,0
1691600090202,-0.9253227,0.2189994,-2.101828,0,0,0,Maze1,const_contra_visual_no_audio,0
1691600090235,-0.9253226,0.2189994,-2.113599,0,0,0,Maze1,const_contra_visual_no_audio,0
1691600090252,-0.9253225,0.2189993,-2.1195,0,0,0,Maze1,const_contra_visual_no_audio,0
1691600090268,-0.9253224,0.2189993,-2.125386,0,0,0,Maze1,const_contra_visual_no_audio,0
1691600090286,-0.9253224,0.2189992,-2.131271,0,0,0,Maze1,const_contra_visual_no_audio,0
1691600090302,-0.9253224,0.2189993,-2.137157,0,0,0,Maze1,const_contra_visual_no_audio,0
1691600090336,-0.9253224,0.2189993,-2.148941,0,0,0,Maze1,const_contra_visual_no_audio,0
1691600090352,-0.9253224,0.2189993,-2.154827,0,0,0,Maze1,const_contra_visual_no_audio,0
1691600090369,-0.9253222,0.2189991,-2.160739,0,0,0,Maze1,const_contra_visual_no_audio,0
1691600090385,-0.9253221,0.2189991,-2.166624,0,0,0,Maze1,const_contra_visual_no_audio,0
1691600090402,-0.9253221,0.2189991,-2.172526,0,0,0,Maze1,const_contra_visual_no_audio,0
1691600090436,-0.925322,0.218999,-2.184297,0,0,0,Maze1,const_contra_visual_no_audio,0
1691600090452,-0.9253221,0.2189991,-2.190182,0,0,0,Maze1,const_contra_visual_no_audio,0
1691600090469,-0.9253221,0.2189991,-2.196068,0,0,0,Maze1,const_contra_visual_no_audio,0
1691600090485,-0.925322,0.218999,-2.201953,0,0,0,Maze1,const_contra_visual_no_audio,0
1691600090502,-0.9253219,0.218999,-2.207839,0,0,0,Maze1,const_contra_visual_no_audio,0
1691600090536,-0.9253218,0.2189989,-2.222071,0,0,0,Maze1,const_contra_visual_no_audio,0
1691600090552,-0.9253218,0.2189989,-2.230424,0,0,0,Maze1,const_contra_visual_no_audio,0
1691600090569,-0.9253218,0.2189989,-2.236333,0,0,0,Maze1,const_contra_visual_no_audio,0
1691600090585,-0.9253218,0.2189989,-2.236333,0,0,0,Maze1,const_contra_visual_no_audio,0
1691600090619,-0.9253218,0.2189989,-2.236333,0,0,0,Maze1,const_contra_visual_no_audio,0
1691600090636,-0.9253218,0.2189989,-2.236333,0,0,0,Maze1,const_contra_visual_no_audio,0
1691600090652,-0.9253218,0.2189989,-2.236333,0,0,0,Maze1,const_contra_visual_no_audio,0
1691600090669,-0.9253218,0.2189989,-2.236333,0,0,0,Maze1,const_contra_visual_no_audio,0
1691600090686,-0.9253218,0.2189989,-2.236333,0,0,0,Maze1,const_contra_visual_no_audio,0
1691600090718,-0.9253218,0.2189989,-2.236333,0,0,0,Maze1,const_contra_visual_no_audio,0
1691600090735,-0.9253218,0.2189989,-2.236333,0,0,0,Maze1,const_contra_visual_no_audio,0
1691600090752,-0.9253218,0.2189989,-2.236333,0,0,0,Maze1,const_contra_visual_no_audio,0
1691600090769,-0.9253218,0.2189989,-2.236333,0,0,0,Maze1,const_contra_visual_no_audio,0
1691600090785,-0.9253218,0.2189989,-2.236333,0,0,0,Maze1,const_contra_visual_no_audio,0
1691600090819,-0.9253218,0.2189989,-2.236333,0,0,0,Maze1,const_contra_visual_no_audio,0
1691600090836,-0.9253218,0.2189989,-2.236333,0,0,0,Maze1,const_contra_visual_no_audio,0
1691600090852,-0.9253218,0.2189989,-2.236333,0,0,0,Maze1,const_contra_visual_no_audio,0
1691600090869,-0.9253218,0.2189989,-2.236333,0,0,0,Maze1,const_contra_visual_no_audio,0
1691600090886,-0.9253218,0.2189989,-2.236333,0,0,0,Maze1,const_contra_visual_no_audio,0
1691600090919,-0.9253218,0.2189989,-2.236333,0,0,0,Maze1,const_contra_visual_no_audio,0
1691600090935,-0.9253218,0.2189989,-2.236333,0,0,0,Maze1,const_contra_visual_no_audio,0
1691600090952,-0.9253218,0.2189989,-2.236333,0,0,0,Maze1,const_contra_visual_no_audio,0
1691600090969,-0.9253218,0.2189989,-2.236333,0,0,0,Maze1,const_contra_visual_no_audio,0
1691600090986,-0.9253218,0.2189989,-2.236333,0,0,0,Maze1,const_contra_visual_no_audio,0
1691600091019,-0.9253218,0.2189989,-2.236333,0,0,0,Maze1,const_contra_visual_no_audio,0
1691600091036,-0.9253218,0.2189989,-2.236333,0,0,0,Maze1,const_contra_visual_no_audio,0
1691600091052,-0.9253218,0.2189989,-2.236333,0,0,0,Maze1,const_contra_visual_no_audio,0
1691600091069,-0.9253218,0.2189989,-2.236333,0,0,0,Maze1,const_contra_visual_no_audio,0
1691600091086,-0.9253218,0.2189989,-2.236333,0,0,0,Maze1,const_contra_visual_no_audio,0
1691600091118,-0.9370995,0.2189988,-2.238676,0,0,0,Maze1,const_contra_visual_no_audio,0
1691600091136,-0.9429849,0.2189988,-2.238676,0,0,0,Maze1,const_contra_visual_no_audio,0
1691600091152,-0.9488916,0.2189988,-2.238676,0,0,0,Maze1,const_contra_visual_no_audio,0
1691600091169,-0.954777,0.2189988,-2.238676,0,0,0,Maze1,const_contra_visual_no_audio,0
1691600091185,-0.9606737,0.2189987,-2.238676,0,0,0,Maze1,const_contra_visual_no_audio,0
1691600091218,-0.9724568,0.2189987,-2.238676,0,0,0,Maze1,const_contra_visual_no_audio,0
1691600091236,-0.9783423,0.2189987,-2.238677,0,0,0,Maze1,const_contra_visual_no_audio,0
1691600091252,-0.9842357,0.2189986,-2.238677,0,0,0,Maze1,const_contra_visual_no_audio,0
1691600091269,-0.9901211,0.2189986,-2.238677,0,0,0,Maze1,const_contra_visual_no_audio,0
1691600091286,-0.9960065,0.2189985,-2.238677,0,0,0,Maze1,const_contra_visual_no_audio,0
1691600091319,-1.007503,0.2189984,-2.238677,0,0,0,Maze1,const_contra_visual_no_audio,0
1691600091335,-1.0128,0.2189984,-2.238677,0,0,0,Maze1,const_contra_visual_no_audio,0
1691600091352,-1.017822,0.2189984,-2.238677,0,0,0,Maze1,const_contra_visual_no_audio,0
1691600091368,-1.02253,0.2189984,-2.238677,0,0,0,Maze1,const_contra_visual_no_audio,0
1691600091386,-1.026944,0.2189984,-2.238677,0,0,0,Maze1,const_contra_visual_no_audio,0
1691600091418,-1.034904,0.2189984,-2.238677,0,0,0,Maze1,const_contra_visual_no_audio,0
1691600091435,-1.039023,0.2189984,-2.238677,0,0,0,Maze1,const_contra_visual_no_audio,0
1691600091452,-1.043436,0.2189984,-2.238677,0,0,0,Maze1,const_contra_visual_no_audio,0
1691600091468,-1.048143,0.2189984,-2.238677,0,0,0,Maze1,const_contra_visual_no_audio,0
1691600091485,-1.053143,0.2189983,-2.238677,0,0,0,Maze1,const_contra_visual_no_audio,0
1691600091519,-1.064047,0.2189983,-2.238677,0,0,0,Maze1,const_contra_visual_no_audio,0
1691600091535,-1.06993,0.2189983,-2.238677,0,0,0,Maze1,const_contra_visual_no_audio,0
1691600091552,-1.078254,0.2189983,-2.238677,0,0,0,Maze1,const_contra_visual_no_audio,0
1691600091568,-1.086604,0.2189983,-2.238677,0,0,0,Maze1,const_contra_visual_no_audio,0
1691600091585,-1.094927,0.2189983,-2.238677,0,0,0,Maze1,const_contra_visual_no_audio,0
1691600091618,-1.111609,0.2189983,-2.238677,0,0,0,Maze1,const_contra_visual_no_audio,0
1691600091635,-1.119933,0.2189983,-2.238677,0,0,0,Maze1,const_contra_visual_no_audio,0
1691600091652,-1.128273,0.2189983,-2.238677,0,0,0,Maze1,const_contra_visual_no_audio,0
1691600091668,-1.136597,0.2189983,-2.238677,0,0,0,Maze1,const_contra_visual_no_audio,0
1691600091685,-1.14492,0.2189983,-2.238677,0,0,0,Maze1,const_contra_visual_no_audio,0
1691600091718,-1.1616,0.2189983,-2.238677,0,0,0,Maze1,const_contra_visual_no_audio,0
1691600091735,-1.169923,0.2189983,-2.238677,0,0,0,Maze1,const_contra_visual_no_audio,0
1691600091752,-1.178246,0.2189983,-2.238677,0,0,0,Maze1,const_contra_visual_no_audio,0
1691600091785,-1.186595,0.2189983,-2.238677,0,0,0,Maze1,const_contra_visual_no_audio,0
1691600091787,-1.186595,0.2189983,-2.238677,0,0,0,Maze1,const_contra_visual_no_audio,0
1691600091819,-1.211557,0.2189983,-2.238677,0,0,0,Maze1,const_contra_visual_no_audio,0
1691600091835,-1.219903,0.2189983,-2.238677,0,0,0,Maze1,const_contra_visual_no_audio,0
1691600091852,-1.228226,0.2189983,-2.238677,0,0,0,Maze1,const_contra_visual_no_audio,0
1691600091868,-1.236565,0.2189983,-2.238677,0,0,0,Maze1,const_contra_visual_no_audio,0
1691600091902,-1.244889,0.2189983,-2.238677,0,0,0,Maze1,const_contra_visual_no_audio,0
1691600091919,-1.261557,0.2189983,-2.238677,0,0,0,Maze1,const_contra_visual_no_audio,0
1691600091935,-1.26988,0.2189983,-2.238677,0,0,0,Maze1,const_contra_visual_no_audio,0
1691600091951,-1.278203,0.2189983,-2.238677,0,0,0,Maze1,const_contra_visual_no_audio,0
1691600091968,-1.286568,0.2189983,-2.238677,0,0,0,Maze1,const_contra_visual_no_audio,0
1691600092003,-1.294891,0.2189983,-2.238677,0,0,0,Maze1,const_contra_visual_no_audio,0
1691600092018,-1.31155,0.2189983,-2.238677,0,0,0,Maze1,const_contra_visual_no_audio,0
1691600092035,-1.319903,0.2189983,-2.238677,0,0,0,Maze1,const_contra_visual_no_audio,0
1691600092052,-1.328226,0.2189983,-2.238677,0,0,0,Maze1,const_contra_visual_no_audio,0
1691600092068,-1.33655,0.2189983,-2.238677,0,0,0,Maze1,const_contra_visual_no_audio,0
1691600092085,-1.344882,0.2189983,-2.238677,0,0,0,Maze1,const_contra_visual_no_audio,0
1691600092119,-1.353206,0.2189983,-2.238677,0,0,0,Maze1,const_contra_visual_no_audio,0
1691600092135,-1.369874,0.2189983,-2.238677,0,0,0,Maze1,const_contra_visual_no_audio,0
1691600092152,-1.378207,0.2189983,-2.238677,0,0,0,Maze1,const_contra_visual_no_audio,0
1691600092169,-1.386542,0.2189983,-2.238677,0,0,0,Maze1,const_contra_visual_no_audio,0
1691600092202,-1.394879,0.2189983,-2.238677,0,0,0,Maze1,const_contra_visual_no_audio,0
1691600092218,-1.411529,0.2189983,-2.238677,0,0,0,Maze1,const_contra_visual_no_audio,0
1691600092235,-1.419882,0.2189983,-2.238677,0,0,0,Maze1,const_contra_visual_no_audio,0
1691600092252,-1.428206,0.2189983,-2.238677,0,0,0,Maze1,const_contra_visual_no_audio,0
1691600092286,-1.436529,0.2189983,-2.238677,0,0,0,Maze1,const_contra_visual_no_audio,0
1691600092286,-1.436529,0.2189983,-2.238677,0,0,0,Maze1,const_contra_visual_no_audio,0
1691600092319,-1.461531,0.2189983,-2.238677,0,0,0,Maze1,const_contra_visual_no_audio,0
1691600092353,-1.469855,0.2189983,-2.238677,0,0,0,Maze1,const_contra_visual_no_audio,0
1691600092356,-1.469855,0.2189983,-2.238677,0,0,0,Maze1,const_contra_visual_no_audio,0
1691600092369,-1.485933,0.2189983,-2.238677,0,0,0,Maze1,const_contra_visual_no_audio,0
1691600092386,-1.485933,0.2189983,-2.238677,0,0,0,Maze1,const_contra_visual_no_audio,1
1691600092419,-1.485933,0.2189983,-2.238677,0,0,0,Maze1,const_contra_visual_no_audio,0
1691600092435,-1.485933,0.2189983,-2.238677,0,0,0,Maze1,const_contra_visual_no_audio,0
1691600092452,-1.485933,0.2189983,-2.238677,0,0,0,Maze1,const_contra_visual_no_audio,0
1691600092469,-1.485933,0.2189983,-2.238677,0,0,0,Maze1,const_contra_visual_no_audio,0
1691600092485,-1.485933,0.2189983,-2.238677,0,0,0,Maze1,const_contra_visual_no_audio,0
1691600092518,-1.485933,0.2189983,-2.238677,0,0,0,Maze1,const_contra_visual_no_audio,0
1691600092535,-1.485933,0.2189983,-2.238677,0,0,0,Maze1,const_contra_visual_no_audio,0
1691600092552,-1.485933,0.2189983,-2.238677,0,0,0,Maze1,const_contra_visual_no_audio,0
1691600092568,-1.485933,0.2189983,-2.238677,0,0,0,Maze1,const_contra_visual_no_audio,0
1691600092585,-1.485933,0.2189983,-2.238677,0,0,0,Maze1,const_contra_visual_no_audio,0
1691600092618,-1.485933,0.2189983,-2.238677,0,0,0,Maze1,const_contra_visual_no_audio,0
1691600092635,-1.485933,0.2189983,-2.238677,0,0,0,Maze1,const_contra_visual_no_audio,0
1691600092652,-1.485933,0.2189983,-2.238677,0,0,0,Maze1,const_contra_visual_no_audio,0
1691600092668,-1.485933,0.2189983,-2.238677,0,0,0,Maze1,const_contra_visual_no_audio,0
1691600092685,-1.485933,0.2189983,-2.238677,0,0,0,Maze1,const_contra_visual_no_audio,0
1691600092718,-1.485933,0.2189983,-2.238677,0,0,0,Maze1,const_contra_visual_no_audio,0
1691600092735,-1.485933,0.2189983,-2.238677,0,0,0,Maze1,const_contra_visual_no_audio,0
1691600092752,-1.485933,0.2189983,-2.238677,0,0,0,Maze1,const_contra_visual_no_audio,0
1691600092768,-1.485933,0.2189983,-2.238677,0,0,0,Maze1,const_contra_visual_no_audio,0
1691600092785,-1.485933,0.2189983,-2.238677,0,0,0,Maze1,const_contra_visual_no_audio,0
1691600092818,-1.485933,0.2189983,-2.238677,0,0,0,Maze1,const_contra_visual_no_audio,0
1691600092835,-1.485933,0.2189983,-2.238677,0,0,0,Maze1,const_contra_visual_no_audio,0
1691600092852,-1.485933,0.2189983,-2.238677,0,0,0,Maze1,const_contra_visual_no_audio,0
1691600092868,-1.485933,0.2189983,-2.238677,0,0,0,Maze1,const_contra_visual_no_audio,0
1691600092885,-1.485933,0.2189983,-2.238677,0,0,0,Maze1,const_contra_visual_no_audio,0
1691600092919,-1.485933,0.2189983,-2.238677,0,0,0,Maze1,const_contra_visual_no_audio,0
1691600092935,-1.485933,0.2189983,-2.238677,0,0,0,Maze1,const_contra_visual_no_audio,0
1691600092952,-1.485933,0.2189983,-2.238677,0,0,0,Maze1,const_contra_visual_no_audio,0
1691600092969,-1.485933,0.2189983,-2.238677,0,0,0,Maze1,const_contra_visual_no_audio,0
1691600092985,-1.485933,0.2189983,-2.238677,0,0,0,Maze1,const_contra_visual_no_audio,0
1691600093020,-1.485933,0.2189983,-2.238677,0,0,0,Maze1,const_contra_visual_no_audio,0
1691600093035,-1.485933,0.2189983,-2.238677,0,0,0,Maze1,const_contra_visual_no_audio,0
1691600093052,-1.485933,0.2189983,-2.238677,0,0,0,Maze1,const_contra_visual_no_audio,0
1691600093068,-1.485933,0.2189983,-2.238677,0,0,0,Maze1,const_contra_visual_no_audio,0
1691600093085,-1.485933,0.2189983,-2.238677,0,0,0,Maze1,const_contra_visual_no_audio,0
1691600093118,-1.485933,0.2189983,-2.238677,0,0,0,Maze1,const_contra_visual_no_audio,0
1691600093135,-1.485933,0.2189983,-2.238677,0,0,0,Maze1,const_contra_visual_no_audio,0
1691600093152,-1.485933,0.2189983,-2.238677,0,0,0,Maze1,const_contra_visual_no_audio,0
1691600093168,-1.485933,0.2189983,-2.238677,0,0,0,Maze1,const_contra_visual_no_audio,0
1691600093184,-1.485933,0.2189983,-2.238677,0,0,0,Maze1,const_contra_visual_no_audio,0
1691600093219,-1.485933,0.2189983,-2.238677,0,0,0,Maze1,const_contra_visual_no_audio,0
1691600093234,-1.485933,0.2189983,-2.238677,0,0,0,Maze1,const_contra_visual_no_audio,0
1691600093251,-1.485933,0.2189983,-2.238677,0,0,0,Maze1,const_contra_visual_no_audio,0
1691600093268,-1.485933,0.2189983,-2.238677,0,0,0,Maze1,const_contra_visual_no_audio,0
1691600093285,-1.485933,0.2189983,-2.238677,0,0,0,Maze1,const_contra_visual_no_audio,0
1691600094237,0.62,0.219,0.83,0,0,0,Maze3,const_contra_visual_rotation,6
1691600094252,0.62,0.219,0.83,0,0,0,Maze3,const_contra_visual_rotation,0
1691600094268,0.62,0.219,0.83,0,0,0,Maze3,const_contra_visual_rotation,0
1691600094285,0.62,0.219,0.83,0,0,0,Maze3,const_contra_visual_rotation,0
1691600094301,0.62,0.219,0.83,0,0,0,Maze3,const_contra_visual_rotation,0
1691600094335,0.62,0.219,0.83,0,0,0,Maze3,const_contra_visual_rotation,0
1691600094351,0.62,0.219,0.83,0,0,0,Maze3,const_contra_visual_rotation,0
1691600094368,0.62,0.219,0.83,0,0,0,Maze3,const_contra_visual_rotation,0
1691600094384,0.62,0.219,0.83,0,0,0,Maze3,const_contra_visual_rotation,0
1691600094401,0.62,0.219,0.83,0,0,0,Maze3,const_contra_visual_rotation,0
1691600094435,0.62,0.219,0.83,0,0,0,Maze3,const_contra_visual_rotation,0
1691600094451,0.62,0.219,0.83,0,0,0,Maze3,const_contra_visual_rotation,0
1691600094468,0.62,0.219,0.83,0,0,0,Maze3,const_contra_visual_rotation,0
1691600094484,0.62,0.219,0.83,0,0,0,Maze3,const_contra_visual_rotation,0
1691600094501,0.62,0.219,0.83,0,0,0,Maze3,const_contra_visual_rotation,0
1691600094535,0.62,0.219,0.83,0,0,0,Maze3,const_contra_visual_rotation,0
1691600094552,0.62,0.219,0.83,0,0,0,Maze3,const_contra_visual_rotation,0
1691600094568,0.62,0.219,0.83,0,0,0,Maze3,const_contra_visual_rotation,0
1691600094585,0.62,0.219,0.83,0,0,0,Maze3,const_contra_visual_rotation,0
1691600094602,0.62,0.219,0.83,0,0,0,Maze3,const_contra_visual_rotation,0
1691600094635,0.62,0.219,0.83,0,0,0,Maze3,const_contra_visual_rotation,0
1691600094652,0.62,0.219,0.83,0,0,0,Maze3,const_contra_visual_rotation,0
1691600094668,0.62,0.219,0.83,0,0,0,Maze3,const_contra_visual_rotation,0
1691600094684,0.62,0.219,0.83,0,0,0,Maze3,const_contra_visual_rotation,0
1691600094701,0.62,0.219,0.83,0,0,0,Maze3,const_contra_visual_rotation,0
1691600094734,0.62,0.219,0.83,0,0,0,Maze3,const_contra_visual_rotation,0
1691600094751,0.62,0.219,0.83,0,0,0,Maze3,const_contra_visual_rotation,0
1691600094768,0.62,0.219,0.83,0,0,0,Maze3,const_contra_visual_rotation,0
1691600094784,0.62,0.219,0.83,0,0,0,Maze3,const_contra_visual_rotation,0
1691600094801,0.62,0.219,0.83,0,0,0,Maze3,const_contra_visual_rotation,0
1691600094835,0.62,0.219,0.83,0,0,0,Maze3,const_contra_visual_rotation,0
1691600094851,0.62,0.219,0.83,0,0,0,Maze3,const_contra_visual_rotation,0
1691600094868,0.62,0.219,0.83,0,0,0,Maze3,const_contra_visual_rotation,0
1691600094884,0.62,0.219,0.83,0,0,0,Maze3,const_contra_visual_rotation,0
1691600094901,0.62,0.219,0.83,0,0,0,Maze3,const_contra_visual_rotation,0
1691600094936,0.62,0.219,0.83,0,0,0,Maze3,const_contra_visual_rotation,0
1691600094952,0.62,0.219,0.83,0,0,0,Maze3,const_contra_visual_rotation,0
1691600094968,0.62,0.219,0.83,0,0,0,Maze3,const_contra_visual_rotation,0
1691600094984,0.62,0.219,0.83,0,0,0,Maze3,const_contra_visual_rotation,0
1691600095001,0.62,0.219,0.83,0,0,0,Maze3,const_contra_visual_rotation,0
1691600095035,0.62,0.219,0.83,0,0,0,Maze3,const_contra_visual_rotation,0
1691600095052,0.62,0.219,0.83,0,0,0,Maze3,const_contra_visual_rotation,0
1691600095067,0.62,0.219,0.83,0,0,0,Maze3,const_contra_visual_rotation,0
1691600095084,0.62,0.219,0.83,0,0,0,Maze3,const_contra_visual_rotation,0
1691600095101,0.62,0.219,0.83,0,0,0,Maze3,const_contra_visual_rotation,0
1691600095134,0.62,0.219,0.83,0,0,0,Maze3,const_contra_visual_rotation,0
1691600095151,0.62,0.219,0.83,0,0,0,Maze3,const_contra_visual_rotation,0
1691600095168,0.62,0.219,0.83,0,0,0,Maze3,const_contra_visual_rotation,0
1691600095185,0.62,0.219,0.83,0,0,0,Maze3,const_contra_visual_rotation,0
1691600095202,0.62,0.219,0.83,0,0,0,Maze3,const_contra_visual_rotation,0
1691600095234,0.62,0.219,0.83,0,0,0,Maze3,const_contra_visual_rotation,0
1691600095251,0.62,0.219,0.83,0,0,0,Maze3,const_contra_visual_rotation,0
1691600095267,0.62,0.219,0.83,0,0,0,Maze3,const_contra_visual_rotation,0
1691600095284,0.62,0.219,0.83,0,0,0,Maze3,const_contra_visual_rotation,0
1691600095301,0.62,0.219,0.83,0,0,0,Maze3,const_contra_visual_rotation,0
1691600095334,0.62,0.219,0.83,0,0,0,Maze3,const_contra_visual_rotation,0
1691600095352,0.62,0.219,0.83,0,0,0,Maze3,const_contra_visual_rotation,0
1691600095368,0.62,0.219,0.83,0,0,0,Maze3,const_contra_visual_rotation,0
1691600095384,0.62,0.219,0.83,0,0,0,Maze3,const_contra_visual_rotation,0
1691600095401,0.62,0.219,0.83,0,0,0,Maze3,const_contra_visual_rotation,0
1691600095434,0.62,0.219,0.83,0,0,0,Maze3,const_contra_visual_rotation,0
1691600095451,0.62,0.219,0.83,0,0,0,Maze3,const_contra_visual_rotation,0
1691600095468,0.62,0.219,0.83,0,0,0,Maze3,const_contra_visual_rotation,0
1691600095484,0.62,0.219,0.83,0,0,0,Maze3,const_contra_visual_rotation,0
1691600095501,0.62,0.219,0.83,0,0,0,Maze3,const_contra_visual_rotation,0
1691600095535,0.62,0.219,0.83,0,0,0,Maze3,const_contra_visual_rotation,0
1691600095551,0.62,0.219,0.83,0,0,0,Maze3,const_contra_visual_rotation,0
1691600095567,0.62,0.219,0.83,0,0,0,Maze3,const_contra_visual_rotation,0
1691600095584,0.62,0.219,0.83,0,0,0,Maze3,const_contra_visual_rotation,0
1691600095601,0.62,0.219,0.83,0,0,0,Maze3,const_contra_visual_rotation,0
1691600095635,0.62,0.219,0.83,0,0,0,Maze3,const_contra_visual_rotation,0
1691600095651,0.62,0.219,0.83,0,0,0,Maze3,const_contra_visual_rotation,0
1691600095667,0.62,0.219,0.83,0,0,0,Maze3,const_contra_visual_rotation,0
1691600095684,0.62,0.219,0.83,0,0,0,Maze3,const_contra_visual_rotation,0
1691600095701,0.62,0.219,0.83,0,0,0,Maze3,const_contra_visual_rotation,0
1691600095734,0.62,0.219,0.83,0,0,0,Maze3,const_contra_visual_rotation,0
1691600095751,0.62,0.219,0.83,0,0,0,Maze3,const_contra_visual_rotation,0
1691600095768,0.62,0.219,0.83,0,0,0,Maze3,const_contra_visual_rotation,0
1691600095784,0.62,0.219,0.83,0,0,0,Maze3,const_contra_visual_rotation,0
1691600095801,0.62,0.219,0.83,0,0,0,Maze3,const_contra_visual_rotation,0
1691600095834,0.62,0.219,0.83,0,0,0,Maze3,const_contra_visual_rotation,0
1691600095851,0.62,0.219,0.83,0,0,0,Maze3,const_contra_visual_rotation,0
1691600095868,0.62,0.219,0.83,0,0,0,Maze3,const_contra_visual_rotation,0
1691600095884,0.6195843,0.219,0.83,0,0,0,Maze3,const_contra_visual_rotation,0
1691600095901,0.618753,0.219,0.83,0,0,0,Maze3,const_contra_visual_rotation,0
1691600095935,0.6158376,0.219,0.83,0,0,0,Maze3,const_contra_visual_rotation,0
1691600095951,0.6137549,0.219,0.83,0,0,0,Maze3,const_contra_visual_rotation,0
1691600095968,0.6112592,0.219,0.83,0,0,0,Maze3,const_contra_visual_rotation,0
1691600095984,0.6083407,0.219,0.83,0,0,0,Maze3,const_contra_visual_rotation,0
1691600096001,0.6050128,0.219,0.83,0,0,0,Maze3,const_contra_visual_rotation,0
1691600096034,0.5970983,0.219,0.83,0,0,0,Maze3,const_contra_visual_rotation,0
1691600096051,0.5925224,0.219,0.83,0,0,0,Maze3,const_contra_visual_rotation,0
1691600096070,0.5875308,0.219,0.83,0,0,0,Maze3,const_contra_visual_rotation,0
1691600096085,0.5821236,0.219,0.83,0,0,0,Maze3,const_contra_visual_rotation,0
1691600096101,0.5762771,0.219,0.83,0,0,0,Maze3,const_contra_visual_rotation,0
1691600096135,0.5633721,0.219,0.83,0,0,0,Maze3,const_contra_visual_rotation,0
1691600096151,0.5563002,0.219,0.83,0,0,0,Maze3,const_contra_visual_rotation,0
1691600096169,0.5487786,0.219,0.83,0,0,0,Maze3,const_contra_visual_rotation,0
1691600096185,0.5408735,0.219,0.83,0,0,0,Maze3,const_contra_visual_rotation,0
1691600096202,0.5325528,0.219,0.83,0,0,0,Maze3,const_contra_visual_rotation,0
1691600096234,0.5158866,0.219,0.83,0,0,0,Maze3,const_contra_visual_rotation,0
1691600096251,0.5075634,0.219,0.83,0,0,0,Maze3,const_contra_visual_rotation,0
1691600096268,0.4992402,0.219,0.83,0,0,0,Maze3,const_contra_visual_rotation,0
1691600096284,0.4908935,0.219,0.83,0,0,0,Maze3,const_contra_visual_rotation,0
1691600096301,0.4825439,0.219,0.83,0,0,0,Maze3,const_contra_visual_rotation,0
1691600096334,0.465877,0.219,0.83,0,0,0,Maze3,const_contra_visual_rotation,0
1691600096352,0.4575538,0.219,0.83,0,0,0,Maze3,const_contra_visual_rotation,0
1691600096367,0.4492306,0.219,0.83,0,0,0,Maze3,const_contra_visual_rotation,0
1691600096384,0.440885,0.219,0.83,0,0,0,Maze3,const_contra_visual_rotation,0
1691600096401,0.4325618,0.219,0.83,0,0,0,Maze3,const_contra_visual_rotation,0
1691600096435,0.4159005,0.219,0.83,0,0,0,Maze3,const_contra_visual_rotation,0
1691600096452,0.4075772,0.219,0.83,0,0,0,Maze3,const_contra_visual_rotation,0
1691600096468,0.3992127,0.219,0.83,0,0,0,Maze3,const_contra_visual_rotation,0
1691600096485,0.3908895,0.219,0.83,0,0,0,Maze3,const_contra_visual_rotation,0
1691600096501,0.3825662,0.219,0.83,0,0,0,Maze3,const_contra_visual_rotation,0
1691600096534,0.3659198,0.219,0.8299999,0,0,0,Maze3,const_contra_visual_rotation,0
1691600096551,0.3575807,0.219,0.8299999,0,0,0,Maze3,const_contra_visual_rotation,0
1691600096568,0.3492335,0.219,0.8299999,0,0,0,Maze3,const_contra_visual_rotation,0
1691600096585,0.3409103,0.219,0.8299999,0,0,0,Maze3,const_contra_visual_rotation,0
1691600096601,0.332587,0.219,0.8299999,0,0,0,Maze3,const_contra_visual_rotation,0
1691600096635,0.3159153,0.219,0.8299999,0,0,0,Maze3,const_contra_visual_rotation,0
1691600096651,0.3075921,0.219,0.8299999,0,0,0,Maze3,const_contra_visual_rotation,0
1691600096667,0.299241,0.219,0.8299999,0,0,0,Maze3,const_contra_visual_rotation,0
1691600096685,0.2909178,0.219,0.8299999,0,0,0,Maze3,const_contra_visual_rotation,0
1691600096701,0.2825945,0.219,0.8299999,0,0,0,Maze3,const_contra_visual_rotation,0
1691600096735,0.2659234,0.219,0.8299999,0,0,0,Maze3,const_contra_visual_rotation,0
1691600096751,0.2576002,0.219,0.8299999,0,0,0,Maze3,const_contra_visual_rotation,0
1691600096768,0.2492673,0.219,0.8299999,0,0,0,Maze3,const_contra_visual_rotation,0
1691600096784,0.2409441,0.219,0.8299999,0,0,0,Maze3,const_contra_visual_rotation,0
1691600096801,0.2326209,0.219,0.8299999,0,0,0,Maze3,const_contra_visual_rotation,0
1691600096834,0.2159621,0.219,0.8299999,0,0,0,Maze3,const_contra_visual_rotation,0
1691600096852,0.2076262,0.219,0.8299999,0,0,0,Maze3,const_contra_visual_rotation,0
1691600096868,0.199292,0.219,0.8299999,0,0,0,Maze3,const_contra_visual_rotation,0
1691600096885,0.1909687,0.219,0.8299999,0,0,0,Maze3,const_contra_visual_rotation,0
1691600096901,0.1826082,0.219,0.8299999,0,0,0,Maze3,const_contra_visual_rotation,0
1691600096934,0.1659618,0.219,0.8299999,0,0,0,Maze3,const_contra_visual_rotation,0
1691600096951,0.1576385,0.219,0.8299999,0,0,0,Maze3,const_contra_visual_rotation,0
1691600096967,0.14929,0.219,0.8299999,0,0,0,Maze3,const_contra_visual_rotation,0
1691600096984,0.1409667,0.219,0.8299999,0,0,0,Maze3,const_contra_visual_rotation,0
1691600097001,0.1326435,0.219,0.8299999,0,0,0,Maze3,const_contra_visual_rotation,0
1691600097034,0.1159461,0.219,0.8299999,0,0,0,Maze3,const_contra_visual_rotation,0
1691600097051,0.1076228,0.219,0.8299999,0,0,0,Maze3,const_contra_visual_rotation,0
1691600097069,0.0992996,0.219,0.8299999,0,0,0,Maze3,const_contra_visual_rotation,0
1691600097087,0.0909606,0.219,0.8299999,0,0,0,Maze3,const_contra_visual_rotation,0
1691600097101,0.08263738,0.219,0.8299999,0,0,0,Maze3,const_contra_visual_rotation,0
1691600097135,0.06599092,0.219,0.8299999,0,0,0,Maze3,const_contra_visual_rotation,0
1691600097151,0.0576553,0.219,0.8299999,0,0,0,Maze3,const_contra_visual_rotation,0
1691600097168,0.04931045,0.219,0.8299999,0,0,0,Maze3,const_contra_visual_rotation,0
1691600097185,0.04097855,0.219,0.8299999,0,0,0,Maze3,const_contra_visual_rotation,0
1691600097202,0.03265532,0.219,0.8299999,0,0,0,Maze3,const_contra_visual_rotation,0
1691600097235,0.01598184,0.219,0.8299999,0,0,0,Maze3,const_contra_visual_rotation,0
1691600097251,0.007658616,0.219,0.8299999,0,0,0,Maze3,const_contra_visual_rotation,0
1691600097268,-0.0006646123,0.219,0.8299999,0,0,0,Maze3,const_contra_visual_rotation,0
1691600097285,-0.009010009,0.219,0.8299999,0,0,0,Maze3,const_contra_visual_rotation,0
1691600097301,-0.01733324,0.219,0.8299999,0,0,0,Maze3,const_contra_visual_rotation,0
1691600097334,-0.03400164,0.219,0.8299999,0,0,0,Maze3,const_contra_visual_rotation,0
1691600097350,-0.04234071,0.219,0.8299999,0,0,0,Maze3,const_contra_visual_rotation,0
1691600097368,-0.05066394,0.219,0.8299999,0,0,0,Maze3,const_contra_visual_rotation,0
1691600097384,-0.05901412,0.219,0.8299999,0,0,0,Maze3,const_contra_visual_rotation,0
1691600097401,-0.06733734,0.219,0.8299999,0,0,0,Maze3,const_contra_visual_rotation,0
1691600097434,-0.0839838,0.219,0.8299999,0,0,0,Maze3,const_contra_visual_rotation,0
1691600097451,-0.09232377,0.219,0.8299999,0,0,0,Maze3,const_contra_visual_rotation,0
1691600097467,-0.100647,0.219,0.8299999,0,0,0,Maze3,const_contra_visual_rotation,0
1691600097485,-0.1089934,0.219,0.8299999,0,0,0,Maze3,const_contra_visual_rotation,0
1691600097501,-0.1169009,0.219,0.8299999,0,0,0,Maze3,const_contra_visual_rotation,0
1691600097533,-0.1314921,0.219,0.8299999,0,0,0,Maze3,const_contra_visual_rotation,0
1691600097550,-0.1381513,0.219,0.8299999,0,0,0,Maze3,const_contra_visual_rotation,0
1691600097567,-0.1444007,0.219,0.8299999,0,0,0,Maze3,const_contra_visual_rotation,0
1691600097585,-0.1502281,0.219,0.8299999,0,0,0,Maze3,const_contra_visual_rotation,0
1691600097600,-0.1556493,0.219,0.8299999,0,0,0,Maze3,const_contra_visual_rotation,0
1691600097634,-0.1652243,0.219,0.8299999,0,0,0,Maze3,const_contra_visual_rotation,0
1691600097650,-0.1693964,0.219,0.8299999,0,0,0,Maze3,const_contra_visual_rotation,0
1691600097667,-0.1731481,0.219,0.8299999,0,0,0,Maze3,const_contra_visual_rotation,0
1691600097684,-0.1764847,0.219,0.8299999,0,0,0,Maze3,const_contra_visual_rotation,0
1691600097700,-0.1793995,0.219,0.8299999,0,0,0,Maze3,const_contra_visual_rotation,0
1691600097734,-0.1839868,0.219,0.8299999,0,0,0,Maze3,const_contra_visual_rotation,0
1691600097751,-0.1856536,0.219,0.8299999,0,0,0,Maze3,const_contra_visual_rotation,0
1691600097768,-0.1869047,0.219,0.8299999,0,0,0,Maze3,const_contra_visual_rotation,0
1691600097784,-0.1877412,0.219,0.8299999,0,0,0,Maze3,const_contra_visual_rotation,0
1691600097801,-0.18816,0.219,0.8299999,0,0,0,Maze3,const_contra_visual_rotation,0
1691600097833,-0.18816,0.219,0.8299999,0,0,0,Maze3,const_contra_visual_rotation,0
1691600097851,-0.18816,0.219,0.8299999,0,0,0,Maze3,const_contra_visual_rotation,0
1691600097867,-0.18816,0.219,0.8299999,0,0,0,Maze3,const_contra_visual_rotation,0
1691600097883,-0.18816,0.219,0.8299999,0,0,0,Maze3,const_contra_visual_rotation,0
1691600097900,-0.18816,0.219,0.8299999,0,0,0,Maze3,const_contra_visual_rotation,0
1691600097934,-0.18816,0.219,0.8299999,0,0,0,Maze3,const_contra_visual_rotation,0
1691600097951,-0.18816,0.219,0.8299999,0,0,0,Maze3,const_contra_visual_rotation,0
1691600097968,-0.18816,0.219,0.8299999,0,0,0,Maze3,const_contra_visual_rotation,0
1691600097983,-0.18816,0.219,0.8299999,0,0,0,Maze3,const_contra_visual_rotation,0
1691600098000,-0.18816,0.219,0.8299999,0,0,0,Maze3,const_contra_visual_rotation,0
1691600098035,-0.18816,0.219,0.8299999,0,0,0,Maze3,const_contra_visual_rotation,0
1691600098051,-0.18816,0.219,0.8299999,0,0,0,Maze3,const_contra_visual_rotation,0
1691600098068,-0.18816,0.219,0.8299999,0,0,0,Maze3,const_contra_visual_rotation,0
1691600098083,-0.18816,0.219,0.8299999,0,0,0,Maze3,const_contra_visual_rotation,0
1691600098101,-0.18816,0.219,0.8299999,0,0,0,Maze3,const_contra_visual_rotation,0
1691600098133,-0.18816,0.219,0.8299999,0,0,0,Maze3,const_contra_visual_rotation,0
1691600098150,-0.18816,0.219,0.8299999,0,0,0,Maze3,const_contra_visual_rotation,0
1691600098167,-0.18816,0.219,0.8299999,0,0,0,Maze3,const_contra_visual_rotation,0
1691600098184,-0.18816,0.219,0.8299999,0,0,0,Maze3,const_contra_visual_rotation,0
1691600098201,-0.18816,0.219,0.8299999,0,0,0,Maze3,const_contra_visual_rotation,0
1691600099134,-0.59,0.219,0.86,0,0,0,Maze4,const_contra_visual_no_audio,6
1691600099150,-0.59,0.219,0.86,0,0,0,Maze4,const_contra_visual_no_audio,0
1691600099167,-0.59,0.219,0.86,0,0,0,Maze4,const_contra_visual_no_audio,0
1691600099184,-0.59,0.219,0.86,0,0,0,Maze4,const_contra_visual_no_audio,0
1691600099200,-0.59,0.219,0.86,0,0,0,Maze4,const_contra_visual_no_audio,0
1691600099233,-0.59,0.219,0.86,0,0,0,Maze4,const_contra_visual_no_audio,0
1691600099250,-0.59,0.219,0.86,0,0,0,Maze4,const_contra_visual_no_audio,0
1691600099267,-0.59,0.219,0.86,0,0,0,Maze4,const_contra_visual_no_audio,0
1691600099284,-0.59,0.219,0.86,0,0,0,Maze4,const_contra_visual_no_audio,0
1691600099301,-0.59,0.219,0.86,0,0,0,Maze4,const_contra_visual_no_audio,0
1691600099333,-0.59,0.219,0.86,0,0,0,Maze4,const_contra_visual_no_audio,0
1691600099350,-0.59,0.219,0.86,0,0,0,Maze4,const_contra_visual_no_audio,0
1691600099367,-0.59,0.219,0.86,0,0,0,Maze4,const_contra_visual_no_audio,0
1691600099383,-0.59,0.219,0.86,0,0,0,Maze4,const_contra_visual_no_audio,0
1691600099401,-0.59,0.219,0.86,0,0,0,Maze4,const_contra_visual_no_audio,0
1691600099433,-0.59,0.219,0.86,0,0,0,Maze4,const_contra_visual_no_audio,0
1691600099451,-0.59,0.219,0.86,0,0,0,Maze4,const_contra_visual_no_audio,0
1691600099467,-0.59,0.219,0.86,0,0,0,Maze4,const_contra_visual_no_audio,0
1691600099483,-0.59,0.219,0.86,0,0,0,Maze4,const_contra_visual_no_audio,0
1691600099500,-0.59,0.219,0.86,0,0,0,Maze4,const_contra_visual_no_audio,0
1691600099533,-0.59,0.219,0.86,0,0,0,Maze4,const_contra_visual_no_audio,0
1691600099551,-0.59,0.219,0.86,0,0,0,Maze4,const_contra_visual_no_audio,0
1691600099567,-0.59,0.219,0.86,0,0,0,Maze4,const_contra_visual_no_audio,0
1691600099583,-0.59,0.219,0.86,0,0,0,Maze4,const_contra_visual_no_audio,0
1691600099600,-0.59,0.219,0.86,0,0,0,Maze4,const_contra_visual_no_audio,0
1691600099633,-0.59,0.219,0.86,0,0,0,Maze4,const_contra_visual_no_audio,0
1691600099650,-0.59,0.219,0.86,0,0,0,Maze4,const_contra_visual_no_audio,0
1691600099667,-0.59,0.219,0.86,0,0,0,Maze4,const_contra_visual_no_audio,0
1691600099683,-0.59,0.219,0.86,0,0,0,Maze4,const_contra_visual_no_audio,0
1691600099700,-0.59,0.219,0.86,0,0,0,Maze4,const_contra_visual_no_audio,0
1691600099733,-0.59,0.219,0.86,0,0,0,Maze4,const_contra_visual_no_audio,0
1691600099750,-0.59,0.219,0.86,0,0,0,Maze4,const_contra_visual_no_audio,0
1691600099767,-0.59,0.219,0.86,0,0,0,Maze4,const_contra_visual_no_audio,0
1691600099784,-0.59,0.219,0.86,0,0,0,Maze4,const_contra_visual_no_audio,0
1691600099800,-0.59,0.219,0.86,0,0,0,Maze4,const_contra_visual_no_audio,0
1691600099833,-0.59,0.219,0.86,0,0,0,Maze4,const_contra_visual_no_audio,0
1691600099850,-0.59,0.219,0.86,0,0,0,Maze4,const_contra_visual_no_audio,0
1691600099866,-0.59,0.219,0.86,0,0,0,Maze4,const_contra_visual_no_audio,0
1691600099884,-0.59,0.219,0.86,0,0,0,Maze4,const_contra_visual_no_audio,0
1691600099900,-0.59,0.219,0.86,0,0,0,Maze4,const_contra_visual_no_audio,0
1691600099933,-0.59,0.219,0.86,0,0,0,Maze4,const_contra_visual_no_audio,0
1691600099950,-0.59,0.219,0.86,0,0,0,Maze4,const_contra_visual_no_audio,0
1691600099967,-0.59,0.219,0.86,0,0,0,Maze4,const_contra_visual_no_audio,0
1691600099983,-0.59,0.219,0.86,0,0,0,Maze4,const_contra_visual_no_audio,0
1691600100000,-0.59,0.219,0.86,0,0,0,Maze4,const_contra_visual_no_audio,0
1691600100033,-0.59,0.219,0.86,0,0,0,Maze4,const_contra_visual_no_audio,0
1691600100050,-0.59,0.219,0.86,0,0,0,Maze4,const_contra_visual_no_audio,0
1691600100067,-0.59,0.219,0.86,0,0,0,Maze4,const_contra_visual_no_audio,0
1691600100083,-0.59,0.219,0.86,0,0,0,Maze4,const_contra_visual_no_audio,0
1691600100100,-0.59,0.219,0.86,0,0,0,Maze4,const_contra_visual_no_audio,0
