time,x,y,z,rx,ry,rz,maze_type,condition,collision_status
1691600152486,0.62,0.219,0.83,0,0,0,Maze2,const_contra_visual_rotation,6
1691600152510,0.62,0.219,0.83,0,0,0,Maze2,const_contra_visual_rotation,0
1691600152556,0.62,0.219,0.83,0,0,0,Maze2,const_contra_visual_rotation,0
1691600152557,0.62,0.219,0.83,0,0,0,Maze2,const_contra_visual_rotation,0
1691600152557,0.62,0.219,0.83,0,0,0,Maze2,const_contra_visual_rotation,0
1691600152558,0.62,0.219,0.83,0,0,0,Maze2,const_contra_visual_rotation,0
1691600152589,0.62,0.219,0.83,0,0,0,Maze2,const_contra_visual_rotation,0
1691600152606,0.62,0.219,0.83,0,0,0,Maze2,const_contra_visual_rotation,0
1691600152639,0.62,0.219,0.83,0,0,0,Maze2,const_contra_visual_rotation,0
1691600152640,0.62,0.219,0.83,0,0,0,Maze2,const_contra_visual_rotation,0
1691600152658,0.62,0.219,0.83,0,0,0,Maze2,const_contra_visual_rotation,0
1691600152689,0.62,0.219,0.83,0,0,0,Maze2,const_contra_visual_rotation,0
1691600152706,0.62,0.219,0.83,0,0,0,Maze2,const_contra_visual_rotation,0
1691600152723,0.62,0.219,0.83,0,0,0,Maze2,const_contra_visual_rotation,0
1691600152739,0.62,0.219,0.83,0,0,0,Maze2,const_contra_visual_rotation,0
1691600152756,0.62,0.219,0.83,0,0,0,Maze2,const_contra_visual_rotation,0
1691600152789,0.62,0.219,0.83,0,0,0,Maze2,const_contra_visual_rotation,0
1691600152806,0.62,0.219,0.83,0,0,0,Maze2,const_contra_visual_rotation,0
1691600152823,0.62,0.219,0.83,0,0,0,Maze2,const_contra_visual_rotation,0
1691600152839,0.62,0.219,0.83,0,0,0,Maze2,const_contra_visual_rotation,0
1691600152856,0.62,0.219,0.83,0,0,0,Maze2,const_contra_visual_rotation,0
1691600152889,0.62,0.219,0.83,0,0,0,Maze2,const_contra_visual_rotation,0
1691600152905,0.62,0.219,0.83,0,0,0,Maze2,const_contra_visual_rotation,0
1691600152923,0.62,0.219,0.83,0,0,0,Maze2,const_contra_visual_rotation,0
1691600152939,0.62,0.219,0.83,0,0,0,Maze2,const_contra_visual_rotation,0
1691600152955,0.62,0.219,0.83,0,0,0,Maze2,const_contra_visual_rotation,0
1691600152989,0.62,0.219,0.83,0,0,0,Maze2,const_contra_visual_rotation,0
1691600153005,0.62,0.219,0.83,0,0,0,Maze2,const_contra_visual_rotation,0
1691600153022,0.62,0.219,0.83,0,0,0,Maze2,const_contra_visual_rotation,0
1691600153039,0.62,0.219,0.83,0,0,0,Maze2,const_contra_visual_rotation,0
1691600153056,0.62,0.219,0.83,0,0,0,Maze2,const_contra_visual_rotation,0
1691600153089,0.62,0.219,0.83,0,0,0,Maze2,const_contra_visual_rotation,0
1691600153106,0.62,0.219,0.83,0,0,0,Maze2,const_contra_visual_rotation,0
1691600153122,0.62,0.219,0.83,0,0,0,Maze2,const_contra_visual_rotation,0
1691600153140,0.62,0.219,0.83,0,0,0,Maze2,const_contra_visual_rotation,0
1691600153156,0.62,0.219,0.83,0,0,0,Maze2,const_contra_visual_rotation,0
1691600153189,0.62,0.219,0.83,0,0,0,Maze2,const_contra_visual_rotation,0
1691600153206,0.62,0.219,0.83,0,0,0,Maze2,const_contra_visual_rotation,0
1691600153223,0.62,0.219,0.83,0,0,0,Maze2,const_contra_visual_rotation,0
1691600153239,0.62,0.219,0.83,0,0,0,Maze2,const_contra_visual_rotation,0
1691600153255,0.62,0.219,0.83,0,0,0,Maze2,const_contra_visual_rotation,0
1691600153289,0.62,0.219,0.83,0,0,0,Maze2,const_contra_visual_rotation,0
1691600153306,0.62,0.219,0.83,0,0,0,Maze2,const_contra_visual_rotation,0
1691600153323,0.62,0.219,0.83,0,0,0,Maze2,const_contra_visual_rotation,0
1691600153339,0.62,0.219,0.83,0,0,0,Maze2,const_contra_visual_rotation,0
1691600153356,0.62,0.219,0.83,0,0,0,Maze2,const_contra_visual_rotation,0
1691600153389,0.62,0.219,0.83,0,0,0,Maze2,const_contra_visual_rotation,0
1691600153405,0.62,0.219,0.83,0,0,0,Maze2,const_contra_visual_rotation,0
1691600153423,0.62,0.219,0.83,0,0,0,Maze2,const_contra_visual_rotation,0
1691600153439,0.62,0.219,0.83,0,0,0,Maze2,const_contra_visual_rotation,0
1691600153456,0.62,0.219,0.83,0,0,0,Maze2,const_contra_visual_rotation,0
1691600153489,0.62,0.219,0.83,0,0,0,Maze2,const_contra_visual_rotation,0
1691600153506,0.62,0.219,0.83,0,0,0,Maze2,const_contra_visual_rotation,0
1691600153522,0.62,0.219,0.83,0,0,0,Maze2,const_contra_visual_rotation,0
1691600153539,0.62,0.219,0.83,0,0,0,Maze2,const_contra_visual_rotation,0
1691600153555,0.62,0.219,0.83,0,0,0,Maze2,const_contra_visual_rotation,0
1691600153589,0.62,0.219,0.83,0,0,0,Maze2,const_contra_visual_rotation,0
1691600153605,0.62,0.219,0.83,0,0,0,Maze2,const_contra_visual_rotation,0
1691600153622,0.62,0.219,0.83,0,0,0,Maze2,const_contra_visual_rotation,0
1691600153639,0.62,0.219,0.83,0,0,0,Maze2,const_contra_visual_rotation,0
1691600153655,0.62,0.219,0.83,0,0,0,Maze2,const_contra_visual_rotation,0
1691600153689,0.62,0.219,0.83,0,0,0,Maze2,const_contra_visual_rotation,0
1691600153706,0.62,0.219,0.83,0,0,0,Maze2,const_contra_visual_rotation,0
1691600153722,0.62,0.219,0.83,0,0,0,Maze2,const_contra_visual_rotation,0
1691600153738,0.62,0.219,0.83,0,0,0,Maze2,const_contra_visual_rotation,0
1691600153755,0.62,0.219,0.83,0,0,0,Maze2,const_contra_visual_rotation,0
1691600153789,0.62,0.219,0.83,0,0,0,Maze2,const_contra_visual_rotation,0
1691600153806,0.62,0.219,0.83,0,0,0,Maze2,const_contra_visual_rotation,0
1691600153822,0.62,0.219,0.83,0,0,0,Maze2,const_contra_visual_rotation,0
1691600153839,0.62,0.219,0.83,0,0,0,Maze2,const_contra_visual_rotation,0
1691600153856,0.62,0.219,0.83,0,0,0,Maze2,const_contra_visual_rotation,0
1691600153889,0.62,0.219,0.83,0,0,0,Maze2,const_contra_visual_rotation,0
1691600153906,0.62,0.219,0.83,0,0,0,Maze2,const_contra_visual_rotation,0
1691600153922,0.62,0.219,0.83,0,0,0,Maze2,const_contra_visual_rotation,0
1691600153939,0.62,0.219,0.83,0,0,0,Maze2,const_contra_visual_rotation,0
1691600153956,0.62,0.219,0.83,0,0,0,Maze2,const_contra_visual_rotation,0
1691600153990,0.62,0.219,0.83,0,0,0,Maze2,const_contra_visual_rotation,0
1691600154005,0.62,0.219,0.83,0,0,0,Maze2,const_contra_visual_rotation,0
1691600154023,0.62,0.219,0.83,0,0,0,Maze2,const_contra_visual_rotation,0
1691600154038,0.62,0.219,0.83,0,0,0,Maze2,const_contra_visual_rotation,0
1691600154055,0.62,0.219,0.83,0,0,0,Maze2,const_contra_visual_rotation,0
1691600154089,0.62,0.219,0.83,0,0,0,Maze2,const_contra_visual_rotation,0
1691600154105,0.62,0.219,0.83,0,0,0,Maze2,const_contra_visual_rotation,0
1691600154123,0.62,0.219,0.83,0,0,0,Maze2,const_contra_visual_rotation,0
1691600154139,0.62,0.219,0.83,0,0,0,Maze2,const_contra_visual_rotation,0
1691600154156,0.62,0.219,0.83,0,0,0,Maze2,const_contra_visual_rotation,0
1691600154189,0.62,0.219,0.83,0,0,0,Maze2,const_contra_visual_rotation,0
1691600154205,0.62,0.219,0.83,0,0,0,Maze2,const_contra_visual_rotation,0
1691600154223,0.62,0.219,0.83,0,0,0,Maze2,const_contra_visual_rotation,0
1691600154239,0.62,0.219,0.83,0,0,0,Maze2,const_contra_visual_rotation,0
1691600154255,0.62,0.219,0.83,0,0,0,Maze2,const_contra_visual_rotation,0
1691600154289,0.62,0.219,0.83,0,0,0,Maze2,const_contra_visual_rotation,0
1691600154306,0.62,0.219,0.83,0,0,0,Maze2,const_contra_visual_rotation,0
1691600154322,0.62,0.219,0.83,0,0,0,Maze2,const_contra_visual_rotation,0
1691600154339,0.62,0.219,0.83,0,0,0,Maze2,const_contra_visual_rotation,0
1691600154355,0.62,0.219,0.83,0,0,0,Maze2,const_contra_visual_rotation,0
1691600154389,0.62,0.219,0.83,0,0,0,Maze2,const_contra_visual_rotation,0
1691600154405,0.62,0.219,0.83,0,0,0,Maze2,const_contra_visual_rotation,0
1691600154423,0.62,0.219,0.83,0,0,0,Maze2,const_contra_visual_rotation,0
1691600154439,0.62,0.219,0.83,0,0,0,Maze2,const_contra_visual_rotation,0
1691600154456,0.62,0.219,0.83,0,0,0,Maze2,const_contra_visual_rotation,0
1691600154491,0.62,0.219,0.83,0,0,0,Maze2,const_contra_visual_rotation,0
1691600154506,0.62,0.219,0.83,0,0,0,Maze2,const_contra_visual_rotation,0
1691600154522,0.62,0.219,0.83,0,0,0,Maze2,const_contra_visual_rotation,0
1691600154539,0.62,0.219,0.83,0,0,0,Maze2,const_contra_visual_rotation,0
1691600154556,0.62,0.219,0.83,0,0,0,Maze2,const_contra_visual_rotation,0
1691600154589,0.62,0.219,0.83,0,0,0,Maze2,const_contra_visual_rotation,0
1691600154605,0.62,0.219,0.83,0,0,0,Maze2,const_contra_visual_rotation,0
1691600154623,0.62,0.219,0.83,0,0,0,Maze2,const_contra_visual_rotation,0
1691600154639,0.62,0.219,0.83,0,0,0,Maze2,const_contra_visual_rotation,0
1691600154656,0.62,0.219,0.83,0,0,0,Maze2,const_contra_visual_rotation,0
1691600154689,0.62,0.219,0.83,0,0,0,Maze2,const_contra_visual_rotation,0
1691600154706,0.62,0.219,0.83,0,0,0,Maze2,const_contra_visual_rotation,0
1691600154723,0.62,0.219,0.83,0,0,0,Maze2,const_contra_visual_rotation,0
1691600154739,0.62,0.219,0.83,0,0,0,Maze2,const_contra_visual_rotation,0
1691600154756,0.62,0.219,0.83,0,0,0,Maze2,const_contra_visual_rotation,0
1691600154789,0.62,0.219,0.83,0,0,0,Maze2,const_contra_visual_rotation,0
1691600154806,0.62,0.219,0.83,0,0,0,Maze2,const_contra_visual_rotation,0
1691600154823,0.62,0.219,0.83,0,0,0,Maze2,const_contra_visual_rotation,0
1691600154838,0.62,0.219,0.83,0,0,0,Maze2,const_contra_visual_rotation,0
1691600154856,0.62,0.219,0.83,0,0,0,Maze2,const_contra_visual_rotation,0
1691600154889,0.62,0.219,0.83,0,0,0,Maze2,const_contra_visual_rotation,0
1691600154906,0.62,0.219,0.83,0,0,0,Maze2,const_contra_visual_rotation,0
1691600154922,0.62,0.219,0.83,0,0,0,Maze2,const_contra_visual_rotation,0
1691600154938,0.62,0.219,0.83,0,0,0,Maze2,const_contra_visual_rotation,0
1691600154956,0.62,0.219,0.83,0,0,0,Maze2,const_contra_visual_rotation,0
1691600154988,0.62,0.219,0.83,0,0,0,Maze2,const_contra_visual_rotation,0
1691600155005,0.62,0.219,0.83,0,0,0,Maze2,const_contra_visual_rotation,0
1691600155022,0.62,0.219,0.83,0,0,0,Maze2,const_contra_visual_rotation,0
1691600155039,0.62,0.219,0.83,0,0,0,Maze2,const_contra_visual_rotation,0
1691600155056,0.62,0.219,0.83,0,0,0,Maze2,const_contra_visual_rotation,0
1691600155089,0.62,0.219,0.83,0,0,0,Maze2,const_contra_visual_rotation,0
1691600155105,0.62,0.219,0.83,0,0,0,Maze2,const_contra_visual_rotation,0
1691600155122,0.62,0.219,0.83,0,0,0,Maze2,const_contra_visual_rotation,0
1691600155139,0.62,0.219,0.83,0,0,0,Maze2,const_contra_visual_rotation,0
1691600155155,0.62,0.219,0.83,0,0,0,Maze2,const_contra_visual_rotation,0
1691600155189,0.62,0.219,0.83,0,0,0,Maze2,const_contra_visual_rotation,0
1691600155205,0.62,0.219,0.83,0,0,0,Maze2,const_contra_visual_rotation,0
1691600155222,0.62,0.219,0.83,0,0,0,Maze2,const_contra_visual_rotation,0
1691600155238,0.62,0.219,0.83,0,0,0,Maze2,const_contra_visual_rotation,0
1691600155255,0.62,0.219,0.83,0,0,0,Maze2,const_contra_visual_rotation,0
1691600155289,0.62,0.219,0.83,0,0,0,Maze2,const_contra_visual_rotation,0
1691600155305,0.62,0.219,0.83,0,0,0,Maze2,const_contra_visual_rotation,0
1691600155322,0.62,0.219,0.83,0,0,0,Maze2,const_contra_visual_rotation,0
1691600155339,0.62,0.219,0.83,0,0,0,Maze2,const_contra_visual_rotation,0
1691600155355,0.62,0.219,0.83,0,0,0,Maze2,const_contra_visual_rotation,0
1691600155389,0.62,0.219,0.83,0,0,0,Maze2,const_contra_visual_rotation,0
1691600155405,0.62,0.219,0.83,0,0,0,Maze2,const_contra_visual_rotation,0
1691600155422,0.62,0.219,0.83,0,0,0,Maze2,const_contra_visual_rotation,0
1691600155438,0.62,0.219,0.83,0,0,0,Maze2,const_contra_visual_rotation,0
1691600155455,0.62,0.219,0.83,0,0,0,Maze2,const_contra_visual_rotation,0
1691600155488,0.62,0.219,0.83,0,0,0,Maze2,const_contra_visual_rotation,0
1691600155508,0.62,0.219,0.83,0,0,0,Maze2,const_contra_visual_rotation,0
1691600155522,0.62,0.219,0.83,0,0,0,Maze2,const_contra_visual_rotation,0
1691600155539,0.62,0.219,0.83,0,0,0,Maze2,const_contra_visual_rotation,0
1691600155556,0.62,0.219,0.83,0,0,0,Maze2,const_contra_visual_rotation,0
1691600155589,0.62,0.219,0.83,0,0,0,Maze2,const_contra_visual_rotation,0
1691600155605,0.62,0.219,0.83,0,0,0,Maze2,const_contra_visual_rotation,0
1691600155622,0.62,0.219,0.83,0,0,0,Maze2,const_contra_visual_rotation,0
1691600155640,0.62,0.219,0.83,0,0,0,Maze2,const_contra_visual_rotation,0
1691600155655,0.62,0.219,0.83,0,0,0,Maze2,const_contra_visual_rotation,0
1691600155688,0.62,0.219,0.83,0,0,0,Maze2,const_contra_visual_rotation,0
1691600155705,0.62,0.219,0.83,0,0,0,Maze2,const_contra_visual_rotation,0
1691600155722,0.62,0.219,0.83,0,0,0,Maze2,const_contra_visual_rotation,0
1691600155739,0.62,0.219,0.83,0,0,0,Maze2,const_contra_visual_rotation,0
1691600155756,0.62,0.219,0.83,0,0,0,Maze2,const_contra_visual_rotation,0
1691600155789,0.62,0.219,0.83,0,0,0,Maze2,const_contra_visual_rotation,0
1691600155805,0.62,0.219,0.83,0,0,0,Maze2,const_contra_visual_rotation,0
1691600155822,0.62,0.219,0.83,0,0,0,Maze2,const_contra_visual_rotation,0
1691600155839,0.62,0.219,0.83,0,0,0,Maze2,const_contra_visual_rotation,0
1691600155856,0.62,0.219,0.83,0,0,0,Maze2,const_contra_visual_rotation,0
1691600155888,0.62,0.219,0.83,0,0,0,Maze2,const_contra_visual_rotation,0
1691600155906,0.62,0.219,0.83,0,0,0,Maze2,const_contra_visual_rotation,0
1691600155922,0.62,0.219,0.83,0,0,0,Maze2,const_contra_visual_rotation,0
1691600155938,0.62,0.219,0.83,0,0,0,Maze2,const_contra_visual_rotation,0
1691600155955,0.62,0.219,0.83,0,0,0,Maze2,const_contra_visual_rotation,0
1691600155989,0.62,0.219,0.83,0,0,0,Maze2,const_contra_visual_rotation,0
1691600156005,0.62,0.219,0.83,0,0,0,Maze2,const_contra_visual_rotation,0
1691600156022,0.62,0.219,0.83,0,0,0,Maze2,const_contra_visual_rotation,0
1691600156039,0.62,0.219,0.83,0,0,0,Maze2,const_contra_visual_rotation,0
1691600156056,0.62,0.219,0.83,0,0,0,Maze2,const_contra_visual_rotation,0
1691600156088,0.62,0.219,0.83,0,0,0,Maze2,const_contra_visual_rotation,0
1691600156106,0.62,0.219,0.83,0,0,0,Maze2,const_contra_visual_rotation,0
1691600156123,0.62,0.219,0.83,0,0,0,Maze2,const_contra_visual_rotation,0
1691600156138,0.62,0.219,0.83,0,0,0,Maze2,const_contra_visual_rotation,0
1691600156156,0.62,0.219,0.83,0,0,0,Maze2,const_contra_visual_rotation,0
1691600156189,0.62,0.219,0.83,0,0,0,Maze2,const_contra_visual_rotation,0
1691600156205,0.62,0.219,0.83,0,0,0,Maze2,const_contra_visual_rotation,0
1691600156222,0.62,0.219,0.83,0,0,0,Maze2,const_contra_visual_rotation,0
1691600156239,0.62,0.219,0.83,0,0,0,Maze2,const_contra_visual_rotation,0
1691600156255,0.62,0.219,0.83,0,0,0,Maze2,const_contra_visual_rotation,0
1691600156289,0.62,0.219,0.83,0,0,0,Maze2,const_contra_visual_rotation,0
1691600156305,0.62,0.219,0.83,0,0,0,Maze2,const_contra_visual_rotation,0
1691600156322,0.62,0.219,0.83,0,0,0,Maze2,const_contra_visual_rotation,0
1691600156338,0.62,0.219,0.83,0,0,0,Maze2,const_contra_visual_rotation,0
1691600156355,0.62,0.219,0.83,0,0,0,Maze2,const_contra_visual_rotation,0
1691600156388,0.62,0.219,0.83,0,0,0,Maze2,const_contra_visual_rotation,0
1691600156405,0.62,0.219,0.83,0,0,0,Maze2,const_contra_visual_rotation,0
1691600156422,0.62,0.219,0.83,0,0,0,Maze2,const_contra_visual_rotation,0
1691600156438,0.62,0.219,0.83,0,0,0,Maze2,const_contra_visual_rotation,0
1691600156455,0.62,0.219,0.83,0,0,0,Maze2,const_contra_visual_rotation,0
1691600156488,0.62,0.219,0.83,0,0,0,Maze2,const_contra_visual_rotation,0
1691600156505,0.62,0.219,0.83,0,0,0,Maze2,const_contra_visual_rotation,0
1691600156523,0.62,0.219,0.83,0,0,0,Maze2,const_contra_visual_rotation,0
1691600156538,0.62,0.219,0.83,0,0,0,Maze2,const_contra_visual_rotation,0
1691600156555,0.62,0.219,0.83,0,0,0,Maze2,const_contra_visual_rotation,0
1691600156591,0.62,0.219,0.83,0,0,0,Maze2,const_contra_visual_rotation,0
1691600156605,0.62,0.219,0.83,0,0,0,Maze2,const_contra_visual_rotation,0
1691600156622,0.62,0.219,0.83,0,0,0,Maze2,const_contra_visual_rotation,0
1691600156638,0.62,0.219,0.83,0,0,0,Maze2,const_contra_visual_rotation,0
1691600156655,0.62,0.219,0.83,0,0,0,Maze2,const_contra_visual_rotation,0
1691600156688,0.62,0.219,0.83,0,0,0,Maze2,const_contra_visual_rotation,0
1691600156705,0.62,0.219,0.83,0,0,0,Maze2,const_contra_visual_rotation,0
1691600156722,0.62,0.219,0.83,0,0,0,Maze2,const_contra_visual_rotation,0
1691600156738,0.62,0.219,0.83,0,0,0,Maze2,const_contra_visual_rotation,0
1691600156755,0.62,0.219,0.83,0,0,0,Maze2,const_contra_visual_rotation,0
1691600156789,0.62,0.219,0.83,0,0,0,Maze2,const_contra_visual_rotation,0
1691600156805,0.62,0.219,0.83,0,0,0,Maze2,const_contra_visual_rotation,0
1691600156821,0.62,0.219,0.83,0,0,0,Maze2,const_contra_visual_rotation,0
1691600156838,0.62,0.219,0.83,0,0,0,Maze2,const_contra_visual_rotation,0
1691600156855,0.62,0.219,0.83,0,0,0,Maze2,const_contra_visual_rotation,0
1691600156888,0.62,0.219,0.83,0,0,0,Maze2,const_contra_visual_rotation,0
1691600156905,0.62,0.219,0.83,0,0,0,Maze2,const_contra_visual_rotation,0
1691600156921,0.62,0.219,0.83,0,0,0,Maze2,const_contra_visual_rotation,0
1691600156938,0.62,0.219,0.83,0,0,0,Maze2,const_contra_visual_rotation,0
1691600156954,0.62,0.219,0.83,0,0,0,Maze2,const_contra_visual_rotation,0
1691600156988,0.62,0.219,0.83,0,0,0,Maze2,const_contra_visual_rotation,0
1691600157005,0.62,0.219,0.83,0,0,0,Maze2,const_contra_visual_rotation,0
1691600157021,0.62,0.219,0.83,0,0,0,Maze2,const_contra_visual_rotation,0
1691600157038,0.62,0.219,0.83,0,0,0,Maze2,const_contra_visual_rotation,0
1691600157054,0.62,0.219,0.83,0,0,0,Maze2,const_contra_visual_rotation,0
1691600157089,0.62,0.219,0.83,0,0,0,Maze2,const_contra_visual_rotation,0
1691600157105,0.62,0.219,0.83,0,0,0,Maze2,const_contra_visual_rotation,0
1691600157122,0.62,0.219,0.83,0,0,0,Maze2,const_contra_visual_rotation,0
1691600157138,0.62,0.219,0.83,0,0,0,Maze2,const_contra_visual_rotation,0
1691600157155,0.62,0.219,0.83,0,0,0,Maze2,const_contra_visual_rotation,0
1691600157188,0.62,0.219,0.83,0,0,0,Maze2,const_contra_visual_rotation,0
1691600157205,0.62,0.219,0.83,0,0,0,Maze2,const_contra_visual_rotation,0
1691600157222,0.62,0.219,0.83,0,0,0,Maze2,const_contra_visual_rotation,0
1691600157238,0.62,0.219,0.83,0,0,0,Maze2,const_contra_visual_rotation,0
1691600157255,0.62,0.219,0.83,0,0,0,Maze2,const_contra_visual_rotation,0
1691600157289,0.62,0.219,0.83,0,0,0,Maze2,const_contra_visual_rotation,0
1691600157305,0.62,0.219,0.83,0,0,0,Maze2,const_contra_visual_rotation,0
1691600157322,0.62,0.219,0.83,0,0,0,Maze2,const_contra_visual_rotation,0
1691600157338,0.62,0.219,0.83,0,0,0,Maze2,const_contra_visual_rotation,0
1691600157355,0.62,0.219,0.83,0,0,0,Maze2,const_contra_visual_rotation,0
1691600157388,0.62,0.219,0.83,0,0,0,Maze2,const_contra_visual_rotation,0
1691600157405,0.62,0.219,0.83,0,0,0,Maze2,const_contra_visual_rotation,0
1691600157421,0.62,0.219,0.83,0,0,0,Maze2,const_contra_visual_rotation,0
1691600157438,0.62,0.219,0.83,0,0,0,Maze2,const_contra_visual_rotation,0
1691600157455,0.62,0.219,0.83,0,0,0,Maze2,const_contra_visual_rotation,0
1691600157488,0.62,0.219,0.83,0,0,0,Maze2,const_contra_visual_rotation,0
1691600157505,0.62,0.219,0.83,0,0,0,Maze2,const_contra_visual_rotation,0
1691600157522,0.62,0.219,0.83,0,0,0,Maze2,const_contra_visual_rotation,0
1691600157542,0.62,0.219,0.83,0,0,0,Maze2,const_contra_visual_rotation,0
1691600157554,0.62,0.219,0.83,0,0,0,Maze2,const_contra_visual_rotation,0
1691600157589,0.62,0.219,0.83,0,0,0,Maze2,const_contra_visual_rotation,0
1691600157605,0.62,0.219,0.83,0,0,0,Maze2,const_contra_visual_rotation,0
1691600157621,0.62,0.219,0.83,0,0,0,Maze2,const_contra_visual_rotation,0
1691600157639,0.62,0.219,0.83,0,0,0,Maze2,const_contra_visual_rotation,0
1691600157654,0.62,0.219,0.83,0,0,0,Maze2,const_contra_visual_rotation,0
1691600157688,0.62,0.219,0.83,0,0,0,Maze2,const_contra_visual_rotation,0
1691600157705,0.62,0.219,0.83,0,0,0,Maze2,const_contra_visual_rotation,0
1691600157721,0.62,0.219,0.83,0,0,0,Maze2,const_contra_visual_rotation,0
1691600157738,0.62,0.219,0.83,0,0,0,Maze2,const_contra_visual_rotation,0
1691600157755,0.62,0.219,0.83,0,0,0,Maze2,const_contra_visual_rotation,0
1691600157789,0.62,0.219,0.83,0,0,0,Maze2,const_contra_visual_rotation,0
1691600157804,0.62,0.219,0.83,0,0,0,Maze2,const_contra_visual_rotation,0
1691600157822,0.62,0.219,0.83,0,0,0,Maze2,const_contra_visual_rotation,0
1691600157838,0.62,0.219,0.83,0,0,0,Maze2,const_contra_visual_rotation,0
1691600157854,0.62,0.219,0.83,0,0,0,Maze2,const_contra_visual_rotation,0
1691600157889,0.62,0.219,0.83,0,0,0,Maze2,const_contra_visual_rotation,0
1691600157904,0.62,0.219,0.83,0,0,0,Maze2,const_contra_visual_rotation,0
1691600157922,0.62,0.219,0.83,0,0,0,Maze2,const_contra_visual_rotation,0
1691600157938,0.62,0.219,0.83,0,0,0,Maze2,const_contra_visual_rotation,0
1691600157954,0.62,0.219,0.83,0,0,0,Maze2,const_contra_visual_rotation,0
1691600157988,0.62,0.219,0.83,0,0,0,Maze2,const_contra_visual_rotation,0
1691600158004,0.62,0.219,0.83,0,0,0,Maze2,const_contra_visual_rotation,0
1691600158022,0.62,0.219,0.83,0,0,0,Maze2,const_contra_visual_rotation,0
1691600158038,0.62,0.219,0.83,0,0,0,Maze2,const_contra_visual_rotation,0
1691600158054,0.62,0.219,0.83,0,0,0,Maze2,const_contra_visual_rotation,0
1691600158088,0.62,0.219,0.83,0,0,0,Maze2,const_contra_visual_rotation,0
1691600158105,0.62,0.219,0.83,0,0,0,Maze2,const_contra_visual_rotation,0
1691600158122,0.62,0.219,0.83,0,0,0,Maze2,const_contra_visual_rotation,0
1691600158138,0.62,0.219,0.83,0,0,0,Maze2,const_contra_visual_rotation,0
1691600158155,0.62,0.219,0.83,0,0,0,Maze2,const_contra_visual_rotation,0
1691600158188,0.62,0.219,0.83,0,0,0,Maze2,const_contra_visual_rotation,0
1691600158205,0.62,0.219,0.83,0,0,0,Maze2,const_contra_visual_rotation,0
1691600158222,0.62,0.219,0.83,0,0,0,Maze2,const_contra_visual_rotation,0
1691600158238,0.62,0.219,0.83,0,0,0,Maze2,const_contra_visual_rotation,0
1691600158255,0.62,0.219,0.83,0,0,0,Maze2,const_contra_visual_rotation,0
1691600158288,0.62,0.219,0.83,0,0,0,Maze2,const_contra_visual_rotation,0
1691600158305,0.62,0.219,0.83,0,0,0,Maze2,const_contra_visual_rotation,0
1691600158323,0.62,0.219,0.83,0,0,0,Maze2,const_contra_visual_rotation,0
1691600158338,0.62,0.219,0.83,0,0,0,Maze2,const_contra_visual_rotation,0
1691600158356,0.62,0.219,0.83,0,0,0,Maze2,const_contra_visual_rotation,0
1691600158390,0.62,0.219,0.83,0,0,0,Maze2,const_contra_visual_rotation,0
1691600158406,0.62,0.219,0.83,0,0,0,Maze2,const_contra_visual_rotation,0
1691600158422,0.62,0.219,0.83,0,0,0,Maze2,const_contra_visual_rotation,0
1691600159488,-0.59,0.219,0.86,0,0,0,Maze4,const_contra_visual_no_audio,6
1691600159522,-0.59,0.219,0.86,0,0,0,Maze4,const_contra_visual_no_audio,0
1691600159538,-0.59,0.219,0.86,0,0,0,Maze4,const_contra_visual_no_audio,0
1691600159554,-0.59,0.219,0.86,0,0,0,Maze4,const_contra_visual_no_audio,0
1691600159572,-0.59,0.219,0.86,0,0,0,Maze4,const_contra_visual_no_audio,0
1691600159587,-0.59,0.219,0.86,0,0,0,Maze4,const_contra_visual_no_audio,0
1691600159605,-0.59,0.219,0.86,0,0,0,Maze4,const_contra_visual_no_audio,0
1691600159637,-0.59,0.219,0.86,0,0,0,Maze4,const_contra_visual_no_audio,0
1691600159655,-0.59,0.219,0.86,0,0,0,Maze4,const_contra_visual_no_audio,0
1691600159671,-0.59,0.219,0.86,0,0,0,Maze4,const_contra_visual_no_audio,0
1691600159688,-0.59,0.219,0.86,0,0,0,Maze4,const_contra_visual_no_audio,0
1691600159704,-0.59,0.219,0.86,0,0,0,Maze4,const_contra_visual_no_audio,0
1691600159737,-0.59,0.219,0.86,0,0,0,Maze4,const_contra_visual_no_audio,0
1691600159754,-0.59,0.219,0.86,0,0,0,Maze4,const_contra_visual_no_audio,0
1691600159771,-0.59,0.219,0.86,0,0,0,Maze4,const_contra_visual_no_audio,0
1691600159787,-0.59,0.219,0.86,0,0,0,Maze4,const_contra_visual_no_audio,0
1691600159804,-0.59,0.219,0.86,0,0,0,Maze4,const_contra_visual_no_audio,0
1691600159837,-0.59,0.219,0.86,0,0,0,Maze4,const_contra_visual_no_audio,0
1691600159854,-0.59,0.219,0.86,0,0,0,Maze4,const_contra_visual_no_audio,0
1691600159870,-0.59,0.219,0.86,0,0,0,Maze4,const_contra_visual_no_audio,0
1691600159888,-0.59,0.219,0.86,0,0,0,Maze4,const_contra_visual_no_audio,0
1691600159904,-0.59,0.219,0.86,0,0,0,Maze4,const_contra_visual_no_audio,0
1691600159938,-0.59,0.219,0.86,0,0,0,Maze4,const_contra_visual_no_audio,0
1691600159954,-0.59,0.219,0.86,0,0,0,Maze4,const_contra_visual_no_audio,0
1691600159970,-0.59,0.219,0.86,0,0,0,Maze4,const_contra_visual_no_audio,0
1691600159987,-0.59,0.219,0.86,0,0,0,Maze4,const_contra_visual_no_audio,0
1691600160004,-0.59,0.219,0.86,0,0,0,Maze4,const_contra_visual_no_audio,0
1691600160037,-0.59,0.219,0.86,0,0,0,Maze4,const_contra_visual_no_audio,0
1691600160054,-0.59,0.219,0.86,0,0,0,Maze4,const_contra_visual_no_audio,0
1691600160071,-0.59,0.219,0.86,0,0,0,Maze4,const_contra_visual_no_audio,0
1691600160088,-0.59,0.219,0.86,0,0,0,Maze4,const_contra_visual_no_audio,0
1691600160104,-0.59,0.219,0.86,0,0,0,Maze4,const_contra_visual_no_audio,0
1691600160137,-0.59,0.219,0.86,0,0,0,Maze4,const_contra_visual_no_audio,0
1691600160154,-0.59,0.219,0.86,0,0,0,Maze4,const_contra_visual_no_audio,0
1691600160171,-0.59,0.219,0.86,0,0,0,Maze4,const_contra_visual_no_audio,0
1691600160188,-0.59,0.219,0.86,0,0,0,Maze4,const_contra_visual_no_audio,0
1691600160204,-0.59,0.219,0.86,0,0,0,Maze4,const_contra_visual_no_audio,0
1691600160237,-0.59,0.219,0.86,0,0,0,Maze4,const_contra_visual_no_audio,0
1691600160254,-0.59,0.219,0.86,0,0,0,Maze4,const_contra_visual_no_audio,0
1691600160271,-0.59,0.219,0.86,0,0,0,Maze4,const_contra_visual_no_audio,0
1691600160287,-0.59,0.219,0.86,0,0,0,Maze4,const_contra_visual_no_audio,0
1691600160304,-0.59,0.219,0.86,0,0,0,Maze4,const_contra_visual_no_audio,0
1691600160337,-0.59,0.219,0.86,0,0,0,Maze4,const_contra_visual_no_audio,0
1691600160354,-0.59,0.219,0.86,0,0,0,Maze4,const_contra_visual_no_audio,0
1691600160369,-0.59,0.219,0.86,0,0,0,Maze4,const_contra_visual_no_audio,0
1691600160387,-0.59,0.219,0.86,0,0,0,Maze4,const_contra_visual_no_audio,0
1691600160405,-0.59,0.219,0.86,0,0,0,Maze4,const_contra_visual_no_audio,0
1691600160438,-0.59,0.219,0.86,0,0,0,Maze4,const_contra_visual_no_audio,0
1691600160454,-0.59,0.219,0.86,0,0,0,Maze4,const_contra_visual_no_audio,0
1691600160471,-0.59,0.219,0.86,0,0,0,Maze4,const_contra_visual_no_audio,0
1691600160488,-0.59,0.219,0.86,0,0,0,Maze4,const_contra_visual_no_audio,0
1691600160504,-0.59,0.219,0.86,0,0,0,Maze4,const_contra_visual_no_audio,0
1691600160538,-0.59,0.219,0.86,0,0,0,Maze4,const_contra_visual_no_audio,0
1691600160554,-0.59,0.219,0.86,0,0,0,Maze4,const_contra_visual_no_audio,0
1691600160571,-0.59,0.219,0.86,0,0,0,Maze4,const_contra_visual_no_audio,0
1691600160588,-0.59,0.219,0.86,0,0,0,Maze4,const_contra_visual_no_audio,0
1691600160604,-0.59,0.219,0.86,0,0,0,Maze4,const_contra_visual_no_audio,0
1691600160637,-0.59,0.219,0.86,0,0,0,Maze4,const_contra_visual_no_audio,0
1691600160653,-0.59,0.219,0.86,0,0,0,Maze4,const_contra_visual_no_audio,0
1691600160671,-0.59,0.219,0.86,0,0,0,Maze4,const_contra_visual_no_audio,0
1691600160688,-0.59,0.219,0.86,0,0,0,Maze4,const_contra_visual_no_audio,0
1691600160704,-0.59,0.219,0.86,0,0,0,Maze4,const_contra_visual_no_audio,0
1691600160737,-0.59,0.219,0.86,0,0,0,Maze4,const_contra_visual_no_audio,0
1691600160754,-0.59,0.219,0.86,0,0,0,Maze4,const_contra_visual_no_audio,0
1691600160770,-0.59,0.219,0.86,0,0,0,Maze4,const_contra_visual_no_audio,0
1691600160788,-0.59,0.219,0.86,0,0,0,Maze4,const_contra_visual_no_audio,0
1691600160804,-0.59,0.219,0.86,0,0,0,Maze4,const_contra_visual_no_audio,0
1691600160837,-0.59,0.219,0.86,0,0,0,Maze4,const_contra_visual_no_audio,0
1691600160854,-0.59,0.219,0.86,0,0,0,Maze4,const_contra_visual_no_audio,0
1691600160870,-0.59,0.219,0.86,0,0,0,Maze4,const_contra_visual_no_audio,0
1691600160888,-0.59,0.219,0.86,0,0,0,Maze4,const_contra_visual_no_audio,0
1691600160903,-0.59,0.219,0.86,0,0,0,Maze4,const_contra_visual_no_audio,0
1691600160937,-0.59,0.219,0.86,0,0,0,Maze4,const_contra_visual_no_audio,0
1691600160954,-0.59,0.219,0.86,0,0,0,Maze4,const_contra_visual_no_audio,0
1691600160970,-0.59,0.219,0.86,0,0,0,Maze4,const_contra_visual_no_audio,0
1691600160987,-0.59,0.219,0.86,0,0,0,Maze4,const_contra_visual_no_audio,0
1691600161004,-0.59,0.219,0.86,0,0,0,Maze4,const_contra_visual_no_audio,0
1691600161037,-0.59,0.219,0.86,0,0,0,Maze4,const_contra_visual_no_audio,0
1691600161054,-0.59,0.219,0.86,0,0,0,Maze4,const_contra_visual_no_audio,0
1691600161070,-0.59,0.219,0.86,0,0,0,Maze4,const_contra_visual_no_audio,0
1691600161088,-0.59,0.219,0.8595843,0,0,0,Maze4,const_contra_visual_no_audio,0
1691600161104,-0.59,0.219,0.858747,0,0,0,Maze4,const_contra_visual_no_audio,0
1691600161137,-0.59,0.219,0.8558334,0,0,0,Maze4,const_contra_visual_no_audio,0
1691600161154,-0.59,0.219,0.8537531,0,0,0,Maze4,const_contra_visual_no_audio,0
1691600161170,-0.59,0.219,0.8512497,0,0,0,Maze4,const_contra_visual_no_audio,0
1691600161187,-0.59,0.219,0.848337,0,0,0,Maze4,const_contra_visual_no_audio,0
1691600161204,-0.59,0.219,0.8450025,0,0,0,Maze4,const_contra_visual_no_audio,0
1691600161237,-0.59,0.219,0.8370798,0,0,0,Maze4,const_contra_visual_no_audio,0
1691600161254,-0.59,0.219,0.8325022,0,0,0,Maze4,const_contra_visual_no_audio,0
1691600161270,-0.59,0.219,0.8274996,0,0,0,Maze4,const_contra_visual_no_audio,0
1691600161287,-0.59,0.219,0.82209,0,0,0,Maze4,const_contra_visual_no_audio,0
1691600161304,-0.59,0.219,0.8162647,0,0,0,Maze4,const_contra_visual_no_audio,0
1691600161337,-0.59,0.219,0.8033673,0,0,0,Maze4,const_contra_visual_no_audio,0
1691600161354,-0.59,0.219,0.7962633,0,0,0,Maze4,const_contra_visual_no_audio,0
1691600161370,-0.59,0.219,0.7887623,0,0,0,Maze4,const_contra_visual_no_audio,0
1691600161387,-0.59,0.219,0.7808564,0,0,0,Maze4,const_contra_visual_no_audio,0
1691600161404,-0.59,0.219,0.772507,0,0,0,Maze4,const_contra_visual_no_audio,0
1691600161437,-0.59,0.219,0.7558605,0,0,0,Maze4,const_contra_visual_no_audio,0
1691600161454,-0.59,0.219,0.7475373,0,0,0,Maze4,const_contra_visual_no_audio,0
1691600161470,-0.59,0.219,0.7391944,0,0,0,Maze4,const_contra_visual_no_audio,0
1691600161487,-0.59,0.219,0.7308712,0,0,0,Maze4,const_contra_visual_no_audio,0
1691600161504,-0.59,0.219,0.7225242,0,0,0,Maze4,const_contra_visual_no_audio,0
1691600161537,-0.59,0.219,0.7058777,0,0,0,Maze4,const_contra_visual_no_audio,0
1691600161554,-0.59,0.219,0.6975446,0,0,0,Maze4,const_contra_visual_no_audio,0
1691600161570,-0.59,0.219,0.6892102,0,0,0,Maze4,const_contra_visual_no_audio,0
1691600161587,-0.59,0.219,0.6808869,0,0,0,Maze4,const_contra_visual_no_audio,0
1691600161605,-0.59,0.219,0.6725157,0,0,0,Maze4,const_contra_visual_no_audio,0
1691600161637,-0.59,0.219,0.6558692,0,0,0,Maze4,const_contra_visual_no_audio,0
1691600161654,-0.59,0.219,0.647546,0,0,0,Maze4,const_contra_visual_no_audio,0
1691600161670,-0.59,0.219,0.6392034,0,0,0,Maze4,const_contra_visual_no_audio,0
1691600161687,-0.59,0.219,0.6308801,0,0,0,Maze4,const_contra_visual_no_audio,0
1691600161704,-0.59,0.219,0.6225569,0,0,0,Maze4,const_contra_visual_no_audio,0
1691600161738,-0.59,0.219,0.6059104,0,0,0,Maze4,const_contra_visual_no_audio,0
1691600161754,-0.59,0.219,0.5975708,0,0,0,Maze4,const_contra_visual_no_audio,0
1691600161770,-0.59,0.219,0.5892327,0,0,0,Maze4,const_contra_visual_no_audio,0
1691600161787,-0.59,0.219,0.5809096,0,0,0,Maze4,const_contra_visual_no_audio,0
1691600161804,-0.59,0.219,0.5725666,0,0,0,Maze4,const_contra_visual_no_audio,0
1691600161837,-0.59,0.219,0.5559201,0,0,0,Maze4,const_contra_visual_no_audio,0
1691600161854,-0.59,0.219,0.5475665,0,0,0,Maze4,const_contra_visual_no_audio,0
1691600161870,-0.59,0.219,0.5392432,0,0,0,Maze4,const_contra_visual_no_audio,0
1691600161887,-0.59,0.219,0.53092,0,0,0,Maze4,const_contra_visual_no_audio,0
1691600161903,-0.59,0.219,0.5225631,0,0,0,Maze4,const_contra_visual_no_audio,0
1691600161938,-0.59,0.219,0.5059167,0,0,0,Maze4,const_contra_visual_no_audio,0
1691600161954,-0.59,0.219,0.4975798,0,0,0,Maze4,const_contra_visual_no_audio,0
1691600161970,-0.59,0.219,0.4892565,0,0,0,Maze4,const_contra_visual_no_audio,0
1691600161987,-0.59,0.219,0.4809333,0,0,0,Maze4,const_contra_visual_no_audio,0
1691600162005,-0.59,0.219,0.4726101,0,0,0,Maze4,const_contra_visual_no_audio,0
1691600162037,-0.59,0.219,0.4559389,0,0,0,Maze4,const_contra_visual_no_audio,0
1691600162054,-0.59,0.219,0.4476157,0,0,0,Maze4,const_contra_visual_no_audio,0
1691600162070,-0.59,0.219,0.4392925,0,0,0,Maze4,const_contra_visual_no_audio,0
1691600162087,-0.59,0.219,0.4309607,0,0,0,Maze4,const_contra_visual_no_audio,0
1691600162104,-0.59,0.219,0.4226375,0,0,0,Maze4,const_contra_visual_no_audio,0
1691600162137,-0.59,0.219,0.4059457,0,0,0,Maze4,const_contra_visual_no_audio,0
1691600162153,-0.59,0.219,0.3976025,0,0,0,Maze4,const_contra_visual_no_audio,0
1691600162170,-0.59,0.219,0.3892793,0,0,0,Maze4,const_contra_visual_no_audio,0
1691600162187,-0.59,0.219,0.3809561,0,0,0,Maze4,const_contra_visual_no_audio,0
1691600162203,-0.59,0.219,0.3726152,0,0,0,Maze4,const_contra_visual_no_audio,0
1691600162237,-0.59,0.219,0.3559317,0,0,0,Maze4,const_contra_visual_no_audio,0
1691600162254,-0.59,0.219,0.3476085,0,0,0,Maze4,const_contra_visual_no_audio,0
1691600162271,-0.59,0.219,0.3392726,0,0,0,Maze4,const_contra_visual_no_audio,0
1691600162287,-0.59,0.219,0.3309493,0,0,0,Maze4,const_contra_visual_no_audio,0
1691600162304,-0.59,0.219,0.3226261,0,0,0,Maze4,const_contra_visual_no_audio,0
1691600162337,-0.59,0.219,0.305948,0,0,0,Maze4,const_contra_visual_no_audio,0
1691600162354,-0.59,0.219,0.2976248,0,0,0,Maze4,const_contra_visual_no_audio,0
1691600162371,-0.59,0.219,0.2893016,0,0,0,Maze4,const_contra_visual_no_audio,0
1691600162387,-0.59,0.219,0.280938,0,0,0,Maze4,const_contra_visual_no_audio,0
1691600162403,-0.59,0.219,0.2726148,0,0,0,Maze4,const_contra_visual_no_audio,0
1691600162437,-0.59,0.219,0.2559408,0,0,0,Maze4,const_contra_visual_no_audio,0
1691600162454,-0.59,0.219,0.2476176,0,0,0,Maze4,const_contra_visual_no_audio,0
1691600162471,-0.59,0.219,0.2392943,0,0,0,Maze4,const_contra_visual_no_audio,0
1691600162487,-0.59,0.219,0.2309711,0,0,0,Maze4,const_contra_visual_no_audio,0
1691600162504,-0.59,0.219,0.2226479,0,0,0,Maze4,const_contra_visual_no_audio,0
1691600162537,-0.59,0.219,0.2059569,0,0,0,Maze4,const_contra_visual_no_audio,0
1691600162553,-0.59,0.219,0.1976337,0,0,0,Maze4,const_contra_visual_no_audio,0
1691600162570,-0.59,0.219,0.1893104,0,0,0,Maze4,const_contra_visual_no_audio,0
1691600162587,-0.59,0.219,0.1809527,0,0,0,Maze4,const_contra_visual_no_audio,0
1691600162604,-0.59,0.219,0.1726295,0,0,0,Maze4,const_contra_visual_no_audio,0
1691600162638,-0.59,0.219,0.1559556,0,0,0,Maze4,const_contra_visual_no_audio,0
1691600162653,-0.59,0.219,0.1476324,0,0,0,Maze4,const_contra_visual_no_audio,0
1691600162670,-0.59,0.219,0.1393092,0,0,0,Maze4,const_contra_visual_no_audio,0
1691600162687,-0.59,0.219,0.130986,0,0,0,Maze4,const_contra_visual_no_audio,0
1691600162703,-0.59,0.219,0.1226627,0,0,0,Maze4,const_contra_visual_no_audio,0
1691600162737,-0.59,0.219,0.1060163,0,0,0,Maze4,const_contra_visual_no_audio,0
1691600162753,-0.59,0.219,0.09766105,0,0,0,Maze4,const_contra_visual_no_audio,0
1691600162770,-0.59,0.219,0.0893157,0,0,0,Maze4,const_contra_visual_no_audio,0
1691600162787,-0.59,0.219,0.08099247,0,0,0,Maze4,const_contra_visual_no_audio,0
1691600162803,-0.59,0.219,0.07266924,0,0,0,Maze4,const_contra_visual_no_audio,0
1691600162838,-0.59,0.219,0.05598539,0,0,0,Maze4,const_contra_visual_no_audio,0
1691600162854,-0.59,0.219,0.04766217,0,0,0,Maze4,const_contra_visual_no_audio,0
1691600162870,-0.59,0.219,0.03933894,0,0,0,Maze4,const_contra_visual_no_audio,0
1691600162887,-0.59,0.219,0.0309882,0,0,0,Maze4,const_contra_visual_no_audio,0
1691600162904,-0.59,0.219,0.02266497,0,0,0,Maze4,const_contra_visual_no_audio,0
1691600162937,-0.59,0.219,0.006018514,0,0,0,Maze4,const_contra_visual_no_audio,0
1691600162953,-0.59,0.219,-0.002322005,0,0,0,Maze4,const_contra_visual_no_audio,0
1691600162970,-0.59,0.219,-0.01064523,0,0,0,Maze4,const_contra_visual_no_audio,0
1691600162988,-0.59,0.219,-0.01897955,0,0,0,Maze4,const_contra_visual_no_audio,0
1691600163004,-0.59,0.219,-0.0273346,0,0,0,Maze4,const_contra_visual_no_audio,0
1691600163037,-0.59,0.219,-0.04398106,0,0,0,Maze4,const_contra_visual_no_audio,0
1691600163054,-0.59,0.219,-0.05230429,0,0,0,Maze4,const_contra_visual_no_audio,0
1691600163070,-0.59,0.219,-0.06062751,0,0,0,Maze4,const_contra_visual_no_audio,0
1691600163087,-0.59,0.219,-0.06895074,0,0,0,Maze4,const_contra_visual_no_audio,0
1691600163103,-0.59,0.219,-0.07731461,0,0,0,Maze4,const_contra_visual_no_audio,0
1691600163137,-0.5841077,0.219,-0.0915302,0,0,0,Maze4,const_contra_visual_no_audio,0
1691600163153,-0.5782223,0.219,-0.09741562,0,0,0,Maze4,const_contra_visual_no_audio,0
1691600163170,-0.5723369,0.219,-0.103301,0,0,0,Maze4,const_contra_visual_no_audio,0
1691600163187,-0.5664445,0.219,-0.1091934,0,0,0,Maze4,const_contra_visual_no_audio,0
1691600163204,-0.560541,0.219,-0.1150969,0,0,0,Maze4,const_contra_visual_no_audio,0
1691600163237,-0.5487701,0.219,-0.1268678,0,0,0,Maze4,const_contra_visual_no_audio,0
1691600163253,-0.5428847,0.219,-0.1327532,0,0,0,Maze4,const_contra_visual_no_audio,0
1691600163270,-0.5369732,0.219,-0.1386646,0,0,0,Maze4,const_contra_visual_no_audio,0
1691600163287,-0.5310878,0.219,-0.1445501,0,0,0,Maze4,const_contra_visual_no_audio,0
1691600163304,-0.5251951,0.219,-0.1504429,0,0,0,Maze4,const_contra_visual_no_audio,0
1691600163337,-0.5134242,0.219,-0.1622137,0,0,0,Maze4,const_contra_visual_no_audio,0
1691600163353,-0.5075388,0.219,-0.1680991,0,0,0,Maze4,const_contra_visual_no_audio,0
1691600163370,-0.5016257,0.219,-0.1740122,0,0,0,Maze4,const_contra_visual_no_audio,0
1691600163387,-0.4957403,0.219,-0.1798976,0,0,0,Maze4,const_contra_visual_no_audio,0
1691600163403,-0.4898549,0.219,-0.185783,0,0,0,Maze4,const_contra_visual_no_audio,0
1691600163437,-0.4780841,0.219,-0.1975538,0,0,0,Maze4,const_contra_visual_no_audio,0
1691600163453,-0.4721987,0.219,-0.2034392,0,0,0,Maze4,const_contra_visual_no_audio,0
1691600163470,-0.4662921,0.219,-0.2093458,0,0,0,Maze4,const_contra_visual_no_audio,0
1691600163487,-0.4604066,0.219,-0.2152313,0,0,0,Maze4,const_contra_visual_no_audio,0
1691600163504,-0.4544958,0.219,-0.2211422,0,0,0,Maze4,const_contra_visual_no_audio,0
1691600163537,-0.4427249,0.219,-0.232913,0,0,0,Maze4,const_contra_visual_no_audio,0
1691600163554,-0.4368263,0.219,-0.2388116,0,0,0,Maze4,const_contra_visual_no_audio,0
1691600163570,-0.4309409,0.219,-0.244697,0,0,0,Maze4,const_contra_visual_no_audio,0
1691600163587,-0.4250555,0.219,-0.2505824,0,0,0,Maze4,const_contra_visual_no_audio,0
1691600163604,-0.4191461,0.219,-0.2564918,0,0,0,Maze4,const_contra_visual_no_audio,0
1691600163639,-0.4073753,0.219,-0.2682626,0,0,0,Maze4,const_contra_visual_no_audio,0
1691600163653,-0.4014899,0.219,-0.274148,0,0,0,Maze4,const_contra_visual_no_audio,0
1691600163671,-0.3956045,0.219,-0.2800334,0,0,0,Maze4,const_contra_visual_no_audio,0
1691600163686,-0.3897067,0.219,-0.2859313,0,0,0,Maze4,const_contra_visual_no_audio,0
1691600163704,-0.3838212,0.219,-0.2918167,0,0,0,Maze4,const_contra_visual_no_audio,0
1691600163737,-0.3720321,0.219,-0.3036058,0,0,0,Maze4,const_contra_visual_no_audio,0
1691600163753,-0.3661467,0.219,-0.3094912,0,0,0,Maze4,const_contra_visual_no_audio,0
1691600163770,-0.3661467,0.219,-0.3178405,0,0,0,Maze4,const_contra_visual_no_audio,0
1691600163786,-0.3661467,0.219,-0.3261637,0,0,0,Maze4,const_contra_visual_no_audio,0
1691600163803,-0.3661467,0.219,-0.3345078,0,0,0,Maze4,const_contra_visual_no_audio,0
1691600163837,-0.3661467,0.219,-0.3511543,0,0,0,Maze4,const_contra_visual_no_audio,0
1691600163854,-0.3661467,0.219,-0.359491,0,0,0,Maze4,const_contra_visual_no_audio,0
1691600163870,-0.3661467,0.219,-0.3678142,0,0,0,Maze4,const_contra_visual_no_audio,0
1691600163887,-0.3661467,0.219,-0.3761695,0,0,0,Maze4,const_contra_visual_no_audio,0
1691600163903,-0.3661467,0.219,-0.3845032,0,0,0,Maze4,const_contra_visual_no_audio,0
1691600163937,-0.3661467,0.219,-0.401171,0,0,0,Maze4,const_contra_visual_no_audio,0
1691600163953,-0.3661467,0.219,-0.4094942,0,0,0,Maze4,const_contra_visual_no_audio,0
1691600163970,-0.3661467,0.219,-0.4178174,0,0,0,Maze4,const_contra_visual_no_audio,0
1691600163987,-0.3661467,0.219,-0.4261407,0,0,0,Maze4,const_contra_visual_no_audio,0
1691600164004,-0.3661467,0.219,-0.4344751,0,0,0,Maze4,const_contra_visual_no_audio,0
1691600164037,-0.3661467,0.219,-0.4511396,0,0,0,Maze4,const_contra_visual_no_audio,0
1691600164054,-0.3661467,0.219,-0.4594629,0,0,0,Maze4,const_contra_visual_no_audio,0
1691600164070,-0.3661467,0.219,-0.4677861,0,0,0,Maze4,const_contra_visual_no_audio,0
1691600164087,-0.3661467,0.219,-0.476133,0,0,0,Maze4,const_contra_visual_no_audio,0
1691600164104,-0.3661467,0.219,-0.4845104,0,0,0,Maze4,const_contra_visual_no_audio,0
1691600164137,-0.3661467,0.219,-0.5011569,0,0,0,Maze4,const_contra_visual_no_audio,0
1691600164154,-0.3661467,0.219,-0.5094801,0,0,0,Maze4,const_contra_visual_no_audio,0
1691600164170,-0.3661467,0.219,-0.5178033,0,0,0,Maze4,const_contra_visual_no_audio,0
1691600164187,-0.3661467,0.219,-0.5261266,0,0,0,Maze4,const_contra_visual_no_audio,0
1691600164203,-0.3661467,0.219,-0.5344498,0,0,0,Maze4,const_contra_visual_no_audio,0
1691600164237,-0.3661467,0.219,-0.5511338,0,0,0,Maze4,const_contra_visual_no_audio,0
1691600164253,-0.3661467,0.219,-0.559457,0,0,0,Maze4,const_contra_visual_no_audio,0
1691600164270,-0.3661467,0.219,-0.5677803,0,0,0,Maze4,const_contra_visual_no_audio,0
1691600164287,-0.3661467,0.219,-0.5761034,0,0,0,Maze4,const_contra_visual_no_audio,0
1691600164303,-0.3661467,0.219,-0.5844611,0,0,0,Maze4,const_contra_visual_no_audio,0
1691600164337,-0.3661467,0.219,-0.6011218,0,0,0,Maze4,const_contra_visual_no_audio,0
1691600164353,-0.3661467,0.219,-0.609445,0,0,0,Maze4,const_contra_visual_no_audio,0
1691600164371,-0.3661467,0.219,-0.6177683,0,0,0,Maze4,const_contra_visual_no_audio,0
1691600164387,-0.3661467,0.219,-0.6260915,0,0,0,Maze4,const_contra_visual_no_audio,0
1691600164403,-0.3661467,0.219,-0.6344293,0,0,0,Maze4,const_contra_visual_no_audio,0
1691600164436,-0.3661467,0.219,-0.6511136,0,0,0,Maze4,const_contra_visual_no_audio,0
1691600164453,-0.3661467,0.219,-0.6594368,0,0,0,Maze4,const_contra_visual_no_audio,0
1691600164470,-0.3661467,0.219,-0.6677601,0,0,0,Maze4,const_contra_visual_no_audio,0
1691600164486,-0.3661467,0.219,-0.6761009,0,0,0,Maze4,const_contra_visual_no_audio,0
1691600164504,-0.3661467,0.219,-0.6844241,0,0,0,Maze4,const_contra_visual_no_audio,0
1691600164537,-0.3661467,0.219,-0.7010705,0,0,0,Maze4,const_contra_visual_no_audio,0
1691600164553,-0.3661467,0.219,-0.70941,0,0,0,Maze4,const_contra_visual_no_audio,0
1691600164570,-0.3661467,0.219,-0.7177901,0,0,0,Maze4,const_contra_visual_no_audio,0
1691600164587,-0.3661467,0.219,-0.7261133,0,0,0,Maze4,const_contra_visual_no_audio,0
1691600164603,-0.3661467,0.219,-0.7344365,0,0,0,Maze4,const_contra_visual_no_audio,0
1691600164637,-0.3661467,0.219,-0.751083,0,0,0,Maze4,const_contra_visual_no_audio,0
1691600164654,-0.3661467,0.219,-0.7594062,0,0,0,Maze4,const_contra_visual_no_audio,0
1691600164670,-0.3661467,0.219,-0.7677655,0,0,0,Maze4,const_contra_visual_no_audio,0
1691600164687,-0.3661467,0.219,-0.7760887,0,0,0,Maze4,const_contra_visual_no_audio,0
1691600164703,-0.3661467,0.219,-0.7844119,0,0,0,Maze4,const_contra_visual_no_audio,0
1691600164736,-0.3661467,0.219,-0.8010742,0,0,0,Maze4,const_contra_visual_no_audio,0
1691600164753,-0.3661467,0.219,-0.8093974,0,0,0,Maze4,const_contra_visual_no_audio,0
1691600164770,-0.3661467,0.219,-0.8177356,0,0,0,Maze4,const_contra_visual_no_audio,0
1691600164787,-0.3661467,0.219,-0.8260588,0,0,0,Maze4,const_contra_visual_no_audio,0
1691600164803,-0.3661467,0.219,-0.834398,0,0,0,Maze4,const_contra_visual_no_audio,0
1691600164836,-0.3661467,0.219,-0.8510444,0,0,0,Maze4,const_contra_visual_no_audio,0
1691600164853,-0.3661467,0.219,-0.8593677,0,0,0,Maze4,const_contra_visual_no_audio,0
1691600164870,-0.3661467,0.219,-0.8677142,0,0,0,Maze4,const_contra_visual_no_audio,0
1691600164887,-0.3661467,0.219,-0.8760374,0,0,0,Maze4,const_contra_visual_no_audio,0
1691600164904,-0.3661467,0.219,-0.8843951,0,0,0,Maze4,const_contra_visual_no_audio,0
1691600164936,-0.3661467,0.219,-0.9010416,0,0,0,Maze4,const_contra_visual_no_audio,0
1691600164953,-0.3661467,0.219,-0.9093648,0,0,0,Maze4,const_contra_visual_no_audio,0
1691600164970,-0.3661467,0.219,-0.9177133,0,0,0,Maze4,const_contra_visual_no_audio,0
1691600164986,-0.3661467,0.219,-0.9260457,0,0,0,Maze4,const_contra_visual_no_audio,0
1691600165003,-0.3661467,0.219,-0.9343866,0,0,0,Maze4,const_contra_visual_no_audio,0
1691600165036,-0.3661467,0.219,-0.951033,0,0,0,Maze4,const_contra_visual_no_audio,0
1691600165054,-0.3661467,0.219,-0.9593562,0,0,0,Maze4,const_contra_visual_no_audio,0
1691600165070,-0.3661467,0.219,-0.9676795,0,0,0,Maze4,const_contra_visual_no_audio,0
1691600165087,-0.3661467,0.219,-0.9760231,0,0,0,Maze4,const_contra_visual_no_audio,0
1691600165103,-0.3661467,0.219,-0.9843463,0,0,0,Maze4,const_contra_visual_no_audio,0
1691600165136,-0.3661467,0.219,-1.001019,0,0,0,Maze4,const_contra_visual_no_audio,0
1691600165153,-0.3661467,0.219,-1.009343,0,0,0,Maze4,const_contra_visual_no_audio,0
1691600165170,-0.3661467,0.219,-1.017691,0,0,0,Maze4,const_contra_visual_no_audio,0
1691600165186,-0.3661467,0.219,-1.026014,0,0,0,Maze4,const_contra_visual_no_audio,0
1691600165203,-0.3661467,0.219,-1.034337,0,0,0,Maze4,const_contra_visual_no_audio,0
1691600165237,-0.3661467,0.219,-1.051059,0,0,0,Maze4,const_contra_visual_no_audio,0
1691600165253,-0.3661467,0.219,-1.059382,0,0,0,Maze4,const_contra_visual_no_audio,0
1691600165270,-0.3661467,0.219,-1.067706,0,0,0,Maze4,const_contra_visual_no_audio,0
1691600165286,-0.3661467,0.219,-1.076029,0,0,0,Maze4,const_contra_visual_no_audio,0
1691600165303,-0.3661467,0.219,-1.084352,0,0,0,Maze4,const_contra_visual_no_audio,0
1691600165336,-0.3661467,0.219,-1.100999,0,0,0,Maze4,const_contra_visual_no_audio,0
1691600165353,-0.3661467,0.219,-1.109322,0,0,0,Maze4,const_contra_visual_no_audio,0
1691600165369,-0.3661467,0.219,-1.117683,0,0,0,Maze4,const_contra_visual_no_audio,0
1691600165386,-0.3661467,0.219,-1.126006,0,0,0,Maze4,const_contra_visual_no_audio,0
1691600165403,-0.3661467,0.219,-1.134329,0,0,0,Maze4,const_contra_visual_no_audio,0
1691600165436,-0.3661467,0.219,-1.150976,0,0,0,Maze4,const_contra_visual_no_audio,0
1691600165453,-0.3661467,0.219,-1.159326,0,0,0,Maze4,const_contra_visual_no_audio,0
1691600165469,-0.3661467,0.219,-1.16765,0,0,0,Maze4,const_contra_visual_no_audio,0
1691600165487,-0.3661467,0.219,-1.175973,0,0,0,Maze4,const_contra_visual_no_audio,0
1691600165504,-0.3661467,0.219,-1.184313,0,0,0,Maze4,const_contra_visual_no_audio,0
1691600165536,-0.3661467,0.219,-1.200983,0,0,0,Maze4,const_contra_visual_no_audio,0
1691600165554,-0.3661467,0.219,-1.209306,0,0,0,Maze4,const_contra_visual_no_audio,0
1691600165569,-0.3661467,0.219,-1.217629,0,0,0,Maze4,const_contra_visual_no_audio,0
1691600165587,-0.3661467,0.219,-1.225953,0,0,0,Maze4,const_contra_visual_no_audio,0
1691600165603,-0.3661467,0.219,-1.234304,0,0,0,Maze4,const_contra_visual_no_audio,0
1691600165636,-0.3661467,0.219,-1.250989,0,0,0,Maze4,const_contra_visual_no_audio,0
1691600165653,-0.3661467,0.219,-1.259312,0,0,0,Maze4,const_contra_visual_no_audio,0
1691600165670,-0.3661467,0.219,-1.267635,0,0,0,Maze4,const_contra_visual_no_audio,0
1691600165686,-0.3661467,0.219,-1.275959,0,0,0,Maze4,const_contra_visual_no_audio,0
1691600165703,-0.3661467,0.219,-1.284282,0,0,0,Maze4,const_contra_visual_no_audio,0
1691600165736,-0.3661467,0.219,-1.30097,0,0,0,Maze4,const_contra_visual_no_audio,0
1691600165753,-0.3661467,0.219,-1.309294,0,0,0,Maze4,const_contra_visual_no_audio,0
1691600165769,-0.3661467,0.219,-1.317632,0,0,0,Maze4,const_contra_visual_no_audio,0
1691600165787,-0.3661467,0.219,-1.325956,0,0,0,Maze4,const_contra_visual_no_audio,0
1691600165803,-0.3661467,0.219,-1.334279,0,0,0,Maze4,const_contra_visual_no_audio,0
1691600165836,-0.3661467,0.219,-1.35103,0,0,0,Maze4,const_contra_visual_no_audio,0
1691600165853,-0.3661467,0.219,-1.359353,0,0,0,Maze4,const_contra_visual_no_audio,0
1691600165870,-0.3661467,0.219,-1.367676,0,0,0,Maze4,const_contra_visual_no_audio,0
1691600165886,-0.3661467,0.219,-1.375999,0,0,0,Maze4,const_contra_visual_no_audio,0
1691600165903,-0.3661467,0.219,-1.384323,0,0,0,Maze4,const_contra_visual_no_audio,0
1691600165937,-0.3661467,0.219,-1.400969,0,0,0,Maze4,const_contra_visual_no_audio,0
1691600165953,-0.3661467,0.219,-1.409292,0,0,0,Maze4,const_contra_visual_no_audio,0
1691600165969,-0.3661467,0.219,-1.417615,0,0,0,Maze4,const_contra_visual_no_audio,0
1691600165987,-0.3661467,0.219,-1.425939,0,0,0,Maze4,const_contra_visual_no_audio,0
1691600166004,-0.3661467,0.219,-1.426435,0,0,0,Maze4,const_contra_visual_no_audio,1
1691600166036,-0.3661467,0.219,-1.426435,0,0,0,Maze4,const_contra_visual_no_audio,0
1691600166053,-0.3661467,0.219,-1.426435,0,0,0,Maze4,const_contra_visual_no_audio,0
1691600166069,-0.3661467,0.219,-1.426435,0,0,0,Maze4,const_contra_visual_no_audio,0
1691600166086,-0.3661467,0.219,-1.426435,0,0,0,Maze4,const_contra_visual_no_audio,0
1691600166103,-0.3661467,0.219,-1.426435,0,0,0,Maze4,const_contra_visual_no_audio,0
1691600166136,-0.3661467,0.219,-1.426435,0,0,0,Maze4,const_contra_visual_no_audio,0
1691600166153,-0.3661467,0.219,-1.426435,0,0,0,Maze4,const_contra_visual_no_audio,0
1691600166169,-0.3661467,0.219,-1.426435,0,0,0,Maze4,const_contra_visual_no_audio,0
1691600166186,-0.3661467,0.219,-1.426435,0,0,0,Maze4,const_contra_visual_no_audio,0
1691600166203,-0.3661467,0.219,-1.426435,0,0,0,Maze4,const_contra_visual_no_audio,0
1691600166236,-0.3661467,0.219,-1.426435,0,0,0,Maze4,const_contra_visual_no_audio,0
1691600166253,-0.3661467,0.219,-1.426435,0,0,0,Maze4,const_contra_visual_no_audio,0
1691600166269,-0.3661467,0.219,-1.426435,0,0,0,Maze4,const_contra_visual_no_audio,0
1691600166286,-0.3661467,0.219,-1.426435,0,0,0,Maze4,const_contra_visual_no_audio,0
1691600166303,-0.3661467,0.219,-1.426435,0,0,0,Maze4,const_contra_visual_no_audio,0
1691600166336,-0.3661467,0.219,-1.426435,0,0,0,Maze4,const_contra_visual_no_audio,0
1691600166353,-0.3661467,0.219,-1.426435,0,0,0,Maze4,const_contra_visual_no_audio,0
1691600166369,-0.3661467,0.219,-1.426435,0,0,0,Maze4,const_contra_visual_no_audio,0
1691600166386,-0.3661467,0.219,-1.426435,0,0,0,Maze4,const_contra_visual_no_audio,0
1691600166403,-0.3661467,0.219,-1.426435,0,0,0,Maze4,const_contra_visual_no_audio,0
1691600166436,-0.3661467,0.219,-1.426435,0,0,0,Maze4,const_contra_visual_no_audio,0
1691600166453,-0.3661467,0.219,-1.426435,0,0,0,Maze4,const_contra_visual_no_audio,0
1691600166469,-0.3661467,0.219,-1.426435,0,0,0,Maze4,const_contra_visual_no_audio,0
1691600166487,-0.3661467,0.219,-1.426435,0,0,0,Maze4,const_contra_visual_no_audio,0
1691600166502,-0.3661467,0.219,-1.426435,0,0,0,Maze4,const_contra_visual_no_audio,0
1691600166537,-0.3661467,0.219,-1.426435,0,0,0,Maze4,const_contra_visual_no_audio,0
1691600166553,-0.3661467,0.219,-1.426435,0,0,0,Maze4,const_contra_visual_no_audio,0
1691600166569,-0.3661467,0.219,-1.426435,0,0,0,Maze4,const_contra_visual_no_audio,0
1691600166586,-0.3661467,0.219,-1.426435,0,0,0,Maze4,const_contra_visual_no_audio,0
1691600166603,-0.3661467,0.219,-1.426435,0,0,0,Maze4,const_contra_visual_no_audio,0
1691600166636,-0.3661467,0.219,-1.426435,0,0,0,Maze4,const_contra_visual_no_audio,0
1691600166653,-0.3661467,0.219,-1.426435,0,0,0,Maze4,const_contra_visual_no_audio,0
1691600166669,-0.3661467,0.219,-1.426435,0,0,0,Maze4,const_contra_visual_no_audio,0
1691600166687,-0.3661467,0.219,-1.426435,0,0,0,Maze4,const_contra_visual_no_audio,0
1691600166703,-0.3661467,0.219,-1.426435,0,0,0,Maze4,const_contra_visual_no_audio,0
1691600166736,-0.3661467,0.219,-1.426435,0,0,0,Maze4,const_contra_visual_no_audio,0
1691600166753,-0.3661467,0.219,-1.426435,0,0,0,Maze4,const_contra_visual_no_audio,0
1691600166769,-0.3661467,0.219,-1.426435,0,0,0,Maze4,const_contra_visual_no_audio,0
1691600166786,-0.3661467,0.219,-1.426435,0,0,0,Maze4,const_contra_visual_no_audio,0
1691600166803,-0.3661467,0.219,-1.426435,0,0,0,Maze4,const_contra_visual_no_audio,0
1691600166836,-0.3661467,0.219,-1.426435,0,0,0,Maze4,const_contra_visual_no_audio,0
1691600166853,-0.3661467,0.219,-1.426435,0,0,0,Maze4,const_contra_visual_no_audio,0
1691600166869,-0.3661467,0.219,-1.426435,0,0,0,Maze4,const_contra_visual_no_audio,0
1691600166886,-0.3661467,0.219,-1.426435,0,0,0,Maze4,const_contra_visual_no_audio,0
1691600166902,-0.3661467,0.219,-1.426435,0,0,0,Maze4,const_contra_visual_no_audio,0
1691600166936,-0.3661467,0.219,-1.426435,0,0,0,Maze4,const_contra_visual_no_audio,0
1691600166952,-0.3661467,0.219,-1.426435,0,0,0,Maze4,const_contra_visual_no_audio,0
1691600166969,-0.3661467,0.219,-1.426435,0,0,0,Maze4,const_contra_visual_no_audio,0
1691600166986,-0.3661467,0.219,-1.426435,0,0,0,Maze4,const_contra_visual_no_audio,0
1691600167003,-0.3661467,0.219,-1.426435,0,0,0,Maze4,const_contra_visual_no_audio,0
1691600167036,-0.3661467,0.219,-1.426435,0,0,0,Maze4,const_contra_visual_no_audio,0
1691600167603,0.62,0.219,0.83,0,0,0,Maze3,const_contra_visual_rotation,6
1691600167619,0.62,0.219,0.83,0,0,0,Maze3,const_contra_visual_rotation,0
1691600167636,0.62,0.219,0.83,0,0,0,Maze3,const_contra_visual_rotation,0
1691600167653,0.62,0.219,0.83,0,0,0,Maze3,const_contra_visual_rotation,0
1691600167686,0.62,0.219,0.83,0,0,0,Maze3,const_contra_visual_rotation,0
1691600167703,0.62,0.219,0.83,0,0,0,Maze3,const_contra_visual_rotation,0
1691600167719,0.62,0.219,0.83,0,0,0,Maze3,const_contra_visual_rotation,0
1691600167736,0.62,0.219,0.83,0,0,0,Maze3,const_contra_visual_rotation,0
1691600167753,0.62,0.219,0.83,0,0,0,Maze3,const_contra_visual_rotation,0
1691600167786,0.62,0.219,0.83,0,0,0,Maze3,const_contra_visual_rotation,0
1691600167802,0.62,0.219,0.83,0,0,0,Maze3,const_contra_visual_rotation,0
1691600167819,0.62,0.219,0.83,0,0,0,Maze3,const_contra_visual_rotation,0
1691600167836,0.62,0.219,0.83,0,0,0,Maze3,const_contra_visual_rotation,0
1691600167852,0.62,0.219,0.83,0,0,0,Maze3,const_contra_visual_rotation,0
1691600167885,0.62,0.219,0.83,0,0,0,Maze3,const_contra_visual_rotation,0
1691600167902,0.62,0.219,0.83,0,0,0,Maze3,const_contra_visual_rotation,0
1691600167919,0.62,0.219,0.83,0,0,0,Maze3,const_contra_visual_rotation,0
1691600167936,0.62,0.219,0.83,0,0,0,Maze3,const_contra_visual_rotation,0
1691600167953,0.62,0.219,0.83,0,0,0,Maze3,const_contra_visual_rotation,0
1691600167986,0.62,0.219,0.83,0,0,0,Maze3,const_contra_visual_rotation,0
1691600168003,0.62,0.219,0.83,0,0,0,Maze3,const_contra_visual_rotation,0
1691600168019,0.62,0.219,0.83,0,0,0,Maze3,const_contra_visual_rotation,0
1691600168036,0.62,0.219,0.83,0,0,0,Maze3,const_contra_visual_rotation,0
1691600168053,0.62,0.219,0.83,0,0,0,Maze3,const_contra_visual_rotation,0
1691600168085,0.62,0.219,0.83,0,0,0,Maze3,const_contra_visual_rotation,0
1691600168102,0.62,0.219,0.83,0,0,0,Maze3,const_contra_visual_rotation,0
1691600168119,0.62,0.219,0.83,0,0,0,Maze3,const_contra_visual_rotation,0
1691600168136,0.62,0.219,0.83,0,0,0,Maze3,const_contra_visual_rotation,0
1691600168153,0.62,0.219,0.83,0,0,0,Maze3,const_contra_visual_rotation,0
1691600168185,0.62,0.219,0.83,0,0,0,Maze3,const_contra_visual_rotation,0
1691600168203,0.62,0.219,0.83,0,0,0,Maze3,const_contra_visual_rotation,0
1691600168219,0.62,0.219,0.83,0,0,0,Maze3,const_contra_visual_rotation,0
1691600168236,0.62,0.219,0.83,0,0,0,Maze3,const_contra_visual_rotation,0
1691600168253,0.62,0.219,0.83,0,0,0,Maze3,const_contra_visual_rotation,0
1691600168286,0.62,0.219,0.83,0,0,0,Maze3,const_contra_visual_rotation,0
1691600168302,0.62,0.219,0.83,0,0,0,Maze3,const_contra_visual_rotation,0
1691600168319,0.62,0.219,0.83,0,0,0,Maze3,const_contra_visual_rotation,0
1691600168336,0.62,0.219,0.83,0,0,0,Maze3,const_contra_visual_rotation,0
1691600168353,0.62,0.219,0.83,0,0,0,Maze3,const_contra_visual_rotation,0
1691600168386,0.62,0.219,0.83,0,0,0,Maze3,const_contra_visual_rotation,0
1691600168402,0.62,0.219,0.83,0,0,0,Maze3,const_contra_visual_rotation,0
1691600168419,0.62,0.219,0.83,0,0,0,Maze3,const_contra_visual_rotation,0
1691600168436,0.62,0.219,0.83,0,0,0,Maze3,const_contra_visual_rotation,0
1691600168453,0.62,0.219,0.83,0,0,0,Maze3,const_contra_visual_rotation,0
1691600168485,0.62,0.219,0.83,0,0,0,Maze3,const_contra_visual_rotation,0
1691600168502,0.62,0.219,0.83,0,0,0,Maze3,const_contra_visual_rotation,0
1691600168518,0.62,0.219,0.83,0,0,0,Maze3,const_contra_visual_rotation,0
1691600168535,0.62,0.219,0.83,0,0,0,Maze3,const_contra_visual_rotation,0
1691600168552,0.62,0.219,0.83,0,0,0,Maze3,const_contra_visual_rotation,0
1691600168585,0.62,0.219,0.83,0,0,0,Maze3,const_contra_visual_rotation,0
1691600168603,0.62,0.219,0.83,0,0,0,Maze3,const_contra_visual_rotation,0
1691600168619,0.62,0.219,0.83,0,0,0,Maze3,const_contra_visual_rotation,0
1691600168636,0.62,0.219,0.83,0,0,0,Maze3,const_contra_visual_rotation,0
1691600168653,0.62,0.219,0.83,0,0,0,Maze3,const_contra_visual_rotation,0
1691600168686,0.62,0.219,0.83,0,0,0,Maze3,const_contra_visual_rotation,0
1691600168702,0.62,0.219,0.83,0,0,0,Maze3,const_contra_visual_rotation,0
1691600168719,0.62,0.219,0.83,0,0,0,Maze3,const_contra_visual_rotation,0
1691600168735,0.62,0.219,0.83,0,0,0,Maze3,const_contra_visual_rotation,0
1691600168753,0.62,0.219,0.83,0,0,0,Maze3,const_contra_visual_rotation,0
1691600168785,0.62,0.219,0.83,0,0,0,Maze3,const_contra_visual_rotation,0
1691600168802,0.62,0.219,0.83,0,0,0,Maze3,const_contra_visual_rotation,0
1691600168819,0.62,0.219,0.83,0,0,0,Maze3,const_contra_visual_rotation,0
1691600168835,0.62,0.219,0.83,0,0,0,Maze3,const_contra_visual_rotation,0
1691600168853,0.62,0.219,0.83,0,0,0,Maze3,const_contra_visual_rotation,0
1691600169503,0.62,0.219,-1.23,0,0,0,Maze1,const_contra_visual_no_audio,6
1691600169519,0.62,0.219,-1.23,0,0,0,Maze1,const_contra_visual_no_audio,0
1691600169535,0.62,0.219,-1.23,0,0,0,Maze1,const_contra_visual_no_audio,0
1691600169552,0.62,0.219,-1.23,0,0,0,Maze1,const_contra_visual_no_audio,0
1691600169568,0.62,0.219,-1.23,0,0,0,Maze1,const_contra_visual_no_audio,0
1691600169602,0.62,0.219,-1.23,0,0,0,Maze1,const_contra_visual_no_audio,0
1691600169618,0.62,0.219,-1.23,0,0,0,Maze1,const_contra_visual_no_audio,0
1691600169635,0.62,0.219,-1.23,0,0,0,Maze1,const_contra_visual_no_audio,0
1691600169652,0.62,0.219,-1.23,0,0,0,Maze1,const_contra_visual_no_audio,0
1691600169669,0.62,0.219,-1.23,0,0,0,Maze1,const_contra_visual_no_audio,0
1691600169702,0.62,0.219,-1.23,0,0,0,Maze1,const_contra_visual_no_audio,0
1691600169719,0.62,0.219,-1.23,0,0,0,Maze1,const_contra_visual_no_audio,0
1691600169736,0.62,0.219,-1.23,0,0,0,Maze1,const_contra_visual_no_audio,0
1691600169752,0.62,0.219,-1.23,0,0,0,Maze1,const_contra_visual_no_audio,0
1691600169769,0.62,0.219,-1.23,0,0,0,Maze1,const_contra_visual_no_audio,0
1691600169802,0.62,0.219,-1.23,0,0,0,Maze1,const_contra_visual_no_audio,0
1691600169818,0.62,0.219,-1.23,0,0,0,Maze1,const_contra_visual_no_audio,0
1691600169835,0.62,0.219,-1.23,0,0,0,Maze1,const_contra_visual_no_audio,0
1691600169869,0.62,0.219,-1.23,0,0,0,Maze1,const_contra_visual_no_audio,0
1691600169871,0.62,0.219,-1.23,0,0,0,Maze1,const_contra_visual_no_audio,0
1691600169902,0.62,0.219,-1.23,0,0,0,Maze1,const_contra_visual_no_audio,0
1691600169919,0.62,0.219,-1.23,0,0,0,Maze1,const_contra_visual_no_audio,0
1691600169935,0.62,0.219,-1.23,0,0,0,Maze1,const_contra_visual_no_audio,0
1691600169952,0.62,0.219,-1.23,0,0,0,Maze1,const_contra_visual_no_audio,0
1691600169968,0.62,0.219,-1.23,0,0,0,Maze1,const_contra_visual_no_audio,0
1691600170002,0.62,0.219,-1.23,0,0,0,Maze1,const_contra_visual_no_audio,0
1691600170019,0.62,0.219,-1.23,0,0,0,Maze1,const_contra_visual_no_audio,0
1691600170035,0.62,0.219,-1.23,0,0,0,Maze1,const_contra_visual_no_audio,0
1691600170052,0.62,0.219,-1.23,0,0,0,Maze1,const_contra_visual_no_audio,0
1691600170068,0.62,0.219,-1.23,0,0,0,Maze1,const_contra_visual_no_audio,0
1691600170102,0.62,0.219,-1.23,0,0,0,Maze1,const_contra_visual_no_audio,0
1691600170118,0.62,0.219,-1.23,0,0,0,Maze1,const_contra_visual_no_audio,0
1691600170135,0.62,0.219,-1.23,0,0,0,Maze1,const_contra_visual_no_audio,0
1691600170152,0.62,0.219,-1.23,0,0,0,Maze1,const_contra_visual_no_audio,0
1691600170168,0.62,0.219,-1.23,0,0,0,Maze1,const_contra_visual_no_audio,0
1691600170202,0.62,0.219,-1.23,0,0,0,Maze1,const_contra_visual_no_audio,0
1691600170219,0.62,0.219,-1.23,0,0,0,Maze1,const_contra_visual_no_audio,0
1691600170236,0.62,0.219,-1.23,0,0,0,Maze1,const_contra_visual_no_audio,0
1691600170251,0.62,0.219,-1.23,0,0,0,Maze1,const_contra_visual_no_audio,0
1691600170268,0.62,0.219,-1.23,0,0,0,Maze1,const_contra_visual_no_audio,0
1691600170302,0.62,0.219,-1.23,0,0,0,Maze1,const_contra_visual_no_audio,0
1691600170318,0.62,0.219,-1.23,0,0,0,Maze1,const_contra_visual_no_audio,0
1691600170335,0.62,0.219,-1.23,0,0,0,Maze1,const_contra_visual_no_audio,0
1691600170351,0.62,0.219,-1.23,0,0,0,Maze1,const_contra_visual_no_audio,0
1691600170368,0.62,0.219,-1.23,0,0,0,Maze1,const_contra_visual_no_audio,0
1691600170402,0.62,0.219,-1.23,0,0,0,Maze1,const_contra_visual_no_audio,0
1691600170418,0.62,0.219,-1.23,0,0,0,Maze1,const_contra_visual_no_audio,0
1691600170435,0.62,0.219,-1.23,0,0,0,Maze1,const_contra_visual_no_audio,0
1691600170452,0.62,0.219,-1.23,0,0,0,Maze1,const_contra_visual_no_audio,0
1691600170468,0.62,0.219,-1.23,0,0,0,Maze1,const_contra_visual_no_audio,0
1691600170502,0.62,0.219,-1.23,0,0,0,Maze1,const_contra_visual_no_audio,0
1691600170519,0.62,0.219,-1.23,0,0,0,Maze1,const_contra_visual_no_audio,0
1691600170535,0.62,0.219,-1.23,0,0,0,Maze1,const_contra_visual_no_audio,0
1691600170552,0.62,0.219,-1.23,0,0,0,Maze1,const_contra_visual_no_audio,0
1691600170568,0.62,0.219,-1.23,0,0,0,Maze1,const_contra_visual_no_audio,0
1691600170602,0.62,0.219,-1.23,0,0,0,Maze1,const_contra_visual_no_audio,0
1691600170618,0.62,0.219,-1.23,0,0,0,Maze1,const_contra_visual_no_audio,0
1691600170635,0.62,0.219,-1.23,0,0,0,Maze1,const_contra_visual_no_audio,0
1691600170653,0.62,0.219,-1.23,0,0,0,Maze1,const_contra_visual_no_audio,0
1691600170668,0.62,0.219,-1.23,0,0,0,Maze1,const_contra_visual_no_audio,0
1691600170702,0.62,0.219,-1.23,0,0,0,Maze1,const_contra_visual_no_audio,0
1691600170718,0.62,0.219,-1.23,0,0,0,Maze1,const_contra_visual_no_audio,0
1691600170735,0.62,0.219,-1.23,0,0,0,Maze1,const_contra_visual_no_audio,0
1691600170753,0.62,0.219,-1.23,0,0,0,Maze1,const_contra_visual_no_audio,0
1691600170768,0.62,0.219,-1.23,0,0,0,Maze1,const_contra_visual_no_audio,0
