time,x,y,z,rx,ry,rz,maze_type,condition,collision_status
1691600633682,0.62,0.219,-1.23,0,0,0,Maze1,const_contra_visual_rotation,6
1691600633713,0.62,0.219,-1.23,0,0,0,Maze1,const_contra_visual_rotation,0
1691600633738,0.62,0.219,-1.23,0,0,0,Maze1,const_contra_visual_rotation,0
1691600633739,0.62,0.219,-1.23,0,0,0,Maze1,const_contra_visual_rotation,0
1691600633739,0.62,0.219,-1.23,0,0,0,Maze1,const_contra_visual_rotation,0
1691600633754,0.62,0.219,-1.23,0,0,0,Maze1,const_contra_visual_rotation,0
1691600633789,0.62,0.219,-1.23,0,0,0,Maze1,const_contra_visual_rotation,0
1691600633805,0.62,0.219,-1.23,0,0,0,Maze1,const_contra_visual_rotation,0
1691600633822,0.62,0.219,-1.23,0,0,0,Maze1,const_contra_visual_rotation,0
1691600633838,0.62,0.219,-1.23,0,0,0,Maze1,const_contra_visual_rotation,0
1691600633854,0.62,0.219,-1.23,0,0,0,Maze1,const_contra_visual_rotation,0
1691600633871,0.62,0.219,-1.23,0,0,0,Maze1,const_contra_visual_rotation,0
1691600633905,0.62,0.219,-1.23,0,0,0,Maze1,const_contra_visual_rotation,0
1691600633922,0.62,0.219,-1.23,0,0,0,Maze1,const_contra_visual_rotation,0
1691600633938,0.62,0.219,-1.23,0,0,0,Maze1,const_contra_visual_rotation,0
1691600633955,0.62,0.219,-1.23,0,0,0,Maze1,const_contra_visual_rotation,0
1691600633990,0.62,0.219,-1.23,0,0,0,Maze1,const_contra_visual_rotation,0
1691600634005,0.62,0.219,-1.23,0,0,0,Maze1,const_contra_visual_rotation,0
1691600634021,0.62,0.219,-1.23,0,0,0,Maze1,const_contra_visual_rotation,0
1691600634038,0.62,0.219,-1.23,0,0,0,Maze1,const_contra_visual_rotation,0
1691600634055,0.62,0.219,-1.23,0,0,0,Maze1,const_contra_visual_rotation,0
1691600634088,0.62,0.219,-1.23,0,0,0,Maze1,const_contra_visual_rotation,0
1691600634106,0.62,0.219,-1.23,0,0,0,Maze1,const_contra_visual_rotation,0
1691600634122,0.62,0.219,-1.23,0,0,0,Maze1,const_contra_visual_rotation,0
1691600634139,0.62,0.219,-1.23,0,0,0,Maze1,const_contra_visual_rotation,0
1691600634155,0.62,0.219,-1.23,0,0,0,Maze1,const_contra_visual_rotation,0
1691600634188,0.62,0.219,-1.23,0,0,0,Maze1,const_contra_visual_rotation,0
1691600634204,0.62,0.219,-1.23,0,0,0,Maze1,const_contra_visual_rotation,0
1691600634222,0.62,0.219,-1.23,0,0,0,Maze1,const_contra_visual_rotation,0
1691600634239,0.62,0.219,-1.23,0,0,0,Maze1,const_contra_visual_rotation,0
1691600634255,0.62,0.219,-1.23,0,0,0,Maze1,const_contra_visual_rotation,0
1691600634287,0.62,0.219,-1.23,0,0,0,Maze1,const_contra_visual_rotation,0
1691600634304,0.62,0.219,-1.23,0,0,0,Maze1,const_contra_visual_rotation,0
1691600634321,0.62,0.219,-1.23,0,0,0,Maze1,const_contra_visual_rotation,0
1691600634337,0.62,0.219,-1.23,0,0,0,Maze1,const_contra_visual_rotation,0
1691600634353,0.62,0.219,-1.23,0,0,0,Maze1,const_contra_visual_rotation,0
1691600634388,0.62,0.219,-1.23,0,0,0,Maze1,const_contra_visual_rotation,0
1691600634405,0.62,0.219,-1.23,0,0,0,Maze1,const_contra_visual_rotation,0
1691600634421,0.62,0.219,-1.23,0,0,0,Maze1,const_contra_visual_rotation,0
1691600634439,0.62,0.219,-1.23,0,0,0,Maze1,const_contra_visual_rotation,0
1691600634453,0.62,0.219,-1.23,0,0,0,Maze1,const_contra_visual_rotation,0
1691600634488,0.62,0.219,-1.23,0,0,0,Maze1,const_contra_visual_rotation,0
1691600634505,0.62,0.219,-1.23,0,0,0,Maze1,const_contra_visual_rotation,0
1691600634522,0.62,0.219,-1.23,0,0,0,Maze1,const_contra_visual_rotation,0
1691600634537,0.62,0.219,-1.23,0,0,0,Maze1,const_contra_visual_rotation,0
1691600634555,0.62,0.219,-1.23,0,0,0,Maze1,const_contra_visual_rotation,0
1691600634588,0.62,0.219,-1.23,0,0,0,Maze1,const_contra_visual_rotation,0
1691600634604,0.62,0.219,-1.23,0,0,0,Maze1,const_contra_visual_rotation,0
1691600634620,0.62,0.219,-1.23,0,0,0,Maze1,const_contra_visual_rotation,0
1691600634637,0.62,0.219,-1.23,0,0,0,Maze1,const_contra_visual_rotation,0
1691600634654,0.62,0.219,-1.23,0,0,0,Maze1,const_contra_visual_rotation,0
1691600634687,0.62,0.219,-1.23,0,0,0,Maze1,const_contra_visual_rotation,0
1691600634704,0.62,0.219,-1.23,0,0,0,Maze1,const_contra_visual_rotation,0
1691600634723,0.62,0.219,-1.23,0,0,0,Maze1,const_contra_visual_rotation,0
1691600634739,0.62,0.219,-1.23,0,0,0,Maze1,const_contra_visual_rotation,0
1691600634754,0.62,0.219,-1.23,0,0,0,Maze1,const_contra_visual_rotation,0
1691600634789,0.62,0.219,-1.23,0,0,0,Maze1,const_contra_visual_rotation,0
1691600634805,0.62,0.219,-1.23,0,0,0,Maze1,const_contra_visual_rotation,0
1691600634821,0.6195832,0.219,-1.23,0,0,0,Maze1,const_contra_visual_rotation,0
1691600634837,0.6187513,0.219,-1.23,0,0,0,Maze1,const_contra_visual_rotation,0
1691600634855,0.6175008,0.219,-1.23,0,0,0,Maze1,const_contra_visual_rotation,0
1691600634887,0.6137498,0.219,-1.23,0,0,0,Maze1,const_contra_visual_rotation,0
1691600634905,0.6112533,0.219,-1.23,0,0,0,Maze1,const_contra_visual_rotation,0
1691600634921,0.6083411,0.219,-1.23,0,0,0,Maze1,const_contra_visual_rotation,0
1691600634937,0.6050038,0.219,-1.23,0,0,0,Maze1,const_contra_visual_rotation,0
1691600634954,0.6012593,0.219,-1.23,0,0,0,Maze1,const_contra_visual_rotation,0
1691600634987,0.5925093,0.219,-1.23,0,0,0,Maze1,const_contra_visual_rotation,0
1691600635005,0.5875166,0.219,-1.23,0,0,0,Maze1,const_contra_visual_rotation,0
1691600635022,0.5820779,0.219,-1.23,0,0,0,Maze1,const_contra_visual_rotation,0
1691600635038,0.5762518,0.219,-1.23,0,0,0,Maze1,const_contra_visual_rotation,0
1691600635054,0.57001,0.219,-1.23,0,0,0,Maze1,const_contra_visual_rotation,0
1691600635088,0.5562794,0.219,-1.23,0,0,0,Maze1,const_contra_visual_rotation,0
1691600635103,0.5487907,0.219,-1.23,0,0,0,Maze1,const_contra_visual_rotation,0
1691600635121,0.5408863,0.219,-1.23,0,0,0,Maze1,const_contra_visual_rotation,0
1691600635138,0.5325309,0.219,-1.23,0,0,0,Maze1,const_contra_visual_rotation,0
1691600635154,0.5242077,0.219,-1.23,0,0,0,Maze1,const_contra_visual_rotation,0
1691600635187,0.5075511,0.219,-1.23,0,0,0,Maze1,const_contra_visual_rotation,0
1691600635204,0.4991995,0.219,-1.23,0,0,0,Maze1,const_contra_visual_rotation,0
1691600635221,0.4908568,0.219,-1.23,0,0,0,Maze1,const_contra_visual_rotation,0
1691600635238,0.4825336,0.219,-1.23,0,0,0,Maze1,const_contra_visual_rotation,0
1691600635254,0.4742104,0.219,-1.23,0,0,0,Maze1,const_contra_visual_rotation,0
1691600635288,0.4575486,0.219,-1.23,0,0,0,Maze1,const_contra_visual_rotation,0
1691600635304,0.4492253,0.219,-1.23,0,0,0,Maze1,const_contra_visual_rotation,0
1691600635321,0.4408769,0.219,-1.23,0,0,0,Maze1,const_contra_visual_rotation,0
1691600635338,0.4325451,0.219,-1.23,0,0,0,Maze1,const_contra_visual_rotation,0
1691600635354,0.4242219,0.219,-1.23,0,0,0,Maze1,const_contra_visual_rotation,0
1691600635387,0.4075755,0.219,-1.23,0,0,0,Maze1,const_contra_visual_rotation,0
1691600635403,0.3992357,0.219,-1.23,0,0,0,Maze1,const_contra_visual_rotation,0
1691600635421,0.3909124,0.219,-1.23,0,0,0,Maze1,const_contra_visual_rotation,0
1691600635438,0.3825537,0.219,-1.23,0,0,0,Maze1,const_contra_visual_rotation,0
1691600635454,0.3742304,0.219,-1.23,0,0,0,Maze1,const_contra_visual_rotation,0
1691600635489,0.357584,0.219,-1.23,0,0,0,Maze1,const_contra_visual_rotation,0
1691600635504,0.3492501,0.219,-1.23,0,0,0,Maze1,const_contra_visual_rotation,0
1691600635521,0.3409269,0.219,-1.23,0,0,0,Maze1,const_contra_visual_rotation,0
1691600635537,0.3325779,0.219,-1.23,0,0,0,Maze1,const_contra_visual_rotation,0
1691600635554,0.3242546,0.219,-1.23,0,0,0,Maze1,const_contra_visual_rotation,0
1691600635587,0.3075701,0.219,-1.23,0,0,0,Maze1,const_contra_visual_rotation,0
1691600635604,0.2992469,0.219,-1.23,0,0,0,Maze1,const_contra_visual_rotation,0
1691600635621,0.2909237,0.219,-1.23,0,0,0,Maze1,const_contra_visual_rotation,0
1691600635637,0.2825865,0.219,-1.23,0,0,0,Maze1,const_contra_visual_rotation,0
1691600635654,0.2742633,0.219,-1.23,0,0,0,Maze1,const_contra_visual_rotation,0
1691600635692,0.2575901,0.219,-1.23,0,0,0,Maze1,const_contra_visual_rotation,0
1691600635704,0.2492405,0.219,-1.23,0,0,0,Maze1,const_contra_visual_rotation,0
1691600635721,0.2409172,0.219,-1.23,0,0,0,Maze1,const_contra_visual_rotation,0
1691600635737,0.232594,0.219,-1.23,0,0,0,Maze1,const_contra_visual_rotation,0
1691600635755,0.2242548,0.219,-1.23,0,0,0,Maze1,const_contra_visual_rotation,0
1691600635787,0.2075782,0.219,-1.23,0,0,0,Maze1,const_contra_visual_rotation,0
1691600635804,0.199255,0.219,-1.23,0,0,0,Maze1,const_contra_visual_rotation,0
1691600635821,0.190908,0.219,-1.23,0,0,0,Maze1,const_contra_visual_rotation,0
1691600635837,0.1825847,0.219,-1.23,0,0,0,Maze1,const_contra_visual_rotation,0
1691600635854,0.1742615,0.219,-1.23,0,0,0,Maze1,const_contra_visual_rotation,0
1691600635888,0.157615,0.219,-1.23,0,0,0,Maze1,const_contra_visual_rotation,0
1691600635903,0.149273,0.219,-1.23,0,0,0,Maze1,const_contra_visual_rotation,0
1691600635921,0.1409498,0.219,-1.23,0,0,0,Maze1,const_contra_visual_rotation,0
1691600635937,0.1325967,0.219,-1.23,0,0,0,Maze1,const_contra_visual_rotation,0
1691600635953,0.1242735,0.219,-1.23,0,0,0,Maze1,const_contra_visual_rotation,0
1691600635987,0.107627,0.219,-1.23,0,0,0,Maze1,const_contra_visual_rotation,0
1691600636004,0.09930378,0.219,-1.23,0,0,0,Maze1,const_contra_visual_rotation,0
1691600636020,0.09095204,0.219,-1.23,0,0,0,Maze1,const_contra_visual_rotation,0
1691600636037,0.08262881,0.219,-1.23,0,0,0,Maze1,const_contra_visual_rotation,0
1691600636054,0.07430558,0.219,-1.23,0,0,0,Maze1,const_contra_visual_rotation,0
1691600636087,0.05803734,0.219,-1.23,0,0,0,Maze1,const_contra_visual_rotation,0
1691600636104,0.05054683,0.219,-1.23,0,0,0,Maze1,const_contra_visual_rotation,0
1691600636120,0.04347197,0.219,-1.23,0,0,0,Maze1,const_contra_visual_rotation,0
1691600636137,0.03681277,0.219,-1.23,0,0,0,Maze1,const_contra_visual_rotation,0
1691600636154,0.03055796,0.219,-1.23,0,0,0,Maze1,const_contra_visual_rotation,0
1691600636188,0.019314,0.219,-1.23,0,0,0,Maze1,const_contra_visual_rotation,0
1691600636204,0.01431869,0.219,-1.23,0,0,0,Maze1,const_contra_visual_rotation,0
1691600636221,0.009721263,0.219,-1.23,0,0,0,Maze1,const_contra_visual_rotation,0
1691600636237,0.005559034,0.219,-1.23,0,0,0,Maze1,const_contra_visual_rotation,0
1691600636254,0.00180764,0.219,-1.23,0,0,0,Maze1,const_contra_visual_rotation,0
1691600636287,-0.004443373,0.219,-1.23,0,0,0,Maze1,const_contra_visual_rotation,0
1691600636304,-0.00694137,0.219,-1.23,0,0,0,Maze1,const_contra_visual_rotation,0
1691600636321,-0.00902371,0.219,-1.23,0,0,0,Maze1,const_contra_visual_rotation,0
1691600636337,-0.01069039,0.219,-1.23,0,0,0,Maze1,const_contra_visual_rotation,0
1691600636353,-0.01194362,0.219,-1.23,0,0,0,Maze1,const_contra_visual_rotation,0
1691600636387,-0.01319651,0.219,-1.23,0,0,0,Maze1,const_contra_visual_rotation,0
1691600636403,-0.01319651,0.219,-1.23,0,0,0,Maze1,const_contra_visual_rotation,0
1691600636421,-0.01319651,0.219,-1.23,0,0,0,Maze1,const_contra_visual_rotation,0
1691600636437,-0.01319651,0.219,-1.23,0,0,0,Maze1,const_contra_visual_rotation,0
1691600636454,-0.01319651,0.219,-1.23,0,0,0,Maze1,const_contra_visual_rotation,0
1691600636488,-0.01319651,0.219,-1.23,0,0,0,Maze1,const_contra_visual_rotation,0
1691600636504,-0.01319651,0.219,-1.23,0,0,0,Maze1,const_contra_visual_rotation,0
1691600636521,-0.01319651,0.219,-1.23,0,0,0,Maze1,const_contra_visual_rotation,0
1691600636537,-0.01319651,0.219,-1.23,0,0,0,Maze1,const_contra_visual_rotation,0
1691600636554,-0.01319651,0.219,-1.23,0,0,0,Maze1,const_contra_visual_rotation,0
1691600636587,-0.01319651,0.219,-1.23,0,0,0,Maze1,const_contra_visual_rotation,0
1691600636603,-0.01319651,0.219,-1.23,0,0,0,Maze1,const_contra_visual_rotation,0
1691600636621,-0.01319651,0.219,-1.23,0,0,0,Maze1,const_contra_visual_rotation,0
1691600636638,-0.01319651,0.219,-1.23,0,0,0,Maze1,const_contra_visual_rotation,0
1691600636654,-0.01319651,0.219,-1.23,0,0,0,Maze1,const_contra_visual_rotation,0
1691600636687,-0.01319651,0.219,-1.23,0,0,0,Maze1,const_contra_visual_rotation,0
1691600636704,-0.01319651,0.219,-1.23,0,0,0,Maze1,const_contra_visual_rotation,0
1691600636721,-0.01319651,0.219,-1.23,0,0,0,Maze1,const_contra_visual_rotation,0
1691600636738,-0.01319651,0.219,-1.23,0,0,0,Maze1,const_contra_visual_rotation,0
1691600636753,-0.01319651,0.219,-1.23,0,0,0,Maze1,const_contra_visual_rotation,0
1691600636787,-0.01319651,0.219,-1.23,0,0,0,Maze1,const_contra_visual_rotation,0
1691600636803,-0.01319651,0.219,-1.23,0,0,0,Maze1,const_contra_visual_rotation,0
1691600636820,-0.01319651,0.219,-1.23,0,0,0,Maze1,const_contra_visual_rotation,0
1691600636837,-0.01319651,0.219,-1.23,0,0,0,Maze1,const_contra_visual_rotation,0
1691600636854,-0.01319651,0.219,-1.23,0,0,0,Maze1,const_contra_visual_rotation,0
1691600636887,-0.01319651,0.219,-1.23,0,0,0,Maze1,const_contra_visual_rotation,0
1691600636903,-0.01319651,0.219,-1.23,0,0,0,Maze1,const_contra_visual_rotation,0
1691600636920,-0.01319651,0.219,-1.23,0,0,0,Maze1,const_contra_visual_rotation,0
1691600636937,-0.01319651,0.219,-1.23,0,0,0,Maze1,const_contra_visual_rotation,0
1691600636954,-0.01319651,0.219,-1.23,0,0,0,Maze1,const_contra_visual_rotation,0
1691600636988,-0.01444349,0.219,-1.23,0,0,0,Maze1,const_contra_visual_rotation,0
1691600637003,-0.01569046,0.219,-1.23,0,0,0,Maze1,const_contra_visual_rotation,0
1691600637020,-0.01736146,0.219,-1.23,0,0,0,Maze1,const_contra_visual_rotation,0
1691600637039,-0.0194448,0.219,-1.23,0,0,0,Maze1,const_contra_visual_rotation,0
1691600637055,-0.02194098,0.219,-1.23,0,0,0,Maze1,const_contra_visual_rotation,0
1691600637088,-0.02819154,0.219,-1.23,0,0,0,Maze1,const_contra_visual_rotation,0
1691600637103,-0.03193594,0.219,-1.23,0,0,0,Maze1,const_contra_visual_rotation,0
1691600637120,-0.03609599,0.219,-1.23,0,0,0,Maze1,const_contra_visual_rotation,0
1691600637138,-0.0406717,0.219,-1.23,0,0,0,Maze1,const_contra_visual_rotation,0
1691600637154,-0.04566306,0.219,-1.23,0,0,0,Maze1,const_contra_visual_rotation,0
1691600637188,-0.05690383,0.219,-1.23,0,0,0,Maze1,const_contra_visual_rotation,0
1691600637204,-0.06317237,0.219,-1.23,0,0,0,Maze1,const_contra_visual_rotation,0
1691600637220,-0.06982894,0.219,-1.23,0,0,0,Maze1,const_contra_visual_rotation,0
1691600637238,-0.07690117,0.219,-1.23,0,0,0,Maze1,const_contra_visual_rotation,0
1691600637254,-0.08440085,0.219,-1.23,0,0,0,Maze1,const_contra_visual_rotation,0
1691600637287,-0.100656,0.219,-1.23,0,0,0,Maze1,const_contra_visual_rotation,0
1691600637304,-0.1089901,0.219,-1.23,0,0,0,Maze1,const_contra_visual_rotation,0
1691600637320,-0.1173133,0.219,-1.23,0,0,0,Maze1,const_contra_visual_rotation,0
1691600637337,-0.1256455,0.219,-1.23,0,0,0,Maze1,const_contra_visual_rotation,0
1691600637353,-0.1339785,0.219,-1.23,0,0,0,Maze1,const_contra_visual_rotation,0
1691600637388,-0.1506367,0.219,-1.23,0,0,0,Maze1,const_contra_visual_rotation,0
1691600637404,-0.15896,0.219,-1.23,0,0,0,Maze1,const_contra_visual_rotation,0
1691600637421,-0.1672832,0.219,-1.23,0,0,0,Maze1,const_contra_visual_rotation,0
1691600637437,-0.1756064,0.219,-1.23,0,0,0,Maze1,const_contra_visual_rotation,0
1691600637454,-0.1839568,0.219,-1.23,0,0,0,Maze1,const_contra_visual_rotation,0
1691600637488,-0.2006376,0.219,-1.23,0,0,0,Maze1,const_contra_visual_rotation,0
1691600637504,-0.2089609,0.219,-1.23,0,0,0,Maze1,const_contra_visual_rotation,0
1691600637521,-0.2172841,0.219,-1.23,0,0,0,Maze1,const_contra_visual_rotation,0
1691600637541,-0.2256073,0.219,-1.23,0,0,0,Maze1,const_contra_visual_rotation,0
1691600637558,-0.23397,0.219,-1.23,0,0,0,Maze1,const_contra_visual_rotation,0
1691600637588,-0.2506742,0.219,-1.23,0,0,0,Maze1,const_contra_visual_rotation,0
1691600637604,-0.2589974,0.219,-1.23,0,0,0,Maze1,const_contra_visual_rotation,0
1691600637621,-0.2673207,0.219,-1.23,0,0,0,Maze1,const_contra_visual_rotation,0
1691600637638,-0.2756439,0.219,-1.23,0,0,0,Maze1,const_contra_visual_rotation,0
1691600637654,-0.2839671,0.219,-1.23,0,0,0,Maze1,const_contra_visual_rotation,0
1691600637688,-0.3006136,0.219,-1.23,0,0,0,Maze1,const_contra_visual_rotation,0
1691600637704,-0.3089368,0.219,-1.23,0,0,0,Maze1,const_contra_visual_rotation,0
1691600637723,-0.31726,0.219,-1.23,0,0,0,Maze1,const_contra_visual_rotation,0
1691600637737,-0.3255833,0.219,-1.23,0,0,0,Maze1,const_contra_visual_rotation,0
1691600637754,-0.3339618,0.219,-1.23,0,0,0,Maze1,const_contra_visual_rotation,0
1691600637788,-0.3506083,0.219,-1.23,0,0,0,Maze1,const_contra_visual_rotation,0
1691600637804,-0.3589315,0.219,-1.23,0,0,0,Maze1,const_contra_visual_rotation,0
1691600637820,-0.3672547,0.219,-1.23,0,0,0,Maze1,const_contra_visual_rotation,0
1691600637837,-0.375578,0.219,-1.23,0,0,0,Maze1,const_contra_visual_rotation,0
1691600637854,-0.3839142,0.219,-1.23,0,0,0,Maze1,const_contra_visual_rotation,0
1691600637887,-0.4005693,0.219,-1.23,0,0,0,Maze1,const_contra_visual_rotation,0
1691600637904,-0.4088926,0.219,-1.23,0,0,0,Maze1,const_contra_visual_rotation,0
1691600637923,-0.417234,0.219,-1.23,0,0,0,Maze1,const_contra_visual_rotation,0
1691600637938,-0.4255728,0.219,-1.23,0,0,0,Maze1,const_contra_visual_rotation,0
1691600637953,-0.433896,0.219,-1.23,0,0,0,Maze1,const_contra_visual_rotation,0
1691600637988,-0.4505569,0.219,-1.23,0,0,0,Maze1,const_contra_visual_rotation,0
1691600638004,-0.4588905,0.219,-1.23,0,0,0,Maze1,const_contra_visual_rotation,0
1691600638020,-0.4672233,0.219,-1.23,0,0,0,Maze1,const_contra_visual_rotation,0
1691600638038,-0.4755575,0.219,-1.23,0,0,0,Maze1,const_contra_visual_rotation,0
1691600638054,-0.48389,0.219,-1.23,0,0,0,Maze1,const_contra_visual_rotation,0
1691600638087,-0.5005492,0.219,-1.23,0,0,0,Maze1,const_contra_visual_rotation,0
1691600638105,-0.5088724,0.219,-1.23,0,0,0,Maze1,const_contra_visual_rotation,0
1691600638120,-0.5172126,0.219,-1.23,0,0,0,Maze1,const_contra_visual_rotation,0
1691600638138,-0.5255358,0.219,-1.23,0,0,0,Maze1,const_contra_visual_rotation,0
1691600638154,-0.5338728,0.219,-1.23,0,0,0,Maze1,const_contra_visual_rotation,0
1691600638187,-0.5505192,0.219,-1.23,0,0,0,Maze1,const_contra_visual_rotation,0
1691600638204,-0.5588729,0.219,-1.23,0,0,0,Maze1,const_contra_visual_rotation,0
1691600638222,-0.5671961,0.219,-1.23,0,0,0,Maze1,const_contra_visual_rotation,0
1691600638237,-0.5755785,0.219,-1.23,0,0,0,Maze1,const_contra_visual_rotation,0
1691600638254,-0.5839017,0.219,-1.23,0,0,0,Maze1,const_contra_visual_rotation,0
1691600638287,-0.6005481,0.219,-1.23,0,0,0,Maze1,const_contra_visual_rotation,0
1691600638303,-0.6088713,0.219,-1.23,0,0,0,Maze1,const_contra_visual_rotation,0
1691600638321,-0.6171946,0.219,-1.23,0,0,0,Maze1,const_contra_visual_rotation,0
1691600638336,-0.6255178,0.219,-1.23,0,0,0,Maze1,const_contra_visual_rotation,0
1691600638355,-0.6338522,0.219,-1.23,0,0,0,Maze1,const_contra_visual_rotation,0
1691600638388,-0.6505288,0.219,-1.23,0,0,0,Maze1,const_contra_visual_rotation,0
1691600638404,-0.658852,0.219,-1.23,0,0,0,Maze1,const_contra_visual_rotation,0
1691600638421,-0.6671752,0.219,-1.23,0,0,0,Maze1,const_contra_visual_rotation,0
1691600638437,-0.6754985,0.219,-1.23,0,0,0,Maze1,const_contra_visual_rotation,0
1691600638454,-0.6838465,0.219,-1.23,0,0,0,Maze1,const_contra_visual_rotation,0
1691600638490,-0.7005031,0.219,-1.23,0,0,0,Maze1,const_contra_visual_rotation,0
1691600638505,-0.7088263,0.219,-1.23,0,0,0,Maze1,const_contra_visual_rotation,0
1691600638520,-0.7172818,0.219,-1.23,0,0,0,Maze1,const_contra_visual_rotation,0
1691600638536,-0.7256051,0.219,-1.23,0,0,0,Maze1,const_contra_visual_rotation,0
1691600638554,-0.7339283,0.219,-1.23,0,0,0,Maze1,const_contra_visual_rotation,0
1691600638588,-0.7505747,0.219,-1.23,0,0,0,Maze1,const_contra_visual_rotation,0
1691600638603,-0.758898,0.219,-1.23,0,0,0,Maze1,const_contra_visual_rotation,0
1691600638621,-0.7672212,0.219,-1.23,0,0,0,Maze1,const_contra_visual_rotation,0
1691600638637,-0.7755444,0.219,-1.23,0,0,0,Maze1,const_contra_visual_rotation,0
1691600638653,-0.7838677,0.219,-1.23,0,0,0,Maze1,const_contra_visual_rotation,0
1691600638688,-0.8005141,0.219,-1.23,0,0,0,Maze1,const_contra_visual_rotation,0
1691600638704,-0.8088374,0.219,-1.23,0,0,0,Maze1,const_contra_visual_rotation,0
1691600638720,-0.8171605,0.219,-1.23,0,0,0,Maze1,const_contra_visual_rotation,0
1691600638738,-0.8254838,0.219,-1.23,0,0,0,Maze1,const_contra_visual_rotation,0
1691600638754,-0.833807,0.219,-1.23,0,0,0,Maze1,const_contra_visual_rotation,0
1691600638788,-0.8504688,0.219,-1.23,0,0,0,Maze1,const_contra_visual_rotation,0
1691600638803,-0.8588054,0.219,-1.23,0,0,0,Maze1,const_contra_visual_rotation,0
1691600638820,-0.8671385,0.219,-1.23,0,0,0,Maze1,const_contra_visual_rotation,0
1691600638836,-0.8754617,0.219,-1.23,0,0,0,Maze1,const_contra_visual_rotation,0
1691600638853,-0.8838004,0.219,-1.23,0,0,0,Maze1,const_contra_visual_rotation,0
1691600638888,-0.900466,0.219,-1.23,0,0,0,Maze1,const_contra_visual_rotation,0
1691600638905,-0.9087893,0.219,-1.23,0,0,0,Maze1,const_contra_visual_rotation,0
1691600638921,-0.9171308,0.219,-1.23,0,0,0,Maze1,const_contra_visual_rotation,0
1691600638938,-0.9254717,0.219,-1.23,0,0,0,Maze1,const_contra_visual_rotation,0
1691600638954,-0.9337949,0.219,-1.23,0,0,0,Maze1,const_contra_visual_rotation,0
1691600638986,-0.950454,0.219,-1.23,0,0,0,Maze1,const_contra_visual_rotation,0
1691600639004,-0.9587772,0.219,-1.23,0,0,0,Maze1,const_contra_visual_rotation,0
1691600639021,-0.9671156,0.219,-1.23,0,0,0,Maze1,const_contra_visual_rotation,0
1691600639037,-0.97545,0.219,-1.23,0,0,0,Maze1,const_contra_visual_rotation,0
1691600639053,-0.9837859,0.219,-1.23,0,0,0,Maze1,const_contra_visual_rotation,0
1691600639086,-1.00045,0.219,-1.23,0,0,0,Maze1,const_contra_visual_rotation,0
1691600639103,-1.008783,0.219,-1.23,0,0,0,Maze1,const_contra_visual_rotation,0
1691600639121,-1.017107,0.219,-1.23,0,0,0,Maze1,const_contra_visual_rotation,0
1691600639139,-1.025463,0.219,-1.23,0,0,0,Maze1,const_contra_visual_rotation,0
1691600639153,-1.033853,0.219,-1.23,0,0,0,Maze1,const_contra_visual_rotation,0
1691600639188,-1.050499,0.219,-1.23,0,0,0,Maze1,const_contra_visual_rotation,0
1691600639205,-1.058822,0.219,-1.23,0,0,0,Maze1,const_contra_visual_rotation,0
1691600639220,-1.067145,0.219,-1.23,0,0,0,Maze1,const_contra_visual_rotation,0
1691600639238,-1.075469,0.219,-1.23,0,0,0,Maze1,const_contra_visual_rotation,0
1691600639253,-1.083792,0.219,-1.23,0,0,0,Maze1,const_contra_visual_rotation,0
1691600639288,-1.100438,0.219,-1.23,0,0,0,Maze1,const_contra_visual_rotation,0
1691600639304,-1.108762,0.219,-1.23,0,0,0,Maze1,const_contra_visual_rotation,0
1691600639321,-1.117154,0.219,-1.23,0,0,0,Maze1,const_contra_visual_rotation,0
1691600639336,-1.125477,0.219,-1.23,0,0,0,Maze1,const_contra_visual_rotation,0
1691600639354,-1.1338,0.219,-1.23,0,0,0,Maze1,const_contra_visual_rotation,0
1691600639387,-1.150447,0.219,-1.23,0,0,0,Maze1,const_contra_visual_rotation,0
1691600639403,-1.15877,0.219,-1.23,0,0,0,Maze1,const_contra_visual_rotation,0
1691600639421,-1.167093,0.219,-1.23,0,0,0,Maze1,const_contra_visual_rotation,0
1691600639438,-1.175416,0.219,-1.23,0,0,0,Maze1,const_contra_visual_rotation,0
1691600639453,-1.18374,0.219,-1.23,0,0,0,Maze1,const_contra_visual_rotation,0
1691600639489,-1.200416,0.219,-1.23,0,0,0,Maze1,const_contra_visual_rotation,0
1691600639504,-1.208792,0.219,-1.23,0,0,0,Maze1,const_contra_visual_rotation,0
1691600639521,-1.217115,0.219,-1.23,0,0,0,Maze1,const_contra_visual_rotation,0
1691600639536,-1.225438,0.219,-1.23,0,0,0,Maze1,const_contra_visual_rotation,0
1691600639554,-1.233761,0.219,-1.23,0,0,0,Maze1,const_contra_visual_rotation,0
1691600639587,-1.250408,0.219,-1.23,0,0,0,Maze1,const_contra_visual_rotation,0
1691600639603,-1.258731,0.219,-1.23,0,0,0,Maze1,const_contra_visual_rotation,0
1691600639619,-1.267054,0.219,-1.23,0,0,0,Maze1,const_contra_visual_rotation,0
1691600639636,-1.275377,0.219,-1.23,0,0,0,Maze1,const_contra_visual_rotation,0
1691600639653,-1.283701,0.219,-1.23,0,0,0,Maze1,const_contra_visual_rotation,0
1691600639687,-1.299963,0.219,-1.23,0,0,0,Maze1,const_contra_visual_rotation,0
1691600639704,-1.307454,0.219,-1.23,0,0,0,Maze1,const_contra_visual_rotation,0
1691600639719,-1.314547,0.219,-1.23,0,0,0,Maze1,const_contra_visual_rotation,0
1691600639736,-1.321251,0.219,-1.23,0,0,0,Maze1,const_contra_visual_rotation,0
1691600639754,-1.327492,0.219,-1.23,0,0,0,Maze1,const_contra_visual_rotation,0
1691600639788,-1.338725,0.219,-1.23,0,0,0,Maze1,const_contra_visual_rotation,0
1691600639803,-1.343719,0.219,-1.23,0,0,0,Maze1,const_contra_visual_rotation,0
1691600639821,-1.348296,0.219,-1.23,0,0,0,Maze1,const_contra_visual_rotation,0
1691600639836,-1.352458,0.219,-1.23,0,0,0,Maze1,const_contra_visual_rotation,0
1691600639853,-1.356205,0.219,-1.23,0,0,0,Maze1,const_contra_visual_rotation,0
1691600639887,-1.362454,0.219,-1.23,0,0,0,Maze1,const_contra_visual_rotation,0
1691600639903,-1.364957,0.219,-1.23,0,0,0,Maze1,const_contra_visual_rotation,0
1691600639920,-1.367039,0.219,-1.23,0,0,0,Maze1,const_contra_visual_rotation,0
1691600639936,-1.368222,0.219,-1.228818,0,0,0,Maze1,const_contra_visual_rotation,0
1691600639953,-1.369105,0.219,-1.227935,0,0,0,Maze1,const_contra_visual_rotation,0
1691600639987,-1.36999,0.219,-1.22705,0,0,0,Maze1,const_contra_visual_rotation,0
1691600640004,-1.36999,0.219,-1.22705,0,0,0,Maze1,const_contra_visual_rotation,0
1691600640019,-1.36999,0.219,-1.22705,0,0,0,Maze1,const_contra_visual_rotation,0
1691600640037,-1.36999,0.219,-1.22705,0,0,0,Maze1,const_contra_visual_rotation,0
1691600640053,-1.36999,0.219,-1.22705,0,0,0,Maze1,const_contra_visual_rotation,0
1691600640087,-1.36999,0.219,-1.22705,0,0,0,Maze1,const_contra_visual_rotation,0
1691600640104,-1.36999,0.219,-1.22705,0,0,0,Maze1,const_contra_visual_rotation,0
1691600640121,-1.36999,0.219,-1.22705,0,0,0,Maze1,const_contra_visual_rotation,0
1691600640136,-1.36999,0.219,-1.22705,0,0,0,Maze1,const_contra_visual_rotation,0
1691600640154,-1.36999,0.219,-1.22705,0,0,0,Maze1,const_contra_visual_rotation,0
1691600640187,-1.36999,0.219,-1.22705,0,0,0,Maze1,const_contra_visual_rotation,0
1691600640203,-1.36999,0.219,-1.22705,0,0,0,Maze1,const_contra_visual_rotation,0
1691600640224,-1.36999,0.219,-1.22705,0,0,0,Maze1,const_contra_visual_rotation,0
1691600640236,-1.36999,0.219,-1.22705,0,0,0,Maze1,const_contra_visual_rotation,0
1691600640253,-1.36999,0.219,-1.22705,0,0,0,Maze1,const_contra_visual_rotation,0
1691600640287,-1.36999,0.219,-1.22705,0,0,0,Maze1,const_contra_visual_rotation,0
1691600640303,-1.36999,0.219,-1.22705,0,0,0,Maze1,const_contra_visual_rotation,0
1691600640319,-1.36999,0.219,-1.22705,0,0,0,Maze1,const_contra_visual_rotation,0
1691600640336,-1.36999,0.219,-1.22705,0,0,0,Maze1,const_contra_visual_rotation,0
1691600640353,-1.36999,0.219,-1.22705,0,0,0,Maze1,const_contra_visual_rotation,0
1691600640386,-1.36999,0.219,-1.22705,0,0,0,Maze1,const_contra_visual_rotation,0
1691600640402,-1.36999,0.219,-1.22705,0,0,0,Maze1,const_contra_visual_rotation,0
1691600640419,-1.36999,0.219,-1.22705,0,0,0,Maze1,const_contra_visual_rotation,0
1691600640436,-1.36999,0.219,-1.22705,0,0,0,Maze1,const_contra_visual_rotation,0
1691600640454,-1.36999,0.219,-1.22705,0,0,0,Maze1,const_contra_visual_rotation,0
1691600640487,-1.36999,0.219,-1.22705,0,0,0,Maze1,const_contra_visual_rotation,0
1691600640503,-1.36999,0.219,-1.22705,0,0,0,Maze1,const_contra_visual_rotation,0
1691600640520,-1.36999,0.219,-1.22705,0,0,0,Maze1,const_contra_visual_rotation,0
1691600640537,-1.36999,0.219,-1.22705,0,0,0,Maze1,const_contra_visual_rotation,0
1691600640552,-1.36999,0.219,-1.22705,0,0,0,Maze1,const_contra_visual_rotation,0
1691600640586,-1.36999,0.219,-1.22705,0,0,0,Maze1,const_contra_visual_rotation,0
1691600640603,-1.36999,0.219,-1.22705,0,0,0,Maze1,const_contra_visual_rotation,0
1691600640619,-1.36999,0.219,-1.22705,0,0,0,Maze1,const_contra_visual_rotation,0
1691600640636,-1.36999,0.219,-1.22705,0,0,0,Maze1,const_contra_visual_rotation,0
1691600640652,-1.36999,0.219,-1.22705,0,0,0,Maze1,const_contra_visual_rotation,0
1691600640686,-1.36999,0.219,-1.22705,0,0,0,Maze1,const_contra_visual_rotation,0
1691600640703,-1.36999,0.219,-1.22705,0,0,0,Maze1,const_contra_visual_rotation,0
1691600640720,-1.36999,0.219,-1.22705,0,0,0,Maze1,const_contra_visual_rotation,0
1691600640736,-1.36999,0.219,-1.22705,0,0,0,Maze1,const_contra_visual_rotation,0
1691600640754,-1.36999,0.219,-1.22705,0,0,0,Maze1,const_contra_visual_rotation,0
1691600640786,-1.36999,0.219,-1.225799,0,0,0,Maze1,const_contra_visual_rotation,0
1691600640802,-1.36999,0.219,-1.224551,0,0,0,Maze1,const_contra_visual_rotation,0
1691600640820,-1.36999,0.219,-1.222887,0,0,0,Maze1,const_contra_visual_rotation,0
1691600640836,-1.36999,0.219,-1.2208,0,0,0,Maze1,const_contra_visual_rotation,0
1691600640853,-1.36999,0.219,-1.218304,0,0,0,Maze1,const_contra_visual_rotation,0
1691600640887,-1.36999,0.219,-1.21205,0,0,0,Maze1,const_contra_visual_rotation,0
1691600640903,-1.36999,0.219,-1.208305,0,0,0,Maze1,const_contra_visual_rotation,0
1691600640919,-1.36999,0.219,-1.204144,0,0,0,Maze1,const_contra_visual_rotation,0
1691600640936,-1.36999,0.219,-1.199545,0,0,0,Maze1,const_contra_visual_rotation,0
1691600640953,-1.36999,0.219,-1.194551,0,0,0,Maze1,const_contra_visual_rotation,0
1691600640986,-1.36999,0.219,-1.183316,0,0,0,Maze1,const_contra_visual_rotation,0
1691600641003,-1.36999,0.219,-1.177064,0,0,0,Maze1,const_contra_visual_rotation,0
1691600641019,-1.36999,0.219,-1.170407,0,0,0,Maze1,const_contra_visual_rotation,0
1691600641036,-1.36999,0.219,-1.163334,0,0,0,Maze1,const_contra_visual_rotation,0
1691600641053,-1.36999,0.219,-1.155816,0,0,0,Maze1,const_contra_visual_rotation,0
1691600641087,-1.36999,0.219,-1.139567,0,0,0,Maze1,const_contra_visual_rotation,0
1691600641103,-1.36999,0.219,-1.131244,0,0,0,Maze1,const_contra_visual_rotation,0
1691600641119,-1.36999,0.219,-1.12292,0,0,0,Maze1,const_contra_visual_rotation,0
1691600641136,-1.36999,0.219,-1.114597,0,0,0,Maze1,const_contra_visual_rotation,0
1691600641153,-1.36999,0.219,-1.106274,0,0,0,Maze1,const_contra_visual_rotation,0
1691600641187,-1.36999,0.219,-1.089594,0,0,0,Maze1,const_contra_visual_rotation,0
1691600641203,-1.36999,0.219,-1.081221,0,0,0,Maze1,const_contra_visual_rotation,0
1691600641220,-1.36999,0.219,-1.072898,0,0,0,Maze1,const_contra_visual_rotation,0
1691600641236,-1.36999,0.219,-1.064575,0,0,0,Maze1,const_contra_visual_rotation,0
1691600641253,-1.36999,0.219,-1.056239,0,0,0,Maze1,const_contra_visual_rotation,0
1691600641286,-1.36999,0.219,-1.039592,0,0,0,Maze1,const_contra_visual_rotation,0
1691600641302,-1.36999,0.219,-1.031269,0,0,0,Maze1,const_contra_visual_rotation,0
1691600641319,-1.36999,0.219,-1.022946,0,0,0,Maze1,const_contra_visual_rotation,0
1691600641336,-1.36999,0.219,-1.014598,0,0,0,Maze1,const_contra_visual_rotation,0
1691600641352,-1.36999,0.219,-1.006275,0,0,0,Maze1,const_contra_visual_rotation,0
1691600641386,-1.36999,0.219,-0.9896153,0,0,0,Maze1,const_contra_visual_rotation,0
1691600641403,-1.36999,0.219,-0.9812829,0,0,0,Maze1,const_contra_visual_rotation,0
1691600641420,-1.36999,0.219,-0.9729138,0,0,0,Maze1,const_contra_visual_rotation,0
1691600641436,-1.36999,0.219,-0.9645906,0,0,0,Maze1,const_contra_visual_rotation,0
1691600641453,-1.36999,0.219,-0.9562674,0,0,0,Maze1,const_contra_visual_rotation,0
1691600641487,-1.36999,0.219,-0.9396209,0,0,0,Maze1,const_contra_visual_rotation,0
1691600641503,-1.36999,0.219,-0.9312977,0,0,0,Maze1,const_contra_visual_rotation,0
1691600641519,-1.36999,0.219,-0.922938,0,0,0,Maze1,const_contra_visual_rotation,0
1691600641536,-1.36999,0.219,-0.9146149,0,0,0,Maze1,const_contra_visual_rotation,0
1691600641552,-1.36999,0.219,-0.9062916,0,0,0,Maze1,const_contra_visual_rotation,0
1691600641587,-1.36999,0.219,-0.889623,0,0,0,Maze1,const_contra_visual_rotation,0
1691600641603,-1.36999,0.219,-0.8812998,0,0,0,Maze1,const_contra_visual_rotation,0
1691600641619,-1.36999,0.219,-0.8729542,0,0,0,Maze1,const_contra_visual_rotation,0
1691600641636,-1.36999,0.219,-0.8646193,0,0,0,Maze1,const_contra_visual_rotation,0
1691600641653,-1.36999,0.219,-0.8562961,0,0,0,Maze1,const_contra_visual_rotation,0
1691600641687,-1.36999,0.219,-0.8396496,0,0,0,Maze1,const_contra_visual_rotation,0
1691600641702,-1.36999,0.219,-0.8312905,0,0,0,Maze1,const_contra_visual_rotation,0
1691600641719,-1.36999,0.219,-0.8229672,0,0,0,Maze1,const_contra_visual_rotation,0
1691600641736,-1.36999,0.219,-0.814644,0,0,0,Maze1,const_contra_visual_rotation,0
1691600641752,-1.36999,0.219,-0.8062952,0,0,0,Maze1,const_contra_visual_rotation,0
1691600641787,-1.36999,0.219,-0.7896487,0,0,0,Maze1,const_contra_visual_rotation,0
1691600641803,-1.36999,0.219,-0.7813255,0,0,0,Maze1,const_contra_visual_rotation,0
1691600641819,-1.36999,0.219,-0.7730023,0,0,0,Maze1,const_contra_visual_rotation,0
1691600641836,-1.36999,0.219,-0.7646534,0,0,0,Maze1,const_contra_visual_rotation,0
1691600641853,-1.36999,0.219,-0.7563301,0,0,0,Maze1,const_contra_visual_rotation,0
1691600641886,-1.36999,0.219,-0.7396639,0,0,0,Maze1,const_contra_visual_rotation,0
1691600641903,-1.36999,0.219,-0.731328,0,0,0,Maze1,const_contra_visual_rotation,0
1691600641919,-1.36999,0.219,-0.7230048,0,0,0,Maze1,const_contra_visual_rotation,0
1691600641936,-1.36999,0.219,-0.7146649,0,0,0,Maze1,const_contra_visual_rotation,0
1691600641953,-1.36999,0.219,-0.7063263,0,0,0,Maze1,const_contra_visual_rotation,0
1691600641986,-1.36999,0.219,-0.6896588,0,0,0,Maze1,const_contra_visual_rotation,0
1691600642002,-1.36999,0.219,-0.6813356,0,0,0,Maze1,const_contra_visual_rotation,0
1691600642018,-1.36999,0.219,-0.6730124,0,0,0,Maze1,const_contra_visual_rotation,0
1691600642036,-1.36999,0.219,-0.6646456,0,0,0,Maze1,const_contra_visual_rotation,0
1691600642052,-1.36999,0.219,-0.6563224,0,0,0,Maze1,const_contra_visual_rotation,0
1691600642087,-1.36999,0.219,-0.6396759,0,0,0,Maze1,const_contra_visual_rotation,0
1691600642102,-1.36999,0.219,-0.6313527,0,0,0,Maze1,const_contra_visual_rotation,0
1691600642119,-1.36999,0.219,-0.6230131,0,0,0,Maze1,const_contra_visual_rotation,0
1691600642136,-1.36999,0.219,-0.6146718,0,0,0,Maze1,const_contra_visual_rotation,0
1691600642152,-1.36999,0.219,-0.6063486,0,0,0,Maze1,const_contra_visual_rotation,0
1691600642187,-1.36999,0.219,-0.5896776,0,0,0,Maze1,const_contra_visual_rotation,0
1691600642202,-1.36999,0.219,-0.5813544,0,0,0,Maze1,const_contra_visual_rotation,0
1691600642220,-1.36999,0.219,-0.5730312,0,0,0,Maze1,const_contra_visual_rotation,0
1691600642236,-1.36999,0.219,-0.5646952,0,0,0,Maze1,const_contra_visual_rotation,0
1691600642252,-1.36999,0.219,-0.5563626,0,0,0,Maze1,const_contra_visual_rotation,0
1691600642287,-1.36999,0.219,-0.5396929,0,0,0,Maze1,const_contra_visual_rotation,0
1691600642303,-1.36999,0.219,-0.5313696,0,0,0,Maze1,const_contra_visual_rotation,0
1691600642320,-1.36999,0.219,-0.5230222,0,0,0,Maze1,const_contra_visual_rotation,0
1691600642336,-1.36999,0.219,-0.514699,0,0,0,Maze1,const_contra_visual_rotation,0
1691600642353,-1.36999,0.219,-0.5063519,0,0,0,Maze1,const_contra_visual_rotation,0
1691600642386,-1.36999,0.219,-0.4897055,0,0,0,Maze1,const_contra_visual_rotation,0
1691600642403,-1.36999,0.219,-0.4813823,0,0,0,Maze1,const_contra_visual_rotation,0
1691600642420,-1.36999,0.219,-0.4730486,0,0,0,Maze1,const_contra_visual_rotation,0
1691600642436,-1.36999,0.219,-0.4647254,0,0,0,Maze1,const_contra_visual_rotation,0
1691600642453,-1.36999,0.219,-0.4563752,0,0,0,Maze1,const_contra_visual_rotation,0
1691600642486,-1.36999,0.219,-0.4397288,0,0,0,Maze1,const_contra_visual_rotation,0
1691600642503,-1.36999,0.219,-0.4314055,0,0,0,Maze1,const_contra_visual_rotation,0
1691600642519,-1.36999,0.219,-0.4230823,0,0,0,Maze1,const_contra_visual_rotation,0
1691600642536,-1.36999,0.219,-0.414724,0,0,0,Maze1,const_contra_visual_rotation,0
1691600642553,-1.36999,0.219,-0.4063881,0,0,0,Maze1,const_contra_visual_rotation,0
1691600642586,-1.36999,0.219,-0.3897417,0,0,0,Maze1,const_contra_visual_rotation,0
1691600642602,-1.36999,0.219,-0.3814041,0,0,0,Maze1,const_contra_visual_rotation,0
1691600642620,-1.36999,0.219,-0.3730715,0,0,0,Maze1,const_contra_visual_rotation,0
1691600642636,-1.36999,0.219,-0.3647483,0,0,0,Maze1,const_contra_visual_rotation,0
1691600642653,-1.36999,0.219,-0.3564251,0,0,0,Maze1,const_contra_visual_rotation,0
1691600642686,-1.36999,0.219,-0.3397524,0,0,0,Maze1,const_contra_visual_rotation,0
1691600642703,-1.36999,0.219,-0.3313991,0,0,0,Maze1,const_contra_visual_rotation,0
1691600642719,-1.36999,0.219,-0.3230758,0,0,0,Maze1,const_contra_visual_rotation,0
1691600642736,-1.36999,0.219,-0.3147526,0,0,0,Maze1,const_contra_visual_rotation,0
1691600642753,-1.36999,0.219,-0.3064016,0,0,0,Maze1,const_contra_visual_rotation,0
1691600642788,-1.36999,0.219,-0.2897552,0,0,0,Maze1,const_contra_visual_rotation,0
1691600642803,-1.36999,0.219,-0.2814319,0,0,0,Maze1,const_contra_visual_rotation,0
1691600642819,-1.36999,0.219,-0.2730916,0,0,0,Maze1,const_contra_visual_rotation,0
1691600642836,-1.36999,0.219,-0.2647683,0,0,0,Maze1,const_contra_visual_rotation,0
1691600642854,-1.36999,0.219,-0.2564451,0,0,0,Maze1,const_contra_visual_rotation,0
1691600642887,-1.36999,0.219,-0.2397681,0,0,0,Maze1,const_contra_visual_rotation,0
1691600642903,-1.36999,0.219,-0.2314264,0,0,0,Maze1,const_contra_visual_rotation,0
1691600642920,-1.36999,0.219,-0.2231032,0,0,0,Maze1,const_contra_visual_rotation,0
1691600642936,-1.36999,0.219,-0.21478,0,0,0,Maze1,const_contra_visual_rotation,0
1691600642953,-1.36999,0.219,-0.2064567,0,0,0,Maze1,const_contra_visual_rotation,0
1691600642986,-1.36999,0.219,-0.1897848,0,0,0,Maze1,const_contra_visual_rotation,0
1691600643003,-1.36999,0.219,-0.1814498,0,0,0,Maze1,const_contra_visual_rotation,0
1691600643020,-1.36999,0.219,-0.1730963,0,0,0,Maze1,const_contra_visual_rotation,0
1691600643036,-1.36999,0.219,-0.1647731,0,0,0,Maze1,const_contra_visual_rotation,0
1691600643053,-1.36999,0.219,-0.1564499,0,0,0,Maze1,const_contra_visual_rotation,0
1691600643087,-1.36999,0.219,-0.1397905,0,0,0,Maze1,const_contra_visual_rotation,0
1691600643103,-1.36999,0.219,-0.1314477,0,0,0,Maze1,const_contra_visual_rotation,0
1691600643120,-1.36999,0.219,-0.1231244,0,0,0,Maze1,const_contra_visual_rotation,0
1691600643137,-1.36999,0.219,-0.1148012,0,0,0,Maze1,const_contra_visual_rotation,0
1691600643153,-1.36999,0.219,-0.1064483,0,0,0,Maze1,const_contra_visual_rotation,0
1691600643186,-1.36999,0.219,-0.08978057,0,0,0,Maze1,const_contra_visual_rotation,0
1691600643203,-1.36999,0.219,-0.08145735,0,0,0,Maze1,const_contra_visual_rotation,0
1691600643219,-1.36999,0.219,-0.07313412,0,0,0,Maze1,const_contra_visual_rotation,0
1691600643236,-1.36999,0.219,-0.06481089,0,0,0,Maze1,const_contra_visual_rotation,0
1691600643253,-1.36999,0.219,-0.05647117,0,0,0,Maze1,const_contra_visual_rotation,0
1691600643286,-1.36999,0.219,-0.03982472,0,0,0,Maze1,const_contra_visual_rotation,0
1691600643302,-1.36999,0.219,-0.03150149,0,0,0,Maze1,const_contra_visual_rotation,0
1691600643319,-1.36999,0.219,-0.02314502,0,0,0,Maze1,const_contra_visual_rotation,0
1691600643336,-1.36999,0.219,-0.01482179,0,0,0,Maze1,const_contra_visual_rotation,0
1691600643353,-1.36999,0.219,-0.00647702,0,0,0,Maze1,const_contra_visual_rotation,0
1691600643386,-1.36999,0.219,0.01019213,0,0,0,Maze1,const_contra_visual_rotation,0
1691600643402,-1.36999,0.219,0.01851536,0,0,0,Maze1,const_contra_visual_rotation,0
1691600643419,-1.36999,0.219,0.02686493,0,0,0,Maze1,const_contra_visual_rotation,0
1691600643436,-1.36999,0.219,0.03518816,0,0,0,Maze1,const_contra_visual_rotation,0
1691600643453,-1.36999,0.219,0.04351138,0,0,0,Maze1,const_contra_visual_rotation,0
1691600643486,-1.36999,0.219,0.06018361,0,0,0,Maze1,const_contra_visual_rotation,0
1691600643503,-1.36999,0.219,0.06850684,0,0,0,Maze1,const_contra_visual_rotation,0
1691600643518,-1.36999,0.219,0.07683006,0,0,0,Maze1,const_contra_visual_rotation,0
1691600643536,-1.36999,0.219,0.08515329,0,0,0,Maze1,const_contra_visual_rotation,0
1691600643553,-1.36999,0.219,0.09350848,0,0,0,Maze1,const_contra_visual_rotation,0
1691600643586,-1.36999,0.219,0.1101737,0,0,0,Maze1,const_contra_visual_rotation,0
1691600643603,-1.36999,0.219,0.1184969,0,0,0,Maze1,const_contra_visual_rotation,0
1691600643619,-1.36999,0.219,0.1268368,0,0,0,Maze1,const_contra_visual_rotation,0
1691600643636,-1.36999,0.219,0.13516,0,0,0,Maze1,const_contra_visual_rotation,0
1691600643653,-1.36999,0.219,0.1434832,0,0,0,Maze1,const_contra_visual_rotation,0
1691600643686,-1.36999,0.219,0.160151,0,0,0,Maze1,const_contra_visual_rotation,0
1691600643703,-1.36999,0.219,0.1684742,0,0,0,Maze1,const_contra_visual_rotation,0
1691600643720,-1.36999,0.219,0.1768132,0,0,0,Maze1,const_contra_visual_rotation,0
1691600643736,-1.36999,0.219,0.1851365,0,0,0,Maze1,const_contra_visual_rotation,0
1691600643753,-1.36999,0.219,0.1934865,0,0,0,Maze1,const_contra_visual_rotation,0
1691600643786,-1.36999,0.219,0.2101496,0,0,0,Maze1,const_contra_visual_rotation,0
1691600643805,-1.36999,0.219,0.2184728,0,0,0,Maze1,const_contra_visual_rotation,0
1691600643820,-1.36999,0.219,0.226796,0,0,0,Maze1,const_contra_visual_rotation,0
1691600643835,-1.36999,0.219,0.235144,0,0,0,Maze1,const_contra_visual_rotation,0
1691600643852,-1.36999,0.219,0.2434883,0,0,0,Maze1,const_contra_visual_rotation,0
1691600643885,-1.36999,0.219,0.2601347,0,0,0,Maze1,const_contra_visual_rotation,0
1691600643902,-1.36999,0.219,0.2684579,0,0,0,Maze1,const_contra_visual_rotation,0
1691600643918,-1.36999,0.219,0.2767931,0,0,0,Maze1,const_contra_visual_rotation,0
1691600643936,-1.36999,0.219,0.2851163,0,0,0,Maze1,const_contra_visual_rotation,0
1691600643952,-1.36999,0.219,0.2934396,0,0,0,Maze1,const_contra_visual_rotation,0
1691600643986,-1.36999,0.219,0.310129,0,0,0,Maze1,const_contra_visual_rotation,0
1691600644003,-1.36999,0.219,0.3184523,0,0,0,Maze1,const_contra_visual_rotation,0
1691600644020,-1.36999,0.219,0.3267755,0,0,0,Maze1,const_contra_visual_rotation,0
1691600644036,-1.36999,0.219,0.3351278,0,0,0,Maze1,const_contra_visual_rotation,0
1691600644053,-1.36999,0.219,0.343451,0,0,0,Maze1,const_contra_visual_rotation,0
1691600644086,-1.36999,0.219,0.3600975,0,0,0,Maze1,const_contra_visual_rotation,0
1691600644103,-1.36999,0.219,0.3684207,0,0,0,Maze1,const_contra_visual_rotation,0
1691600644118,-1.36999,0.219,0.3767807,0,0,0,Maze1,const_contra_visual_rotation,0
1691600644138,-1.36999,0.219,0.3851039,0,0,0,Maze1,const_contra_visual_rotation,0
1691600644152,-1.36999,0.219,0.3934271,0,0,0,Maze1,const_contra_visual_rotation,0
1691600644186,-1.36999,0.219,0.4100967,0,0,0,Maze1,const_contra_visual_rotation,0
1691600644203,-1.36999,0.219,0.4184387,0,0,0,Maze1,const_contra_visual_rotation,0
1691600644219,-1.36999,0.219,0.426762,0,0,0,Maze1,const_contra_visual_rotation,0
1691600644236,-1.36999,0.219,0.4350852,0,0,0,Maze1,const_contra_visual_rotation,0
1691600644254,-1.36999,0.219,0.4434277,0,0,0,Maze1,const_contra_visual_rotation,0
1691600644286,-1.36999,0.219,0.4600741,0,0,0,Maze1,const_contra_visual_rotation,0
1691600644303,-1.36999,0.219,0.4683973,0,0,0,Maze1,const_contra_visual_rotation,0
1691600644319,-1.36999,0.219,0.4767543,0,0,0,Maze1,const_contra_visual_rotation,0
1691600644336,-1.36999,0.219,0.4850867,0,0,0,Maze1,const_contra_visual_rotation,0
1691600644353,-1.36999,0.219,0.49341,0,0,0,Maze1,const_contra_visual_rotation,0
1691600644386,-1.36999,0.219,0.5101225,0,0,0,Maze1,const_contra_visual_rotation,0
1691600644403,-1.36999,0.219,0.5184457,0,0,0,Maze1,const_contra_visual_rotation,0
1691600644420,-1.36999,0.219,0.5267689,0,0,0,Maze1,const_contra_visual_rotation,0
1691600644437,-1.36999,0.219,0.5350921,0,0,0,Maze1,const_contra_visual_rotation,0
1691600644453,-1.36999,0.219,0.5434154,0,0,0,Maze1,const_contra_visual_rotation,0
1691600644487,-1.36999,0.219,0.5600764,0,0,0,Maze1,const_contra_visual_rotation,0
1691600644503,-1.36999,0.219,0.5683996,0,0,0,Maze1,const_contra_visual_rotation,0
1691600644518,-1.36999,0.219,0.5767229,0,0,0,Maze1,const_contra_visual_rotation,0
1691600644536,-1.36999,0.219,0.5850461,0,0,0,Maze1,const_contra_visual_rotation,0
1691600644553,-1.36999,0.219,0.5933693,0,0,0,Maze1,const_contra_visual_rotation,0
1691600644586,-1.36999,0.219,0.6100664,0,0,0,Maze1,const_contra_visual_rotation,0
1691600644603,-1.36999,0.219,0.6183897,0,0,0,Maze1,const_contra_visual_rotation,0
1691600644619,-1.36999,0.219,0.6267129,0,0,0,Maze1,const_contra_visual_rotation,0
1691600644636,-1.36999,0.219,0.6350539,0,0,0,Maze1,const_contra_visual_rotation,0
1691600644652,-1.36999,0.219,0.6433771,0,0,0,Maze1,const_contra_visual_rotation,0
1691600644686,-1.36999,0.219,0.6600467,0,0,0,Maze1,const_contra_visual_rotation,0
1691600644703,-1.36999,0.219,0.6683699,0,0,0,Maze1,const_contra_visual_rotation,0
1691600644719,-1.36999,0.219,0.6766931,0,0,0,Maze1,const_contra_visual_rotation,0
1691600644736,-1.36999,0.219,0.6850573,0,0,0,Maze1,const_contra_visual_rotation,0
1691600644753,-1.36999,0.219,0.6933805,0,0,0,Maze1,const_contra_visual_rotation,0
1691600644785,-1.36999,0.219,0.7100356,0,0,0,Maze1,const_contra_visual_rotation,0
1691600644803,-1.36999,0.219,0.7183588,0,0,0,Maze1,const_contra_visual_rotation,0
1691600644821,-1.36999,0.219,0.7267155,0,0,0,Maze1,const_contra_visual_rotation,0
1691600644836,-1.36999,0.219,0.7350387,0,0,0,Maze1,const_contra_visual_rotation,0
1691600644852,-1.36999,0.219,0.7433619,0,0,0,Maze1,const_contra_visual_rotation,0
1691600644886,-1.36999,0.219,0.7600204,0,0,0,Maze1,const_contra_visual_rotation,0
1691600644903,-1.36999,0.219,0.7683436,0,0,0,Maze1,const_contra_visual_rotation,0
1691600644918,-1.36999,0.219,0.7767037,0,0,0,Maze1,const_contra_visual_rotation,0
1691600644936,-1.36999,0.219,0.785027,0,0,0,Maze1,const_contra_visual_rotation,0
1691600644953,-1.36999,0.219,0.7933502,0,0,0,Maze1,const_contra_visual_rotation,0
1691600644986,-1.36999,0.219,0.8100249,0,0,0,Maze1,const_contra_visual_rotation,0
1691600645002,-1.36999,0.219,0.8179324,0,0,0,Maze1,const_contra_visual_rotation,0
1691600645018,-1.36999,0.219,0.8254244,0,0,0,Maze1,const_contra_visual_rotation,0
1691600645036,-1.36999,0.219,0.8325006,0,0,0,Maze1,const_contra_visual_rotation,0
1691600645052,-1.36999,0.219,0.8391612,0,0,0,Maze1,const_contra_visual_rotation,0
1691600645086,-1.36999,0.219,0.8512679,0,0,0,Maze1,const_contra_visual_rotation,0
1691600645103,-1.36999,0.219,0.8566791,0,0,0,Maze1,const_contra_visual_rotation,0
1691600645118,-1.36999,0.219,0.8616745,0,0,0,Maze1,const_contra_visual_rotation,0
1691600645137,-1.36999,0.219,0.866267,0,0,0,Maze1,const_contra_visual_rotation,0
1691600645153,-1.36999,0.219,0.8704299,0,0,0,Maze1,const_contra_visual_rotation,0
1691600645186,-1.36999,0.219,0.8775141,0,0,0,Maze1,const_contra_visual_rotation,0
1691600645202,-1.36999,0.219,0.8804293,0,0,0,Maze1,const_contra_visual_rotation,0
1691600645221,-1.36999,0.219,0.8829288,0,0,0,Maze1,const_contra_visual_rotation,0
1691600645235,-1.36999,0.219,0.8850126,0,0,0,Maze1,const_contra_visual_rotation,0
1691600645252,-1.36999,0.219,0.8866839,0,0,0,Maze1,const_contra_visual_rotation,0
1691600645286,-1.36999,0.219,0.888772,0,0,0,Maze1,const_contra_visual_rotation,0
1691600645303,-1.36999,0.219,0.8891915,0,0,0,Maze1,const_contra_visual_rotation,0
1691600645318,-1.36999,0.219,0.8891915,0,0,0,Maze1,const_contra_visual_rotation,0
1691600645336,-1.36999,0.219,0.8891915,0,0,0,Maze1,const_contra_visual_rotation,0
1691600645353,-1.36999,0.219,0.8891915,0,0,0,Maze1,const_contra_visual_rotation,0
1691600645385,-1.36999,0.219,0.8891915,0,0,0,Maze1,const_contra_visual_rotation,0
1691600645402,-1.36999,0.219,0.8891915,0,0,0,Maze1,const_contra_visual_rotation,0
1691600645419,-1.36999,0.219,0.8891915,0,0,0,Maze1,const_contra_visual_rotation,0
1691600645436,-1.36999,0.219,0.8891915,0,0,0,Maze1,const_contra_visual_rotation,0
1691600645452,-1.36999,0.219,0.8891915,0,0,0,Maze1,const_contra_visual_rotation,0
1691600645486,-1.36999,0.219,0.8891915,0,0,0,Maze1,const_contra_visual_rotation,0
1691600645503,-1.36999,0.219,0.8891915,0,0,0,Maze1,const_contra_visual_rotation,0
1691600645518,-1.36999,0.219,0.8891915,0,0,0,Maze1,const_contra_visual_rotation,0
1691600645535,-1.36999,0.219,0.8891915,0,0,0,Maze1,const_contra_visual_rotation,0
1691600645552,-1.36999,0.219,0.8891915,0,0,0,Maze1,const_contra_visual_rotation,0
1691600645586,-1.36999,0.219,0.8891915,0,0,0,Maze1,const_contra_visual_rotation,0
1691600645603,-1.36999,0.219,0.8891915,0,0,0,Maze1,const_contra_visual_rotation,0
1691600645619,-1.36999,0.219,0.8891915,0,0,0,Maze1,const_contra_visual_rotation,0
1691600645636,-1.36999,0.219,0.8891915,0,0,0,Maze1,const_contra_visual_rotation,0
1691600645652,-1.36999,0.219,0.8891915,0,0,0,Maze1,const_contra_visual_rotation,0
1691600645685,-1.36999,0.219,0.8891915,0,0,0,Maze1,const_contra_visual_rotation,0
1691600645702,-1.36999,0.219,0.8891915,0,0,0,Maze1,const_contra_visual_rotation,0
1691600645718,-1.36999,0.219,0.8891915,0,0,0,Maze1,const_contra_visual_rotation,0
1691600645736,-1.36999,0.219,0.8891915,0,0,0,Maze1,const_contra_visual_rotation,0
1691600645752,-1.36999,0.219,0.8891915,0,0,0,Maze1,const_contra_visual_rotation,0
1691600645785,-1.36999,0.219,0.8891915,0,0,0,Maze1,const_contra_visual_rotation,0
1691600645802,-1.36999,0.219,0.8891915,0,0,0,Maze1,const_contra_visual_rotation,0
1691600645819,-1.36999,0.219,0.8891915,0,0,0,Maze1,const_contra_visual_rotation,0
1691600645836,-1.36999,0.219,0.8891915,0,0,0,Maze1,const_contra_visual_rotation,0
1691600645852,-1.36999,0.219,0.8891915,0,0,0,Maze1,const_contra_visual_rotation,0
1691600645885,-1.36999,0.219,0.8891915,0,0,0,Maze1,const_contra_visual_rotation,0
1691600645902,-1.36999,0.219,0.8891915,0,0,0,Maze1,const_contra_visual_rotation,0
1691600645919,-1.36999,0.219,0.8891915,0,0,0,Maze1,const_contra_visual_rotation,0
1691600645935,-1.36999,0.219,0.8891915,0,0,0,Maze1,const_contra_visual_rotation,0
1691600645952,-1.36999,0.219,0.8891915,0,0,0,Maze1,const_contra_visual_rotation,0
1691600645986,-1.368743,0.219,0.8891915,0,0,0,Maze1,const_contra_visual_rotation,0
1691600646003,-1.367492,0.219,0.8891915,0,0,0,Maze1,const_contra_visual_rotation,0
1691600646019,-1.365828,0.219,0.8891915,0,0,0,Maze1,const_contra_visual_rotation,0
1691600646036,-1.363749,0.219,0.8891915,0,0,0,Maze1,const_contra_visual_rotation,0
1691600646052,-1.361251,0.219,0.8891915,0,0,0,Maze1,const_contra_visual_rotation,0
1691600646086,-1.355001,0.219,0.8891915,0,0,0,Maze1,const_contra_visual_rotation,0
1691600646102,-1.351253,0.219,0.8891915,0,0,0,Maze1,const_contra_visual_rotation,0
1691600646119,-1.347085,0.219,0.8891915,0,0,0,Maze1,const_contra_visual_rotation,0
1691600646136,-1.342509,0.219,0.8891915,0,0,0,Maze1,const_contra_visual_rotation,0
1691600646152,-1.337506,0.219,0.8891915,0,0,0,Maze1,const_contra_visual_rotation,0
1691600646186,-1.326274,0.219,0.8891915,0,0,0,Maze1,const_contra_visual_rotation,0
1691600646202,-1.320034,0.219,0.8891915,0,0,0,Maze1,const_contra_visual_rotation,0
1691600646219,-1.313379,0.219,0.8891915,0,0,0,Maze1,const_contra_visual_rotation,0
1691600646236,-1.306308,0.219,0.8891915,0,0,0,Maze1,const_contra_visual_rotation,0
1691600646252,-1.29878,0.219,0.8891915,0,0,0,Maze1,const_contra_visual_rotation,0
1691600646286,-1.282555,0.219,0.8891915,0,0,0,Maze1,const_contra_visual_rotation,0
1691600646302,-1.274213,0.219,0.8891915,0,0,0,Maze1,const_contra_visual_rotation,0
1691600646318,-1.265871,0.219,0.8891915,0,0,0,Maze1,const_contra_visual_rotation,0
1691600646335,-1.257548,0.219,0.8891915,0,0,0,Maze1,const_contra_visual_rotation,0
1691600646352,-1.249225,0.219,0.8891915,0,0,0,Maze1,const_contra_visual_rotation,0
1691600646385,-1.232566,0.219,0.8891915,0,0,0,Maze1,const_contra_visual_rotation,0
1691600646402,-1.22422,0.219,0.8891915,0,0,0,Maze1,const_contra_visual_rotation,0
1691600646419,-1.215896,0.219,0.8891915,0,0,0,Maze1,const_contra_visual_rotation,0
1691600646435,-1.207573,0.219,0.8891915,0,0,0,Maze1,const_contra_visual_rotation,0
1691600646452,-1.199222,0.219,0.8891915,0,0,0,Maze1,const_contra_visual_rotation,0
1691600646485,-1.182576,0.219,0.8891915,0,0,0,Maze1,const_contra_visual_rotation,0
1691600646502,-1.17423,0.219,0.8891915,0,0,0,Maze1,const_contra_visual_rotation,0
1691600646518,-1.165906,0.219,0.8891915,0,0,0,Maze1,const_contra_visual_rotation,0
1691600646537,-1.157543,0.219,0.8891915,0,0,0,Maze1,const_contra_visual_rotation,0
1691600646552,-1.14922,0.219,0.8891915,0,0,0,Maze1,const_contra_visual_rotation,0
1691600646585,-1.132573,0.219,0.8891915,0,0,0,Maze1,const_contra_visual_rotation,0
1691600646602,-1.12425,0.219,0.8891915,0,0,0,Maze1,const_contra_visual_rotation,0
1691600646619,-1.115902,0.219,0.8891915,0,0,0,Maze1,const_contra_visual_rotation,0
1691600646636,-1.107579,0.219,0.8891915,0,0,0,Maze1,const_contra_visual_rotation,0
1691600646652,-1.099256,0.219,0.8891915,0,0,0,Maze1,const_contra_visual_rotation,0
1691600646686,-1.082576,0.219,0.8891915,0,0,0,Maze1,const_contra_visual_rotation,0
1691600646703,-1.074253,0.219,0.8891915,0,0,0,Maze1,const_contra_visual_rotation,0
1691600646719,-1.065918,0.219,0.8891915,0,0,0,Maze1,const_contra_visual_rotation,0
1691600646735,-1.057595,0.219,0.8891914,0,0,0,Maze1,const_contra_visual_rotation,0
1691600646753,-1.049272,0.219,0.8891914,0,0,0,Maze1,const_contra_visual_rotation,0
1691600646785,-1.03259,0.219,0.8891914,0,0,0,Maze1,const_contra_visual_rotation,0
1691600646802,-1.024266,0.219,0.8891914,0,0,0,Maze1,const_contra_visual_rotation,0
1691600646819,-1.015943,0.219,0.8891914,0,0,0,Maze1,const_contra_visual_rotation,0
1691600646836,-1.007592,0.219,0.8891914,0,0,0,Maze1,const_contra_visual_rotation,0
1691600646855,-0.9992684,0.219,0.8891914,0,0,0,Maze1,const_contra_visual_rotation,0
1691600646885,-0.9825949,0.219,0.8891914,0,0,0,Maze1,const_contra_visual_rotation,0
1691600646902,-0.9742717,0.219,0.8891914,0,0,0,Maze1,const_contra_visual_rotation,0
1691600646919,-0.9659485,0.219,0.8891914,0,0,0,Maze1,const_contra_visual_rotation,0
1691600646936,-0.9576048,0.219,0.8891914,0,0,0,Maze1,const_contra_visual_rotation,0
1691600646952,-0.9492816,0.219,0.8891914,0,0,0,Maze1,const_contra_visual_rotation,0
1691600646985,-0.9326248,0.219,0.8891914,0,0,0,Maze1,const_contra_visual_rotation,0
1691600647002,-0.9243015,0.219,0.8891914,0,0,0,Maze1,const_contra_visual_rotation,0
1691600647019,-0.9159442,0.219,0.8891914,0,0,0,Maze1,const_contra_visual_rotation,0
1691600647035,-0.9076209,0.219,0.8891914,0,0,0,Maze1,const_contra_visual_rotation,0
1691600647052,-0.8992977,0.219,0.8891914,0,0,0,Maze1,const_contra_visual_rotation,0
1691600647085,-0.8826391,0.219,0.8891914,0,0,0,Maze1,const_contra_visual_rotation,0
1691600647102,-0.8743158,0.219,0.8891914,0,0,0,Maze1,const_contra_visual_rotation,0
1691600647119,-0.8659586,0.219,0.8891914,0,0,0,Maze1,const_contra_visual_rotation,0
1691600647136,-0.8576353,0.219,0.8891914,0,0,0,Maze1,const_contra_visual_rotation,0
1691600647152,-0.8493121,0.219,0.8891914,0,0,0,Maze1,const_contra_visual_rotation,0
1691600647185,-0.8326434,0.219,0.8891914,0,0,0,Maze1,const_contra_visual_rotation,0
1691600647203,-0.8243042,0.219,0.8891914,0,0,0,Maze1,const_contra_visual_rotation,0
1691600647218,-0.815981,0.219,0.8891914,0,0,0,Maze1,const_contra_visual_rotation,0
1691600647235,-0.8076226,0.219,0.8891914,0,0,0,Maze1,const_contra_visual_rotation,0
1691600647252,-0.7992994,0.219,0.8891914,0,0,0,Maze1,const_contra_visual_rotation,0
1691600647285,-0.782653,0.219,0.8891914,0,0,0,Maze1,const_contra_visual_rotation,0
1691600647302,-0.7743297,0.219,0.8891914,0,0,0,Maze1,const_contra_visual_rotation,0
1691600647319,-0.7659906,0.219,0.8891914,0,0,0,Maze1,const_contra_visual_rotation,0
1691600647335,-0.7576674,0.219,0.8891914,0,0,0,Maze1,const_contra_visual_rotation,0
1691600647352,-0.749312,0.219,0.8891914,0,0,0,Maze1,const_contra_visual_rotation,0
1691600647385,-0.7326655,0.219,0.8891914,0,0,0,Maze1,const_contra_visual_rotation,0
1691600647402,-0.7243327,0.219,0.8891914,0,0,0,Maze1,const_contra_visual_rotation,0
1691600647419,-0.7159913,0.219,0.8891914,0,0,0,Maze1,const_contra_visual_rotation,0
1691600647435,-0.7076681,0.219,0.8891914,0,0,0,Maze1,const_contra_visual_rotation,0
1691600647452,-0.6993327,0.219,0.8891914,0,0,0,Maze1,const_contra_visual_rotation,0
1691600647486,-0.6826862,0.219,0.8891914,0,0,0,Maze1,const_contra_visual_rotation,0
1691600647502,-0.6743345,0.219,0.8891914,0,0,0,Maze1,const_contra_visual_rotation,0
1691600647518,-0.6660113,0.219,0.8891914,0,0,0,Maze1,const_contra_visual_rotation,0
1691600647535,-0.6576651,0.219,0.8891914,0,0,0,Maze1,const_contra_visual_rotation,0
1691600647552,-0.6493419,0.219,0.8891914,0,0,0,Maze1,const_contra_visual_rotation,0
1691600647585,-0.6326756,0.219,0.8891914,0,0,0,Maze1,const_contra_visual_rotation,0
1691600647604,-0.6243524,0.219,0.8891914,0,0,0,Maze1,const_contra_visual_rotation,0
1691600647619,-0.6160292,0.219,0.8891914,0,0,0,Maze1,const_contra_visual_rotation,0
1691600647635,-0.607706,0.219,0.8891914,0,0,0,Maze1,const_contra_visual_rotation,0
1691600647652,-0.599345,0.219,0.8891914,0,0,0,Maze1,const_contra_visual_rotation,0
1691600647685,-0.5826985,0.219,0.8891914,0,0,0,Maze1,const_contra_visual_rotation,0
1691600647702,-0.5743753,0.219,0.8891914,0,0,0,Maze1,const_contra_visual_rotation,0
1691600647718,-0.5660333,0.219,0.8891914,0,0,0,Maze1,const_contra_visual_rotation,0
1691600647735,-0.5577101,0.219,0.8891914,0,0,0,Maze1,const_contra_visual_rotation,0
1691600647752,-0.5493575,0.219,0.8891914,0,0,0,Maze1,const_contra_visual_rotation,0
1691600647786,-0.532711,0.219,0.8891914,0,0,0,Maze1,const_contra_visual_rotation,0
1691600647802,-0.5243721,0.219,0.8891914,0,0,0,Maze1,const_contra_visual_rotation,0
1691600647819,-0.5160377,0.219,0.8891914,0,0,0,Maze1,const_contra_visual_rotation,0
1691600647835,-0.5077145,0.219,0.8891914,0,0,0,Maze1,const_contra_visual_rotation,0
1691600647853,-0.4993804,0.219,0.8891914,0,0,0,Maze1,const_contra_visual_rotation,0
1691600647886,-0.4827175,0.219,0.8891914,0,0,0,Maze1,const_contra_visual_rotation,0
1691600647902,-0.474374,0.219,0.8891914,0,0,0,Maze1,const_contra_visual_rotation,0
1691600647918,-0.4660508,0.219,0.8891914,0,0,0,Maze1,const_contra_visual_rotation,0
1691600647935,-0.4577027,0.219,0.8891914,0,0,0,Maze1,const_contra_visual_rotation,0
1691600647952,-0.4493795,0.219,0.8891914,0,0,0,Maze1,const_contra_visual_rotation,0
1691600647985,-0.4327202,0.219,0.8891914,0,0,0,Maze1,const_contra_visual_rotation,0
1691600648002,-0.424397,0.219,0.8891914,0,0,0,Maze1,const_contra_visual_rotation,0
1691600648020,-0.4160519,0.219,0.8891914,0,0,0,Maze1,const_contra_visual_rotation,0
1691600648035,-0.4077286,0.219,0.8891914,0,0,0,Maze1,const_contra_visual_rotation,0
1691600648052,-0.3994054,0.219,0.8891914,0,0,0,Maze1,const_contra_visual_rotation,0
1691600648085,-0.3827358,0.219,0.8891914,0,0,0,Maze1,const_contra_visual_rotation,0
1691600648101,-0.3744126,0.219,0.8891914,0,0,0,Maze1,const_contra_visual_rotation,0
1691600648118,-0.36607,0.219,0.8891914,0,0,0,Maze1,const_contra_visual_rotation,0
1691600648135,-0.3577232,0.219,0.8891914,0,0,0,Maze1,const_contra_visual_rotation,0
1691600648152,-0.3494,0.219,0.8891914,0,0,0,Maze1,const_contra_visual_rotation,0
1691600648185,-0.33274,0.219,0.8891914,0,0,0,Maze1,const_contra_visual_rotation,0
1691600648202,-0.3244168,0.219,0.8891914,0,0,0,Maze1,const_contra_visual_rotation,0
1691600648218,-0.3160758,0.219,0.8891914,0,0,0,Maze1,const_contra_visual_rotation,0
1691600648235,-0.3077525,0.219,0.8891914,0,0,0,Maze1,const_contra_visual_rotation,0
1691600648251,-0.299414,0.219,0.8891914,0,0,0,Maze1,const_contra_visual_rotation,0
1691600648285,-0.2827457,0.219,0.8891914,0,0,0,Maze1,const_contra_visual_rotation,0
1691600648302,-0.2744224,0.219,0.8891914,0,0,0,Maze1,const_contra_visual_rotation,0
1691600648318,-0.2660992,0.219,0.8891914,0,0,0,Maze1,const_contra_visual_rotation,0
1691600648335,-0.257766,0.219,0.8891914,0,0,0,Maze1,const_contra_visual_rotation,0
1691600648352,-0.2494428,0.219,0.8891914,0,0,0,Maze1,const_contra_visual_rotation,0
1691600648385,-0.232768,0.219,0.8891914,0,0,0,Maze1,const_contra_visual_rotation,0
1691600648402,-0.2244448,0.219,0.8891914,0,0,0,Maze1,const_contra_visual_rotation,0
1691600648419,-0.2161029,0.219,0.8891914,0,0,0,Maze1,const_contra_visual_rotation,0
1691600648435,-0.2077797,0.219,0.8891914,0,0,0,Maze1,const_contra_visual_rotation,0
1691600648451,-0.1994396,0.219,0.8891914,0,0,0,Maze1,const_contra_visual_rotation,0
1691600648485,-0.1827784,0.219,0.8891914,0,0,0,Maze1,const_contra_visual_rotation,0
1691600648501,-0.1744552,0.219,0.8891914,0,0,0,Maze1,const_contra_visual_rotation,0
1691600648519,-0.1661176,0.219,0.8891914,0,0,0,Maze1,const_contra_visual_rotation,0
1691600648535,-0.1577843,0.219,0.8891914,0,0,0,Maze1,const_contra_visual_rotation,0
1691600648552,-0.1494611,0.219,0.8891914,0,0,0,Maze1,const_contra_visual_rotation,0
1691600648585,-0.1327906,0.219,0.8891914,0,0,0,Maze1,const_contra_visual_rotation,0
1691600648602,-0.1244674,0.219,0.8891914,0,0,0,Maze1,const_contra_visual_rotation,0
1691600648618,-0.1161441,0.219,0.8891914,0,0,0,Maze1,const_contra_visual_rotation,0
1691600648635,-0.1078209,0.219,0.8891914,0,0,0,Maze1,const_contra_visual_rotation,0
1691600648651,-0.09946495,0.219,0.8891914,0,0,0,Maze1,const_contra_visual_rotation,0
1691600648685,-0.08278835,0.219,0.8891914,0,0,0,Maze1,const_contra_visual_rotation,0
1691600648702,-0.07446512,0.219,0.8891914,0,0,0,Maze1,const_contra_visual_rotation,0
1691600648719,-0.06612495,0.219,0.8891914,0,0,0,Maze1,const_contra_visual_rotation,0
1691600648735,-0.05780172,0.219,0.8891913,0,0,0,Maze1,const_contra_visual_rotation,0
1691600648751,-0.0494785,0.219,0.8891913,0,0,0,Maze1,const_contra_visual_rotation,0
1691600648785,-0.0328117,0.219,0.8891913,0,0,0,Maze1,const_contra_visual_rotation,0
1691600648802,-0.02448848,0.219,0.8891913,0,0,0,Maze1,const_contra_visual_rotation,0
1691600648818,-0.01613886,0.219,0.8891913,0,0,0,Maze1,const_contra_visual_rotation,0
1691600648835,-0.007802805,0.219,0.8891913,0,0,0,Maze1,const_contra_visual_rotation,0
1691600648852,0.0005204212,0.219,0.8891913,0,0,0,Maze1,const_contra_visual_rotation,0
1691600648887,0.01719849,0.219,0.8891913,0,0,0,Maze1,const_contra_visual_rotation,0
1691600648902,0.02552172,0.219,0.8891913,0,0,0,Maze1,const_contra_visual_rotation,0
1691600648918,0.03384494,0.219,0.8891913,0,0,0,Maze1,const_contra_visual_rotation,0
1691600648935,0.04216817,0.219,0.8891913,0,0,0,Maze1,const_contra_visual_rotation,0
1691600648953,0.05050289,0.219,0.8891913,0,0,0,Maze1,const_contra_visual_rotation,0
1691600648984,0.06714934,0.219,0.8891913,0,0,0,Maze1,const_contra_visual_rotation,0
1691600649002,0.07549324,0.219,0.8891913,0,0,0,Maze1,const_contra_visual_rotation,0
1691600649019,0.08381646,0.219,0.8891913,0,0,0,Maze1,const_contra_visual_rotation,0
1691600649035,0.09213969,0.219,0.8891913,0,0,0,Maze1,const_contra_visual_rotation,0
1691600649052,0.1004924,0.219,0.8891913,0,0,0,Maze1,const_contra_visual_rotation,0
1691600649085,0.1171676,0.219,0.8891913,0,0,0,Maze1,const_contra_visual_rotation,0
1691600649102,0.1254909,0.219,0.8891913,0,0,0,Maze1,const_contra_visual_rotation,0
1691600649118,0.1338141,0.219,0.8891913,0,0,0,Maze1,const_contra_visual_rotation,0
1691600649135,0.1421504,0.219,0.8891913,0,0,0,Maze1,const_contra_visual_rotation,0
1691600649151,0.1504822,0.219,0.8891913,0,0,0,Maze1,const_contra_visual_rotation,0
1691600649185,0.1671416,0.219,0.8891913,0,0,0,Maze1,const_contra_visual_rotation,0
1691600649202,0.1754877,0.219,0.8891913,0,0,0,Maze1,const_contra_visual_rotation,0
1691600649218,0.1838217,0.219,0.8891913,0,0,0,Maze1,const_contra_visual_rotation,0
1691600649235,0.1921581,0.219,0.8891913,0,0,0,Maze1,const_contra_visual_rotation,0
1691600649252,0.2004813,0.219,0.8891913,0,0,0,Maze1,const_contra_visual_rotation,0
1691600649285,0.2171472,0.219,0.8891913,0,0,0,Maze1,const_contra_visual_rotation,0
1691600649302,0.2254704,0.219,0.8891913,0,0,0,Maze1,const_contra_visual_rotation,0
1691600649318,0.2338085,0.219,0.8891913,0,0,0,Maze1,const_contra_visual_rotation,0
1691600649335,0.2421317,0.219,0.8891913,0,0,0,Maze1,const_contra_visual_rotation,0
1691600649352,0.250455,0.219,0.8891913,0,0,0,Maze1,const_contra_visual_rotation,0
1691600649385,0.2671382,0.219,0.8891913,0,0,0,Maze1,const_contra_visual_rotation,0
1691600649402,0.2754614,0.219,0.8891913,0,0,0,Maze1,const_contra_visual_rotation,0
1691600649419,0.2837846,0.219,0.8891913,0,0,0,Maze1,const_contra_visual_rotation,0
1691600649435,0.2921319,0.219,0.8891913,0,0,0,Maze1,const_contra_visual_rotation,0
1691600649452,0.3004551,0.219,0.8891913,0,0,0,Maze1,const_contra_visual_rotation,0
1691600649485,0.3171288,0.219,0.8891913,0,0,0,Maze1,const_contra_visual_rotation,0
1691600649502,0.325452,0.219,0.8891913,0,0,0,Maze1,const_contra_visual_rotation,0
1691600649518,0.3337914,0.219,0.8891913,0,0,0,Maze1,const_contra_visual_rotation,0
1691600649535,0.3421146,0.219,0.8891913,0,0,0,Maze1,const_contra_visual_rotation,0
1691600649551,0.3504378,0.219,0.8891913,0,0,0,Maze1,const_contra_visual_rotation,0
1691600649585,0.3671126,0.219,0.8891913,0,0,0,Maze1,const_contra_visual_rotation,0
1691600649602,0.3754508,0.219,0.8891913,0,0,0,Maze1,const_contra_visual_rotation,0
1691600649617,0.383774,0.219,0.8891913,0,0,0,Maze1,const_contra_visual_rotation,0
1691600649635,0.3920973,0.219,0.8891913,0,0,0,Maze1,const_contra_visual_rotation,0
1691600649668,0.4087437,0.219,0.8891913,0,0,0,Maze1,const_contra_visual_rotation,0
1691600649685,0.4171011,0.219,0.8891913,0,0,0,Maze1,const_contra_visual_rotation,0
1691600649701,0.4254244,0.219,0.8891913,0,0,0,Maze1,const_contra_visual_rotation,0
1691600649718,0.4337573,0.219,0.8891913,0,0,0,Maze1,const_contra_visual_rotation,0
1691600649735,0.4420996,0.219,0.8891913,0,0,0,Maze1,const_contra_visual_rotation,0
1691600649768,0.4587554,0.219,0.8891913,0,0,0,Maze1,const_contra_visual_rotation,0
1691600649785,0.4670967,0.219,0.8891913,0,0,0,Maze1,const_contra_visual_rotation,0
1691600649801,0.4754199,0.219,0.8891913,0,0,0,Maze1,const_contra_visual_rotation,0
1691600649818,0.4837431,0.219,0.8891913,0,0,0,Maze1,const_contra_visual_rotation,0
1691600649835,0.4920752,0.219,0.8891913,0,0,0,Maze1,const_contra_visual_rotation,0
1691600649869,0.5087403,0.219,0.8891913,0,0,0,Maze1,const_contra_visual_rotation,0
1691600649885,0.5170636,0.219,0.8891913,0,0,0,Maze1,const_contra_visual_rotation,0
1691600649905,0.5254024,0.219,0.8891913,0,0,0,Maze1,const_contra_visual_rotation,0
1691600651168,-0.59,0.219,0.86,0,0,0,Maze4,const_contra_visual_rotation,6
1691600651202,-0.59,0.219,0.8520789,0,0,0,Maze4,const_contra_visual_rotation,0
1691600651218,-0.59,0.219,0.8379215,0,0,0,Maze4,const_contra_visual_rotation,0
1691600651234,-0.59,0.219,0.8312621,0,0,0,Maze4,const_contra_visual_rotation,0
1691600651251,-0.59,0.219,0.8250068,0,0,0,Maze4,const_contra_visual_rotation,0
1691600651267,-0.59,0.219,0.8191738,0,0,0,Maze4,const_contra_visual_rotation,0
1691600651283,-0.59,0.219,0.8137627,0,0,0,Maze4,const_contra_visual_rotation,0
1691600651317,-0.59,0.219,0.8041532,0,0,0,Maze4,const_contra_visual_rotation,0
1691600651334,-0.59,0.219,0.7999924,0,0,0,Maze4,const_contra_visual_rotation,0
1691600651350,-0.59,0.219,0.7962472,0,0,0,Maze4,const_contra_visual_rotation,0
1691600651367,-0.59,0.219,0.7929177,0,0,0,Maze4,const_contra_visual_rotation,0
1691600651384,-0.59,0.219,0.7900038,0,0,0,Maze4,const_contra_visual_rotation,0
1691600651418,-0.59,0.219,0.7854231,0,0,0,Maze4,const_contra_visual_rotation,0
1691600651434,-0.59,0.219,0.7837548,0,0,0,Maze4,const_contra_visual_rotation,0
1691600651451,-0.59,0.219,0.7824984,0,0,0,Maze4,const_contra_visual_rotation,0
1691600651467,-0.59,0.219,0.7816661,0,0,0,Maze4,const_contra_visual_rotation,0
1691600651484,-0.59,0.219,0.7812495,0,0,0,Maze4,const_contra_visual_rotation,0
1691600651518,-0.59,0.219,0.7812495,0,0,0,Maze4,const_contra_visual_rotation,0
1691600651534,-0.59,0.219,0.7812495,0,0,0,Maze4,const_contra_visual_rotation,0
1691600651551,-0.59,0.219,0.7808338,0,0,0,Maze4,const_contra_visual_rotation,0
1691600651568,-0.59,0.219,0.7800025,0,0,0,Maze4,const_contra_visual_rotation,0
1691600651584,-0.59,0.219,0.7787501,0,0,0,Maze4,const_contra_visual_rotation,0
1691600651618,-0.59,0.219,0.7750064,0,0,0,Maze4,const_contra_visual_rotation,0
1691600651634,-0.59,0.219,0.7725111,0,0,0,Maze4,const_contra_visual_rotation,0
1691600651651,-0.59,0.219,0.7695954,0,0,0,Maze4,const_contra_visual_rotation,0
1691600651668,-0.59,0.219,0.7662682,0,0,0,Maze4,const_contra_visual_rotation,0
1691600651684,-0.59,0.219,0.7625155,0,0,0,Maze4,const_contra_visual_rotation,0
1691600651717,-0.59,0.219,0.7537646,0,0,0,Maze4,const_contra_visual_rotation,0
1691600651734,-0.59,0.219,0.7487724,0,0,0,Maze4,const_contra_visual_rotation,0
1691600651750,-0.59,0.219,0.7433646,0,0,0,Maze4,const_contra_visual_rotation,0
1691600651767,-0.59,0.219,0.7375324,0,0,0,Maze4,const_contra_visual_rotation,0
1691600651784,-0.59,0.219,0.7312927,0,0,0,Maze4,const_contra_visual_rotation,0
1691600651818,-0.59,0.219,0.7175391,0,0,0,Maze4,const_contra_visual_rotation,0
1691600651834,-0.59,0.219,0.7100418,0,0,0,Maze4,const_contra_visual_rotation,0
1691600651850,-0.59,0.219,0.7021222,0,0,0,Maze4,const_contra_visual_rotation,0
1691600651867,-0.59,0.219,0.6937883,0,0,0,Maze4,const_contra_visual_rotation,0
1691600651884,-0.59,0.219,0.685465,0,0,0,Maze4,const_contra_visual_rotation,0
1691600651919,-0.59,0.219,0.6687931,0,0,0,Maze4,const_contra_visual_rotation,0
1691600651934,-0.59,0.219,0.6604698,0,0,0,Maze4,const_contra_visual_rotation,0
1691600651951,-0.59,0.219,0.6521466,0,0,0,Maze4,const_contra_visual_rotation,0
1691600651967,-0.59,0.219,0.6438144,0,0,0,Maze4,const_contra_visual_rotation,0
1691600651983,-0.59,0.219,0.6354805,0,0,0,Maze4,const_contra_visual_rotation,0
1691600652018,-0.59,0.219,0.6188189,0,0,0,Maze4,const_contra_visual_rotation,0
1691600652033,-0.59,0.219,0.6104867,0,0,0,Maze4,const_contra_visual_rotation,0
1691600652051,-0.59,0.219,0.6021492,0,0,0,Maze4,const_contra_visual_rotation,0
1691600652067,-0.59,0.219,0.5938259,0,0,0,Maze4,const_contra_visual_rotation,0
1691600652083,-0.59,0.219,0.5855027,0,0,0,Maze4,const_contra_visual_rotation,0
1691600652118,-0.59,0.219,0.5688263,0,0,0,Maze4,const_contra_visual_rotation,0
1691600652134,-0.59,0.219,0.5604881,0,0,0,Maze4,const_contra_visual_rotation,0
1691600652150,-0.59,0.219,0.5521649,0,0,0,Maze4,const_contra_visual_rotation,0
1691600652167,-0.59,0.219,0.5438417,0,0,0,Maze4,const_contra_visual_rotation,0
1691600652184,-0.59,0.219,0.5354695,0,0,0,Maze4,const_contra_visual_rotation,0
1691600652218,-0.59,0.219,0.5188231,0,0,0,Maze4,const_contra_visual_rotation,0
1691600652234,-0.59,0.219,0.5104998,0,0,0,Maze4,const_contra_visual_rotation,0
1691600652251,-0.59,0.219,0.5021474,0,0,0,Maze4,const_contra_visual_rotation,0
1691600652267,-0.59,0.219,0.4938242,0,0,0,Maze4,const_contra_visual_rotation,0
1691600652284,-0.59,0.219,0.485501,0,0,0,Maze4,const_contra_visual_rotation,0
1691600652318,-0.59,0.219,0.4688296,0,0,0,Maze4,const_contra_visual_rotation,0
1691600652335,-0.59,0.219,0.4605063,0,0,0,Maze4,const_contra_visual_rotation,0
1691600652351,-0.59,0.219,0.4521831,0,0,0,Maze4,const_contra_visual_rotation,0
1691600652367,-0.59,0.219,0.4438599,0,0,0,Maze4,const_contra_visual_rotation,0
1691600652384,-0.59,0.219,0.4355028,0,0,0,Maze4,const_contra_visual_rotation,0
1691600652417,-0.59,0.219,0.4188563,0,0,0,Maze4,const_contra_visual_rotation,0
1691600652433,-0.59,0.219,0.4105203,0,0,0,Maze4,const_contra_visual_rotation,0
1691600652451,-0.59,0.219,0.4021971,0,0,0,Maze4,const_contra_visual_rotation,0
1691600652467,-0.59,0.219,0.3938599,0,0,0,Maze4,const_contra_visual_rotation,0
1691600652484,-0.59,0.219,0.3855103,0,0,0,Maze4,const_contra_visual_rotation,0
1691600652518,-0.59,0.219,0.3688536,0,0,0,Maze4,const_contra_visual_rotation,0
1691600652533,-0.59,0.219,0.3605303,0,0,0,Maze4,const_contra_visual_rotation,0
1691600652550,-0.59,0.219,0.3521909,0,0,0,Maze4,const_contra_visual_rotation,0
1691600652567,-0.59,0.219,0.3438677,0,0,0,Maze4,const_contra_visual_rotation,0
1691600652584,-0.59,0.219,0.3355444,0,0,0,Maze4,const_contra_visual_rotation,0
1691600652618,-0.59,0.219,0.3188676,0,0,0,Maze4,const_contra_visual_rotation,0
1691600652634,-0.59,0.219,0.3105444,0,0,0,Maze4,const_contra_visual_rotation,0
1691600652651,-0.59,0.219,0.3022212,0,0,0,Maze4,const_contra_visual_rotation,0
1691600652667,-0.59,0.219,0.293898,0,0,0,Maze4,const_contra_visual_rotation,0
1691600652684,-0.59,0.219,0.2855567,0,0,0,Maze4,const_contra_visual_rotation,0
1691600652718,-0.59,0.219,0.2689102,0,0,0,Maze4,const_contra_visual_rotation,0
1691600652735,-0.59,0.219,0.2605594,0,0,0,Maze4,const_contra_visual_rotation,0
1691600652751,-0.59,0.219,0.252207,0,0,0,Maze4,const_contra_visual_rotation,0
1691600652768,-0.59,0.219,0.2438838,0,0,0,Maze4,const_contra_visual_rotation,0
1691600652785,-0.59,0.219,0.2355606,0,0,0,Maze4,const_contra_visual_rotation,0
1691600652818,-0.59,0.219,0.2188863,0,0,0,Maze4,const_contra_visual_rotation,0
1691600652834,-0.59,0.219,0.2105631,0,0,0,Maze4,const_contra_visual_rotation,0
1691600652851,-0.59,0.219,0.2022305,0,0,0,Maze4,const_contra_visual_rotation,0
1691600652868,-0.59,0.219,0.1939073,0,0,0,Maze4,const_contra_visual_rotation,0
1691600652884,-0.59,0.219,0.18556,0,0,0,Maze4,const_contra_visual_rotation,0
1691600652917,-0.59,0.219,0.1689002,0,0,0,Maze4,const_contra_visual_rotation,0
1691600652935,-0.59,0.219,0.160577,0,0,0,Maze4,const_contra_visual_rotation,0
1691600652950,-0.59,0.219,0.1522319,0,0,0,Maze4,const_contra_visual_rotation,0
1691600652968,-0.59,0.219,0.1439087,0,0,0,Maze4,const_contra_visual_rotation,0
1691600652985,-0.59,0.219,0.1355855,0,0,0,Maze4,const_contra_visual_rotation,0
1691600653018,-0.59,0.219,0.1189173,0,0,0,Maze4,const_contra_visual_rotation,0
1691600653034,-0.59,0.219,0.1105843,0,0,0,Maze4,const_contra_visual_rotation,0
1691600653051,-0.59,0.219,0.1022611,0,0,0,Maze4,const_contra_visual_rotation,0
1691600653067,-0.59,0.219,0.09391398,0,0,0,Maze4,const_contra_visual_rotation,0
1691600653084,-0.59,0.219,0.08557373,0,0,0,Maze4,const_contra_visual_rotation,0
1691600653117,-0.59,0.219,0.06892728,0,0,0,Maze4,const_contra_visual_rotation,0
1691600653133,-0.59,0.219,0.06060405,0,0,0,Maze4,const_contra_visual_rotation,0
1691600653151,-0.59,0.219,0.05226783,0,0,0,Maze4,const_contra_visual_rotation,0
1691600653167,-0.59,0.219,0.04391678,0,0,0,Maze4,const_contra_visual_rotation,0
1691600653185,-0.59,0.219,0.03559355,0,0,0,Maze4,const_contra_visual_rotation,0
1691600653217,-0.59,0.219,0.0189471,0,0,0,Maze4,const_contra_visual_rotation,0
1691600653234,-0.59,0.219,0.01062387,0,0,0,Maze4,const_contra_visual_rotation,0
1691600653250,-0.59,0.219,0.002280931,0,0,0,Maze4,const_contra_visual_rotation,0
1691600653267,-0.59,0.219,-0.006059569,0,0,0,Maze4,const_contra_visual_rotation,0
1691600653284,-0.59,0.219,-0.0143828,0,0,0,Maze4,const_contra_visual_rotation,0
1691600653317,-0.59,0.219,-0.0310453,0,0,0,Maze4,const_contra_visual_rotation,0
1691600653333,-0.59,0.219,-0.03936852,0,0,0,Maze4,const_contra_visual_rotation,0
1691600653350,-0.59,0.219,-0.04770857,0,0,0,Maze4,const_contra_visual_rotation,0
1691600653366,-0.59,0.219,-0.05604257,0,0,0,Maze4,const_contra_visual_rotation,0
1691600653383,-0.59,0.219,-0.06437982,0,0,0,Maze4,const_contra_visual_rotation,0
1691600653417,-0.59,0.219,-0.08102627,0,0,0,Maze4,const_contra_visual_rotation,0
1691600653433,-0.59,0.219,-0.0893495,0,0,0,Maze4,const_contra_visual_rotation,0
1691600653450,-0.59,0.219,-0.09771762,0,0,0,Maze4,const_contra_visual_rotation,0
1691600653466,-0.59,0.219,-0.10605,0,0,0,Maze4,const_contra_visual_rotation,0
1691600653483,-0.59,0.219,-0.1143732,0,0,0,Maze4,const_contra_visual_rotation,0
1691600653516,-0.59,0.219,-0.1310354,0,0,0,Maze4,const_contra_visual_rotation,0
1691600653533,-0.59,0.219,-0.1393586,0,0,0,Maze4,const_contra_visual_rotation,0
1691600653551,-0.59,0.219,-0.1476818,0,0,0,Maze4,const_contra_visual_rotation,0
1691600653566,-0.59,0.219,-0.1560051,0,0,0,Maze4,const_contra_visual_rotation,0
1691600653583,-0.5900001,0.219,-0.1643283,0,0,0,Maze4,const_contra_visual_rotation,0
1691600653617,-0.5900001,0.219,-0.1810101,0,0,0,Maze4,const_contra_visual_rotation,0
1691600653634,-0.5900001,0.219,-0.1893333,0,0,0,Maze4,const_contra_visual_rotation,0
1691600653650,-0.5900001,0.219,-0.1976906,0,0,0,Maze4,const_contra_visual_rotation,0
1691600653666,-0.5900001,0.219,-0.2060138,0,0,0,Maze4,const_contra_visual_rotation,0
1691600653684,-0.5900001,0.219,-0.214337,0,0,0,Maze4,const_contra_visual_rotation,0
1691600653717,-0.5900001,0.219,-0.2310173,0,0,0,Maze4,const_contra_visual_rotation,0
1691600653733,-0.5900001,0.219,-0.2393405,0,0,0,Maze4,const_contra_visual_rotation,0
1691600653750,-0.5900001,0.219,-0.2476812,0,0,0,Maze4,const_contra_visual_rotation,0
1691600653766,-0.5900001,0.219,-0.2560045,0,0,0,Maze4,const_contra_visual_rotation,0
1691600653783,-0.5900001,0.219,-0.2643277,0,0,0,Maze4,const_contra_visual_rotation,0
1691600653818,-0.5900001,0.219,-0.2809994,0,0,0,Maze4,const_contra_visual_rotation,0
1691600653833,-0.5900001,0.219,-0.2893226,0,0,0,Maze4,const_contra_visual_rotation,0
1691600653850,-0.5900001,0.219,-0.2976556,0,0,0,Maze4,const_contra_visual_rotation,0
1691600653866,-0.5900001,0.219,-0.3059788,0,0,0,Maze4,const_contra_visual_rotation,0
1691600653883,-0.5900001,0.219,-0.3143021,0,0,0,Maze4,const_contra_visual_rotation,0
1691600653917,-0.5900001,0.219,-0.3309751,0,0,0,Maze4,const_contra_visual_rotation,0
1691600653933,-0.5900001,0.219,-0.3392983,0,0,0,Maze4,const_contra_visual_rotation,0
1691600653950,-0.5900001,0.219,-0.3476426,0,0,0,Maze4,const_contra_visual_rotation,0
1691600653966,-0.5900001,0.219,-0.3559924,0,0,0,Maze4,const_contra_visual_rotation,0
1691600653983,-0.5900001,0.219,-0.3643156,0,0,0,Maze4,const_contra_visual_rotation,0
1691600654017,-0.5900001,0.219,-0.380962,0,0,0,Maze4,const_contra_visual_rotation,0
1691600654034,-0.5900001,0.219,-0.3892853,0,0,0,Maze4,const_contra_visual_rotation,0
1691600654052,-0.5900001,0.219,-0.3976403,0,0,0,Maze4,const_contra_visual_rotation,0
1691600654066,-0.5900001,0.219,-0.4059635,0,0,0,Maze4,const_contra_visual_rotation,0
1691600654084,-0.5900001,0.219,-0.4142868,0,0,0,Maze4,const_contra_visual_rotation,0
1691600654117,-0.5900001,0.219,-0.4309332,0,0,0,Maze4,const_contra_visual_rotation,0
1691600654134,-0.5900001,0.219,-0.4392565,0,0,0,Maze4,const_contra_visual_rotation,0
1691600654150,-0.5900001,0.219,-0.4475931,0,0,0,Maze4,const_contra_visual_rotation,0
1691600654167,-0.5900001,0.219,-0.4559253,0,0,0,Maze4,const_contra_visual_rotation,0
1691600654184,-0.5900001,0.219,-0.4642592,0,0,0,Maze4,const_contra_visual_rotation,0
1691600654217,-0.5900001,0.219,-0.4809436,0,0,0,Maze4,const_contra_visual_rotation,0
1691600654233,-0.5900001,0.219,-0.4892668,0,0,0,Maze4,const_contra_visual_rotation,0
1691600654251,-0.5900001,0.219,-0.4975901,0,0,0,Maze4,const_contra_visual_rotation,0
1691600654267,-0.5900001,0.219,-0.5059661,0,0,0,Maze4,const_contra_visual_rotation,0
1691600654284,-0.5900001,0.219,-0.5142893,0,0,0,Maze4,const_contra_visual_rotation,0
1691600654317,-0.5900001,0.219,-0.530965,0,0,0,Maze4,const_contra_visual_rotation,0
1691600654334,-0.5900001,0.219,-0.5392882,0,0,0,Maze4,const_contra_visual_rotation,0
1691600654350,-0.5900001,0.219,-0.5476334,0,0,0,Maze4,const_contra_visual_rotation,0
1691600654366,-0.5900001,0.219,-0.5559567,0,0,0,Maze4,const_contra_visual_rotation,0
1691600654383,-0.5900001,0.219,-0.5642799,0,0,0,Maze4,const_contra_visual_rotation,0
1691600654417,-0.5900001,0.219,-0.5805209,0,0,0,Maze4,const_contra_visual_rotation,0
1691600654434,-0.5900001,0.219,-0.5880128,0,0,0,Maze4,const_contra_visual_rotation,0
1691600654450,-0.5900001,0.219,-0.5951036,0,0,0,Maze4,const_contra_visual_rotation,0
1691600654467,-0.5900001,0.219,-0.6017632,0,0,0,Maze4,const_contra_visual_rotation,0
1691600654484,-0.5900001,0.219,-0.6080073,0,0,0,Maze4,const_contra_visual_rotation,0
1691600654517,-0.5900001,0.219,-0.619255,0,0,0,Maze4,const_contra_visual_rotation,0
1691600654533,-0.5900001,0.219,-0.6242515,0,0,0,Maze4,const_contra_visual_rotation,0
1691600654550,-0.5900001,0.219,-0.6288459,0,0,0,Maze4,const_contra_visual_rotation,0
1691600654566,-0.5900001,0.219,-0.6330097,0,0,0,Maze4,const_contra_visual_rotation,0
1691600654584,-0.5900001,0.219,-0.636758,0,0,0,Maze4,const_contra_visual_rotation,0
1691600654617,-0.5900001,0.219,-0.6430074,0,0,0,Maze4,const_contra_visual_rotation,0
1691600654634,-0.5900001,0.219,-0.6455117,0,0,0,Maze4,const_contra_visual_rotation,0
1691600654650,-0.5900001,0.219,-0.6476114,0,0,0,Maze4,const_contra_visual_rotation,0
1691600654667,-0.5900001,0.219,-0.6492804,0,0,0,Maze4,const_contra_visual_rotation,0
1691600654684,-0.5900001,0.219,-0.6505293,0,0,0,Maze4,const_contra_visual_rotation,0
1691600654718,-0.5900001,0.219,-0.6517799,0,0,0,Maze4,const_contra_visual_rotation,0
1691600654733,-0.5900001,0.219,-0.6517799,0,0,0,Maze4,const_contra_visual_rotation,0
1691600654750,-0.5900001,0.219,-0.6517799,0,0,0,Maze4,const_contra_visual_rotation,0
1691600654766,-0.5900001,0.219,-0.6517799,0,0,0,Maze4,const_contra_visual_rotation,0
1691600654784,-0.5900001,0.219,-0.6517799,0,0,0,Maze4,const_contra_visual_rotation,0
1691600654817,-0.5900001,0.219,-0.6517799,0,0,0,Maze4,const_contra_visual_rotation,0
1691600654834,-0.5900001,0.219,-0.6517799,0,0,0,Maze4,const_contra_visual_rotation,0
1691600654850,-0.5900001,0.219,-0.6517799,0,0,0,Maze4,const_contra_visual_rotation,0
1691600654867,-0.5900001,0.219,-0.6517799,0,0,0,Maze4,const_contra_visual_rotation,0
1691600654884,-0.5900001,0.219,-0.6517799,0,0,0,Maze4,const_contra_visual_rotation,0
1691600654917,-0.5900001,0.219,-0.6517799,0,0,0,Maze4,const_contra_visual_rotation,0
1691600654933,-0.5900001,0.219,-0.6517799,0,0,0,Maze4,const_contra_visual_rotation,0
1691600654950,-0.5900001,0.219,-0.6517799,0,0,0,Maze4,const_contra_visual_rotation,0
1691600654968,-0.5900001,0.219,-0.6517799,0,0,0,Maze4,const_contra_visual_rotation,0
1691600654984,-0.5900001,0.219,-0.6517799,0,0,0,Maze4,const_contra_visual_rotation,0
1691600655016,-0.5900001,0.219,-0.6517799,0,0,0,Maze4,const_contra_visual_rotation,0
1691600655033,-0.5900001,0.219,-0.6517799,0,0,0,Maze4,const_contra_visual_rotation,0
1691600655051,-0.5900001,0.219,-0.6517799,0,0,0,Maze4,const_contra_visual_rotation,0
1691600655067,-0.5900001,0.219,-0.6517799,0,0,0,Maze4,const_contra_visual_rotation,0
1691600655083,-0.5900001,0.219,-0.6517799,0,0,0,Maze4,const_contra_visual_rotation,0
1691600655117,-0.5900001,0.219,-0.6517799,0,0,0,Maze4,const_contra_visual_rotation,0
1691600655133,-0.5900001,0.219,-0.6517799,0,0,0,Maze4,const_contra_visual_rotation,0
1691600655150,-0.5900001,0.219,-0.6517799,0,0,0,Maze4,const_contra_visual_rotation,0
1691600655166,-0.5900001,0.219,-0.6517799,0,0,0,Maze4,const_contra_visual_rotation,0
1691600655183,-0.5900001,0.219,-0.6517799,0,0,0,Maze4,const_contra_visual_rotation,0
1691600655217,-0.5900001,0.219,-0.6517799,0,0,0,Maze4,const_contra_visual_rotation,0
1691600655234,-0.5900001,0.219,-0.6517799,0,0,0,Maze4,const_contra_visual_rotation,0
1691600655250,-0.5900001,0.219,-0.6517799,0,0,0,Maze4,const_contra_visual_rotation,0
1691600655267,-0.5900001,0.219,-0.6517799,0,0,0,Maze4,const_contra_visual_rotation,0
1691600655284,-0.5900001,0.219,-0.6517799,0,0,0,Maze4,const_contra_visual_rotation,0
1691600655316,-0.5900001,0.219,-0.6517799,0,0,0,Maze4,const_contra_visual_rotation,0
1691600655334,-0.5900001,0.219,-0.6517799,0,0,0,Maze4,const_contra_visual_rotation,0
1691600655350,-0.5900001,0.219,-0.6517799,0,0,0,Maze4,const_contra_visual_rotation,0
1691600655367,-0.5900001,0.219,-0.6517799,0,0,0,Maze4,const_contra_visual_rotation,0
1691600655384,-0.5900001,0.219,-0.6517799,0,0,0,Maze4,const_contra_visual_rotation,0
1691600655417,-0.5900001,0.219,-0.6517799,0,0,0,Maze4,const_contra_visual_rotation,0
1691600655433,-0.5900001,0.219,-0.6517799,0,0,0,Maze4,const_contra_visual_rotation,0
1691600655450,-0.5900001,0.219,-0.6517799,0,0,0,Maze4,const_contra_visual_rotation,0
1691600655466,-0.5900001,0.219,-0.6517799,0,0,0,Maze4,const_contra_visual_rotation,0
1691600655484,-0.5900001,0.219,-0.6517799,0,0,0,Maze4,const_contra_visual_rotation,0
1691600655517,-0.5900001,0.219,-0.6517799,0,0,0,Maze4,const_contra_visual_rotation,0
1691600655533,-0.5900001,0.219,-0.6517799,0,0,0,Maze4,const_contra_visual_rotation,0
1691600655551,-0.5900001,0.219,-0.6517799,0,0,0,Maze4,const_contra_visual_rotation,0
1691600655566,-0.5900001,0.219,-0.6517799,0,0,0,Maze4,const_contra_visual_rotation,0
1691600655584,-0.5900001,0.219,-0.6517799,0,0,0,Maze4,const_contra_visual_rotation,0
1691600655617,-0.5900001,0.219,-0.6517799,0,0,0,Maze4,const_contra_visual_rotation,0
1691600655634,-0.5900001,0.219,-0.6517799,0,0,0,Maze4,const_contra_visual_rotation,0
1691600655649,-0.5900001,0.219,-0.6517799,0,0,0,Maze4,const_contra_visual_rotation,0
1691600655667,-0.5900001,0.219,-0.6517799,0,0,0,Maze4,const_contra_visual_rotation,0
1691600655683,-0.5900001,0.219,-0.6517799,0,0,0,Maze4,const_contra_visual_rotation,0
1691600655717,-0.5900001,0.219,-0.6517799,0,0,0,Maze4,const_contra_visual_rotation,0
1691600655734,-0.5900001,0.219,-0.6517799,0,0,0,Maze4,const_contra_visual_rotation,0
1691600655749,-0.5900001,0.219,-0.6517799,0,0,0,Maze4,const_contra_visual_rotation,0
1691600655767,-0.5900001,0.219,-0.6517799,0,0,0,Maze4,const_contra_visual_rotation,0
1691600655783,-0.5900001,0.219,-0.6517799,0,0,0,Maze4,const_contra_visual_rotation,0
1691600655817,-0.5900001,0.219,-0.6517799,0,0,0,Maze4,const_contra_visual_rotation,0
1691600655834,-0.5900001,0.219,-0.6517799,0,0,0,Maze4,const_contra_visual_rotation,0
1691600655850,-0.5900001,0.219,-0.6517799,0,0,0,Maze4,const_contra_visual_rotation,0
1691600655866,-0.5900001,0.219,-0.6517799,0,0,0,Maze4,const_contra_visual_rotation,0
1691600655884,-0.5900001,0.219,-0.6517799,0,0,0,Maze4,const_contra_visual_rotation,0
1691600655916,-0.5900001,0.219,-0.6517799,0,0,0,Maze4,const_contra_visual_rotation,0
1691600655933,-0.5900001,0.219,-0.6517799,0,0,0,Maze4,const_contra_visual_rotation,0
1691600655950,-0.5900001,0.219,-0.6517799,0,0,0,Maze4,const_contra_visual_rotation,0
1691600655966,-0.5900001,0.219,-0.6517799,0,0,0,Maze4,const_contra_visual_rotation,0
1691600655984,-0.5900001,0.219,-0.6517799,0,0,0,Maze4,const_contra_visual_rotation,0
1691600656016,-0.5900001,0.219,-0.6517799,0,0,0,Maze4,const_contra_visual_rotation,0
1691600656034,-0.5900001,0.219,-0.6517799,0,0,0,Maze4,const_contra_visual_rotation,0
1691600656049,-0.5900001,0.219,-0.6517799,0,0,0,Maze4,const_contra_visual_rotation,0
1691600656066,-0.5900001,0.219,-0.6517799,0,0,0,Maze4,const_contra_visual_rotation,0
1691600656083,-0.5900001,0.219,-0.6517799,0,0,0,Maze4,const_contra_visual_rotation,0
1691600656117,-0.5900001,0.219,-0.6517799,0,0,0,Maze4,const_contra_visual_rotation,0
1691600656133,-0.5900001,0.219,-0.6517799,0,0,0,Maze4,const_contra_visual_rotation,0
1691600656149,-0.5900001,0.219,-0.6517799,0,0,0,Maze4,const_contra_visual_rotation,0
1691600656167,-0.5900001,0.219,-0.6517799,0,0,0,Maze4,const_contra_visual_rotation,0
1691600656183,-0.5900001,0.219,-0.6517799,0,0,0,Maze4,const_contra_visual_rotation,0
1691600656216,-0.5900001,0.219,-0.6517799,0,0,0,Maze4,const_contra_visual_rotation,0
1691600656234,-0.5900001,0.219,-0.6517799,0,0,0,Maze4,const_contra_visual_rotation,0
1691600656250,-0.5900001,0.219,-0.6517799,0,0,0,Maze4,const_contra_visual_rotation,0
1691600656266,-0.5900001,0.219,-0.6517799,0,0,0,Maze4,const_contra_visual_rotation,0
1691600656282,-0.5900001,0.219,-0.6517799,0,0,0,Maze4,const_contra_visual_rotation,0
1691600656317,-0.5900001,0.219,-0.6517799,0,0,0,Maze4,const_contra_visual_rotation,0
1691600656334,-0.5900001,0.219,-0.6517799,0,0,0,Maze4,const_contra_visual_rotation,0
1691600656350,-0.5900001,0.219,-0.6517799,0,0,0,Maze4,const_contra_visual_rotation,0
1691600656366,-0.5900001,0.219,-0.6517799,0,0,0,Maze4,const_contra_visual_rotation,0
1691600656384,-0.5900001,0.219,-0.6517799,0,0,0,Maze4,const_contra_visual_rotation,0
1691600656417,-0.5900001,0.219,-0.6517799,0,0,0,Maze4,const_contra_visual_rotation,0
1691600656434,-0.5900001,0.219,-0.6517799,0,0,0,Maze4,const_contra_visual_rotation,0
1691600656451,-0.5900001,0.219,-0.6517799,0,0,0,Maze4,const_contra_visual_rotation,0
1691600656466,-0.5900001,0.219,-0.6517799,0,0,0,Maze4,const_contra_visual_rotation,0
1691600656483,-0.5900001,0.219,-0.6517799,0,0,0,Maze4,const_contra_visual_rotation,0
1691600656517,-0.5900001,0.219,-0.6517799,0,0,0,Maze4,const_contra_visual_rotation,0
1691600656533,-0.5900001,0.219,-0.6517799,0,0,0,Maze4,const_contra_visual_rotation,0
1691600656550,-0.5900001,0.219,-0.6517799,0,0,0,Maze4,const_contra_visual_rotation,0
1691600656567,-0.5900001,0.219,-0.6517799,0,0,0,Maze4,const_contra_visual_rotation,0
1691600656583,-0.5900001,0.219,-0.6517799,0,0,0,Maze4,const_contra_visual_rotation,0
1691600656616,-0.5900001,0.219,-0.6517799,0,0,0,Maze4,const_contra_visual_rotation,0
1691600656632,-0.5900001,0.219,-0.6517799,0,0,0,Maze4,const_contra_visual_rotation,0
1691600656649,-0.5900001,0.219,-0.6517799,0,0,0,Maze4,const_contra_visual_rotation,0
1691600656666,-0.5900001,0.219,-0.6517799,0,0,0,Maze4,const_contra_visual_rotation,0
1691600656682,-0.5900001,0.219,-0.6517799,0,0,0,Maze4,const_contra_visual_rotation,0
1691600656717,-0.5900001,0.219,-0.6517799,0,0,0,Maze4,const_contra_visual_rotation,0
1691600656733,-0.5900001,0.219,-0.6517799,0,0,0,Maze4,const_contra_visual_rotation,0
1691600656750,-0.5900001,0.219,-0.6517799,0,0,0,Maze4,const_contra_visual_rotation,0
1691600656767,-0.5900001,0.219,-0.6517799,0,0,0,Maze4,const_contra_visual_rotation,0
1691600656783,-0.5900001,0.219,-0.6517799,0,0,0,Maze4,const_contra_visual_rotation,0
1691600656817,-0.5900001,0.219,-0.6517799,0,0,0,Maze4,const_contra_visual_rotation,0
1691600656834,-0.5900001,0.219,-0.6517799,0,0,0,Maze4,const_contra_visual_rotation,0
1691600656850,-0.5900001,0.219,-0.6517799,0,0,0,Maze4,const_contra_visual_rotation,0
1691600656868,-0.5900001,0.219,-0.6517799,0,0,0,Maze4,const_contra_visual_rotation,0
1691600656883,-0.5900001,0.219,-0.6517799,0,0,0,Maze4,const_contra_visual_rotation,0
1691600656918,-0.5900001,0.219,-0.6517799,0,0,0,Maze4,const_contra_visual_rotation,0
1691600656932,-0.5900001,0.219,-0.6517799,0,0,0,Maze4,const_contra_visual_rotation,0
1691600656950,-0.5900001,0.219,-0.6517799,0,0,0,Maze4,const_contra_visual_rotation,0
1691600656966,-0.5900001,0.219,-0.6517799,0,0,0,Maze4,const_contra_visual_rotation,0
1691600656983,-0.5900001,0.219,-0.6517799,0,0,0,Maze4,const_contra_visual_rotation,0
1691600657016,-0.5900001,0.219,-0.6517799,0,0,0,Maze4,const_contra_visual_rotation,0
1691600657032,-0.5900001,0.219,-0.6517799,0,0,0,Maze4,const_contra_visual_rotation,0
1691600657049,-0.5900001,0.219,-0.6517799,0,0,0,Maze4,const_contra_visual_rotation,0
1691600657066,-0.5900001,0.219,-0.6517799,0,0,0,Maze4,const_contra_visual_rotation,0
1691600657083,-0.5900001,0.219,-0.6517799,0,0,0,Maze4,const_contra_visual_rotation,0
1691600657117,-0.5900001,0.219,-0.6517799,0,0,0,Maze4,const_contra_visual_rotation,0
1691600657133,-0.5900001,0.219,-0.6517799,0,0,0,Maze4,const_contra_visual_rotation,0
1691600657149,-0.5900001,0.219,-0.6517799,0,0,0,Maze4,const_contra_visual_rotation,0
1691600657166,-0.5900001,0.219,-0.6517799,0,0,0,Maze4,const_contra_visual_rotation,0
1691600657183,-0.5900001,0.219,-0.6517799,0,0,0,Maze4,const_contra_visual_rotation,0
1691600657217,-0.5900001,0.219,-0.6517799,0,0,0,Maze4,const_contra_visual_rotation,0
1691600657233,-0.5900001,0.219,-0.6517799,0,0,0,Maze4,const_contra_visual_rotation,0
1691600657249,-0.5900001,0.219,-0.6517799,0,0,0,Maze4,const_contra_visual_rotation,0
1691600657266,-0.5900001,0.219,-0.6517799,0,0,0,Maze4,const_contra_visual_rotation,0
1691600657282,-0.5900001,0.219,-0.6517799,0,0,0,Maze4,const_contra_visual_rotation,0
1691600657317,-0.5900001,0.219,-0.6517799,0,0,0,Maze4,const_contra_visual_rotation,0
1691600657333,-0.5900001,0.219,-0.6517799,0,0,0,Maze4,const_contra_visual_rotation,0
1691600657349,-0.5900001,0.219,-0.6517799,0,0,0,Maze4,const_contra_visual_rotation,0
1691600657366,-0.5900001,0.219,-0.6517799,0,0,0,Maze4,const_contra_visual_rotation,0
1691600657383,-0.5900001,0.219,-0.6517799,0,0,0,Maze4,const_contra_visual_rotation,0
1691600657416,-0.5900001,0.219,-0.6517799,0,0,0,Maze4,const_contra_visual_rotation,0
1691600657434,-0.5900001,0.219,-0.6517799,0,0,0,Maze4,const_contra_visual_rotation,0
1691600657449,-0.5900001,0.219,-0.6517799,0,0,0,Maze4,const_contra_visual_rotation,0
1691600657467,-0.5900001,0.219,-0.6517799,0,0,0,Maze4,const_contra_visual_rotation,0
1691600657483,-0.5900001,0.219,-0.6517799,0,0,0,Maze4,const_contra_visual_rotation,0
1691600657518,-0.5900001,0.219,-0.6517799,0,0,0,Maze4,const_contra_visual_rotation,0
1691600657532,-0.5900001,0.219,-0.6517799,0,0,0,Maze4,const_contra_visual_rotation,0
1691600657550,-0.5900001,0.219,-0.6517799,0,0,0,Maze4,const_contra_visual_rotation,0
1691600657567,-0.5900001,0.219,-0.6517799,0,0,0,Maze4,const_contra_visual_rotation,0
1691600657583,-0.5900001,0.219,-0.6517799,0,0,0,Maze4,const_contra_visual_rotation,0
1691600657617,-0.5900001,0.219,-0.6517799,0,0,0,Maze4,const_contra_visual_rotation,0
1691600657633,-0.5900001,0.219,-0.6517799,0,0,0,Maze4,const_contra_visual_rotation,0
1691600657650,-0.5900001,0.219,-0.6517799,0,0,0,Maze4,const_contra_visual_rotation,0
