maze_type,condition,collision_number,success_maze,completion_time
Maze4,const_contra_audio2,0,1,15.23337
Maze3,const_contra_visual,5,1,30.41013
Maze2,contra_visual,3,1,25.51126
Maze3,const_contra_audio2,0,1,15.28011
Maze1,all,0,1,11.13094
Maze2,contra_audio,0,1,14.33029
Maze4,const_contra_visual,1,1,23.49503
Maze1,contra_audio,4,1,33.42616
Maze2,all,3,1,20.31233
Maze1,const_contra_visual,0,1,22.0786
Maze3,contra_visual,3,1,17.89612
Maze1,visual_only,0,1,14.78021
Maze3,invisible,7,1,78.20003
Maze4,contra_audio,0,1,13.13049
Maze2,const_contra_audio2,2,1,17.39627
Maze3,audio_only,7,1,45.82355
Maze4,all,0,1,12.04745
Maze1,contra_visual,3,1,12.41406
Maze3,all,0,1,15.57999
Maze2,invisible,4,1,58.15433
Maze1,audio_only,0,1,16.11322
Maze4,visual_only,0,1,14.1637
Maze3,contra_audio,0,1,16.02985
Maze2,audio_only,0,1,43.00751
Maze4,contra_visual,1,1,14.74695
Maze2,const_contra_visual,3,1,41.08826
Maze1,invisible,0,1,14.21362
Maze2,visual_only,0,1,13.81372
Maze4,audio_only,0,1,18.44623
Maze3,visual_only,0,1,14.11365
Maze4,invisible,1,1,17.52954
Maze1,const_contra_audio2,0,1,12.79724
