maze_type,condition,collision_number,success_maze,completion_time
Maze1,contra_visual,0,1,17.26645
Maze4,all,0,1,13.46379
Maze3,const_contra_visual,0,1,28.79381
Maze1,invisible,0,1,14.69685
Maze4,contra_audio,0,1,12.69736
Maze1,const_contra_audio2,0,1,10.76434
Maze3,contra_visual,3,1,19.41248
Maze2,contra_audio,0,1,15.74664
Maze4,contra_visual,0,1,13.41377
Maze3,contra_audio,0,1,17.71289
Maze4,const_contra_visual,0,1,16.19649
Maze2,invisible,1,1,68.3187
Maze3,const_contra_audio2,0,1,18.57932
Maze1,visual_only,0,1,12.63052
Maze4,invisible,0,1,16.86295
Maze2,all,0,1,17.59622
Maze1,audio_only,0,1,16.3465
Maze4,visual_only,0,1,12.93057
Maze1,all,0,1,11.24759
Maze2,visual_only,0,1,14.94678
Maze4,audio_only,0,1,20.21231
Maze2,const_contra_visual,2,1,44.4071
Maze4,const_contra_audio2,0,1,13.21384
Maze2,audio_only,0,1,31.57657
Maze3,invisible,0,1,60.60376
Maze2,contra_visual,6,1,27.07745
Maze1,contra_audio,0,1,11.51416
Maze3,all,0,1,17.07965
Maze2,const_contra_audio2,0,1,17.07965
Maze3,audio_only,0,1,29.31042
Maze1,const_contra_visual,0,1,13.63049
Maze3,visual_only,1,1,18.69592
