maze_type,condition,collision_number,success_maze,completion_time
Maze2,visual_only,0,1,27.43091
Maze1,const_contra_audio2,0,1,21.19543
Maze2,const_contra_visual,0,1,90.81506
Maze4,visual_only,0,1,25.71155
Maze2,invisible,3,0,120.1577
Maze4,const_contra_visual,0,1,28.46057
Maze3,all,0,1,19.66248
Maze1,const_contra_visual,0,1,19.44604
Maze3,const_contra_audio2,0,1,19.57922
Maze4,invisible,0,1,21.74536
Maze2,audio_only,2,0,120.9576
Maze3,visual_only,0,1,19.32922
Maze2,contra_visual,4,0,120.5751
Maze1,invisible,0,1,19.3125
Maze4,contra_audio,0,1,19.92896
Maze3,audio_only,0,1,44.42371
Maze2,contra_audio,3,1,19.57922
Maze4,audio_only,1,1,72.91785
Maze3,const_contra_visual,2,1,29.06055
Maze1,audio_only,0,1,105.011
Maze3,invisible,1,1,27.62744
Maze1,all,0,1,18.29614
Maze3,contra_audio,0,1,18.82935
Maze2,const_contra_audio2,6,1,15.08032
Maze1,contra_visual,0,1,28.6106
Maze4,all,0,1,15.72998
Maze3,contra_visual,0,1,27.57788
Maze4,const_contra_audio2,4,1,16.24658
Maze1,visual_only,3,1,16.04639
Maze4,contra_visual,0,1,18.0127
Maze1,contra_audio,2,1,18.6958
Maze2,all,2,1,13.43042
