maze_type, audio_type, collision_number,success_maze,completion_time
Maze1,Cartoon,4,1,18.03619
maze_type, audio_type, collision_number,success_maze,completion_time
maze_type, audio_type, collision_number,success_maze,completion_time
maze_type, audio_type, collision_number,success_maze,completion_time
Maze1,Cartoon,0,1,20.26884
Maze2,Cartoon,10,1,18.02502
maze_type, audio_type, collision_number,success_maze,completion_time
Maze1,Cartoon,0,1,0
Maze2,Cartoon,5,1,75.58674
Maze3,Cartoon,5,1,20.62566
Maze4,Cartoon,3,1,21.81413
Maze1,Cartoon,0,1,17.59033
maze_type, audio_type, collision_number,success_maze,completion_time
Maze1,Cartoon,0,1,12.81745
Maze2,Cartoon,3,1,18.28025
Maze3,Cartoon,5,1,97.63271
Maze4,Cartoon,21,1,91.52963
Maze1,Cartoon,0,1,9.084259
Maze2,Cartoon,3,1,12.7348
maze_type, audio_type, collision_number,success_maze,completion_time
Maze1,Cartoon,0,0,275.3682
Maze2,Cartoon,0,1,275.3682
Maze3,Cartoon,3,1,15.2883
Maze4,Cartoon,0,1,11.93567
Maze1,Cartoon,22,0,120.0668
Maze2,Cartoon,0,1,120.0668
maze_type, audio_type, collision_number,success_maze,completion_time
maze_type, audio_type, collision_number,success_maze,completion_time
Maze1,audio_only,8,0,120.631
Maze2,visual_only,2,1,11.18101
Maze3,contra_visual,1,1,10.10979
Maze4,contra_audio,3,1,9.654266
Maze2,visual_only,0,1,8.898941
Maze3,contra_visual,0,1,9.307037
Maze4,contra_audio,3,1,8.608093
maze_type, audio_type, collision_number,success_maze,completion_time
